is_working_pct;Run;Denounce;Females;Got attacked;Stress
0.1;0;78;1196;216;0.03116122133395809
0.1;1;63;1185;186;0.031099560111118547
0.1;2;63;1248;184;0.03003997090847595
0.1;3;70;1205;213;0.03024382330742816
0.1;4;80;1207;214;0.028311374703422654
0.1;5;80;1193;180;0.02995227762111628
0.1;6;61;1199;180;0.029858990450035944
0.1;7;77;1258;217;0.02948448255215738
0.1;8;74;1253;198;0.029737703027845102
0.1;9;65;1234;213;0.029445083855692604
0.1;10;76;1186;193;0.03021223980490262
0.1;11;78;1193;225;0.030097986406743098
0.1;12;71;1239;207;0.03067102996808681
0.1;13;60;1238;187;0.029568005153698743
0.1;14;83;1205;231;0.03032415561622906
0.1;15;59;1212;192;0.030153429120721324
0.1;16;67;1211;206;0.030041167199574836
0.1;17;75;1223;180;0.029851729735373304
0.1;18;58;1196;185;0.03061202982159983
0.1;19;81;1223;225;0.02986511541716185
0.1;20;70;1229;216;0.030185500931634475
0.1;21;83;1197;217;0.030176608271432512
0.1;22;69;1223;203;0.02968793750279215
0.1;23;78;1242;234;0.02965419564805792
0.1;24;58;1213;152;0.030652684716509733
0.1;25;72;1227;208;0.030050551509677344
0.1;26;73;1210;210;0.03051749305199294
0.1;27;78;1197;226;0.02976684761853484
0.1;28;70;1239;194;0.029739755235622025
0.1;29;80;1207;197;0.030155552257946628
0.1;30;69;1238;210;0.030775333978567177
0.1;31;72;1224;200;0.030129965728302698
0.1;32;60;1264;195;0.02864951284891716
0.1;33;60;1194;184;0.029744351601192605
0.1;34;73;1189;186;0.03141302392203325
0.1;35;61;1176;192;0.030463212557453948
0.1;36;69;1203;198;0.030902441691949112
0.1;37;74;1180;201;0.03048873644806174
0.1;38;68;1234;183;0.03008046463123585
0.1;39;76;1226;203;0.028980204281557186
0.1;40;69;1217;207;0.029907818537414733
0.1;41;61;1168;200;0.030973620619849932
0.1;42;71;1214;221;0.029651136638682983
0.1;43;67;1227;201;0.02890837669628621
0.1;44;71;1225;204;0.029495690799573863
0.1;45;64;1212;198;0.02990473018298459
0.1;46;74;1178;179;0.0299446295366743
0.1;47;71;1212;209;0.03061599405430752
0.1;48;73;1238;182;0.030003194957200705
0.1;49;77;1216;202;0.030073282559323074
0.1;50;89;1219;215;0.030270139202165664
0.1;51;73;1223;206;0.030170025746643576
0.1;52;80;1182;208;0.030697452495052915
0.1;53;74;1214;181;0.03022070036074117
0.1;54;67;1268;191;0.030703350500872393
0.1;55;82;1240;215;0.03017579327004539
0.1;56;72;1224;218;0.02916663052195773
0.1;57;69;1198;209;0.02982314263312387
0.1;58;73;1275;203;0.029944079242620148
0.1;59;82;1256;204;0.030315373685514947
0.1;60;79;1271;198;0.029665530832484972
0.1;61;64;1250;201;0.03071681988565028
0.1;62;90;1215;205;0.029674838732847715
0.1;63;68;1197;177;0.029368797187594733
0.1;64;65;1202;185;0.031467952813555515
0.1;65;90;1204;237;0.02996827854656913
0.1;66;71;1266;199;0.0293864627189786
0.1;67;82;1196;245;0.02929271168831534
0.1;68;76;1208;205;0.030110576067507996
0.1;69;59;1202;177;0.030332878943604896
0.1;70;71;1287;206;0.030400792810300507
0.1;71;65;1197;201;0.029684169158344625
0.1;72;71;1215;211;0.02938407310710386
0.1;73;72;1210;203;0.030845125211435082
0.1;74;65;1225;208;0.02991734380014213
0.1;75;64;1225;183;0.030312048537673813
0.1;76;74;1248;204;0.030563026579204167
0.1;77;82;1250;199;0.029565627309292058
0.1;78;78;1218;192;0.030307308364365147
0.1;79;79;1205;192;0.02913578298322927
0.1;80;79;1205;200;0.02989869950514663
0.1;81;62;1205;196;0.029985441154424648
0.1;82;71;1202;236;0.030568017449858893
0.1;83;78;1226;201;0.03096125870150029
0.1;84;63;1273;175;0.029755048381505562
0.1;85;69;1219;195;0.030207914689879
0.1;86;75;1219;229;0.02870012208463625
0.1;87;72;1237;218;0.03173746547265182
0.1;88;76;1201;208;0.029511161004869363
0.1;89;82;1195;204;0.030429851435954558
0.1;90;78;1223;218;0.03047730798246433
0.1;91;74;1197;212;0.029945656637270935
0.1;92;56;1249;203;0.030155558112421738
0.1;93;55;1203;173;0.02964747379169688
0.1;94;95;1230;233;0.03011917268849804
0.1;95;74;1184;195;0.029676109190588128
0.1;96;70;1194;207;0.03010829131791625
0.1;97;73;1244;199;0.029034767986287582
0.1;98;68;1165;205;0.02892274619028916
0.1;99;83;1237;237;0.030804476088638816
0.1;100;67;1253;209;0.030259998124762426
0.1;101;70;1213;212;0.029677680531735053
0.1;102;81;1192;207;0.03050746120956506
0.1;103;80;1242;224;0.030130338943156275
0.1;104;61;1230;199;0.030738765465611995
0.1;105;56;1240;207;0.029238574560081863
0.1;106;67;1232;189;0.030462022139584374
0.1;107;75;1208;181;0.029590784173016953
0.1;108;74;1204;194;0.030348963972038037
0.1;109;72;1211;229;0.030584242959000096
0.1;110;83;1248;222;0.02968993552725345
0.1;111;58;1218;177;0.028921150839412345
0.1;112;74;1242;183;0.030983579524550383
0.1;113;80;1224;226;0.031185969835634562
0.1;114;62;1187;216;0.029938086358202467
0.1;115;79;1195;198;0.02964855436287998
0.1;116;81;1270;219;0.029985475698887445
0.1;117;78;1212;237;0.030041510783242055
0.1;118;66;1230;219;0.03132112690803111
0.1;119;64;1190;195;0.029339756743558546
0.1;120;65;1258;199;0.030105054726528427
0.1;121;81;1219;216;0.029710919734190898
0.1;122;89;1232;226;0.03083496958024734
0.1;123;76;1231;203;0.030864084172599122
0.1;124;67;1201;214;0.029944265789212485
0.1;125;66;1219;207;0.029583555442706345
0.1;126;78;1263;218;0.029782092798772246
0.1;127;73;1211;215;0.030200395307348672
0.1;128;62;1257;201;0.029439808666293414
0.1;129;73;1230;194;0.02964635914729706
0.1;130;76;1196;202;0.03062676451189067
0.1;131;67;1236;204;0.02908091070957533
0.1;132;79;1201;215;0.030548290268052895
0.1;133;79;1291;236;0.030031019772288087
0.1;134;65;1260;189;0.029797290198116458
0.1;135;73;1215;187;0.02979718986487442
0.1;136;63;1254;196;0.02963786327675167
0.1;137;64;1217;188;0.0292699284471331
0.1;138;76;1198;211;0.030054471164648853
0.1;139;54;1216;185;0.029365027845154046
0.1;140;73;1242;180;0.0291789825634324
0.1;141;71;1226;212;0.029837412626367948
0.1;142;77;1222;212;0.030789431052401166
0.1;143;65;1179;177;0.029246001157536058
0.1;144;74;1229;187;0.030436596310988193
0.1;145;69;1215;184;0.029625552430573035
0.1;146;76;1251;206;0.029076198692114145
0.1;147;74;1240;199;0.030359763544928805
0.1;148;88;1267;232;0.03000579609018291
0.1;149;59;1200;177;0.029278848907687765
0.1;150;59;1191;170;0.028657199262495044
0.1;151;70;1210;189;0.02970830196507352
0.1;152;65;1255;180;0.030890364057376662
0.1;153;81;1233;204;0.0295490741429799
0.1;154;70;1220;192;0.029861548735089005
0.1;155;81;1195;226;0.03070351676344176
0.1;156;63;1190;181;0.02881055068160468
0.1;157;53;1212;183;0.030240975940059825
0.1;158;73;1226;212;0.030374678824305456
0.1;159;76;1236;204;0.03133312243427407
0.1;160;77;1246;213;0.03018550697586811
0.1;161;72;1245;198;0.0290003008804946
0.1;162;54;1234;195;0.03052808580149556
0.1;163;71;1211;189;0.03023419257559939
0.1;164;70;1202;210;0.028529046285794713
0.1;165;71;1229;221;0.02952166767250815
0.1;166;63;1140;180;0.03016210137794559
0.1;167;76;1183;218;0.029547433201112576
0.1;168;73;1213;196;0.02999230747814169
0.1;169;67;1167;190;0.03035323744121857
0.1;170;74;1248;211;0.030614634177956825
0.1;171;61;1182;187;0.02975732099123946
0.1;172;58;1210;180;0.030778239561824842
0.1;173;70;1224;195;0.02911182771719856
0.1;174;70;1218;199;0.02978689713721665
0.1;175;57;1216;195;0.029962712509371398
0.1;176;69;1206;176;0.02904867903859938
0.1;177;77;1218;191;0.030593395171819162
0.1;178;71;1257;214;0.029469429908820854
0.1;179;81;1241;194;0.02941037154634213
0.1;180;72;1189;198;0.03025887175463144
0.1;181;69;1193;211;0.03009846965831882
0.1;182;77;1221;199;0.0297412718518426
0.1;183;74;1270;218;0.030440966358665795
0.1;184;74;1206;209;0.02978226355291327
0.1;185;70;1214;184;0.030582072312044326
0.1;186;62;1221;172;0.029792341573120166
0.1;187;77;1274;218;0.03058428889387191
0.1;188;85;1216;225;0.03053576889638642
0.1;189;64;1246;200;0.030767669540249322
0.1;190;66;1229;201;0.029882430376789997
0.1;191;80;1232;207;0.030104942979139702
0.1;192;63;1244;194;0.030225901670102553
0.1;193;64;1252;214;0.029341755822831415
0.1;194;72;1193;197;0.030396201785575234
0.1;195;79;1181;200;0.030811060838865485
0.1;196;76;1188;222;0.030142947029374777
0.1;197;76;1233;183;0.029427330382483803
0.1;198;67;1195;195;0.03016400550931606
0.1;199;80;1226;197;0.03005362481477365
0.2142857142857143;200;71;1256;182;0.029533017199245122
0.2142857142857143;201;77;1206;207;0.03073579535974316
0.2142857142857143;202;71;1214;174;0.029220024709515843
0.2142857142857143;203;66;1178;177;0.029593359411494106
0.2142857142857143;204;64;1255;198;0.03041720763515087
0.2142857142857143;205;85;1261;216;0.02990748642012145
0.2142857142857143;206;57;1245;192;0.03075000119178609
0.2142857142857143;207;62;1193;193;0.02934390528075447
0.2142857142857143;208;76;1226;210;0.029994768019086106
0.2142857142857143;209;55;1222;193;0.02768145697088224
0.2142857142857143;210;78;1189;220;0.030169637333339626
0.2142857142857143;211;69;1195;184;0.03002253341650436
0.2142857142857143;212;66;1218;196;0.030102547356136704
0.2142857142857143;213;79;1197;201;0.030268436060913492
0.2142857142857143;214;76;1204;199;0.030251581675863243
0.2142857142857143;215;90;1258;226;0.029720618067243857
0.2142857142857143;216;59;1243;178;0.030195312837618497
0.2142857142857143;217;61;1187;177;0.029150305775556568
0.2142857142857143;218;92;1188;258;0.029907949373558663
0.2142857142857143;219;89;1264;206;0.029494180000835965
0.2142857142857143;220;81;1210;214;0.03176253007509012
0.2142857142857143;221;70;1191;183;0.029562825650304787
0.2142857142857143;222;69;1183;199;0.030731651611450417
0.2142857142857143;223;73;1232;197;0.02947319748135419
0.2142857142857143;224;62;1159;214;0.029311371615335875
0.2142857142857143;225;52;1164;175;0.029539773459772448
0.2142857142857143;226;81;1239;209;0.029175044918572587
0.2142857142857143;227;84;1243;207;0.03046331966029598
0.2142857142857143;228;78;1223;223;0.030577542328423506
0.2142857142857143;229;78;1221;220;0.029722206548028637
0.2142857142857143;230;74;1195;224;0.030257806095671247
0.2142857142857143;231;77;1247;212;0.03019631903636713
0.2142857142857143;232;67;1207;189;0.030210980823780657
0.2142857142857143;233;59;1198;189;0.0301071291808388
0.2142857142857143;234;62;1183;193;0.029968988207433763
0.2142857142857143;235;64;1203;170;0.029870201313953702
0.2142857142857143;236;64;1238;192;0.030963814344072894
0.2142857142857143;237;69;1233;171;0.03004744067071135
0.2142857142857143;238;67;1174;175;0.03039424286917889
0.2142857142857143;239;70;1258;205;0.030172098748136193
0.2142857142857143;240;67;1205;196;0.0300623620969105
0.2142857142857143;241;73;1257;215;0.0299321554362556
0.2142857142857143;242;69;1248;206;0.029648269443901462
0.2142857142857143;243;66;1217;188;0.030016771482489785
0.2142857142857143;244;71;1167;205;0.029837485182702093
0.2142857142857143;245;70;1217;197;0.029636154193044727
0.2142857142857143;246;64;1219;199;0.030982119394797086
0.2142857142857143;247;93;1213;247;0.029193475762815894
0.2142857142857143;248;52;1198;172;0.029908729823654823
0.2142857142857143;249;74;1214;181;0.02961163768172963
0.2142857142857143;250;89;1195;224;0.030260673813193858
0.2142857142857143;251;77;1213;197;0.02997819487502876
0.2142857142857143;252;71;1167;167;0.030326383796335073
0.2142857142857143;253;73;1143;193;0.029430575585590958
0.2142857142857143;254;93;1219;230;0.029490446472860178
0.2142857142857143;255;66;1239;206;0.030338189739744004
0.2142857142857143;256;71;1228;220;0.031135337098986963
0.2142857142857143;257;74;1241;226;0.030934280551205385
0.2142857142857143;258;60;1213;208;0.03082750663946324
0.2142857142857143;259;73;1230;189;0.030218467349133644
0.2142857142857143;260;71;1245;197;0.029279859216579083
0.2142857142857143;261;72;1188;192;0.030686697732110482
0.2142857142857143;262;79;1186;211;0.031067733937360092
0.2142857142857143;263;77;1224;197;0.02843616656835033
0.2142857142857143;264;81;1181;224;0.030423048429422637
0.2142857142857143;265;72;1198;192;0.030321917723208556
0.2142857142857143;266;75;1169;195;0.02998594205852997
0.2142857142857143;267;60;1225;189;0.03048841939572299
0.2142857142857143;268;74;1244;209;0.03070010510808696
0.2142857142857143;269;60;1229;193;0.029327870932439316
0.2142857142857143;270;76;1174;210;0.02985593198024335
0.2142857142857143;271;58;1207;194;0.029927868177931166
0.2142857142857143;272;86;1262;210;0.029688776991711973
0.2142857142857143;273;69;1186;190;0.030254747726566375
0.2142857142857143;274;74;1234;226;0.029703991068817756
0.2142857142857143;275;63;1248;192;0.030389688005638616
0.2142857142857143;276;79;1262;207;0.031059924518440207
0.2142857142857143;277;82;1200;234;0.029978606125684516
0.2142857142857143;278;76;1224;222;0.029997496345513113
0.2142857142857143;279;72;1204;197;0.030903520302706378
0.2142857142857143;280;70;1210;192;0.028962543413052603
0.2142857142857143;281;73;1175;204;0.03174125622896625
0.2142857142857143;282;79;1178;211;0.03048610013910161
0.2142857142857143;283;78;1208;216;0.029753750823179808
0.2142857142857143;284;79;1213;186;0.029312625820995405
0.2142857142857143;285;91;1228;245;0.03039860167120743
0.2142857142857143;286;81;1192;217;0.0292231525550077
0.2142857142857143;287;65;1209;177;0.03007474794131301
0.2142857142857143;288;59;1194;211;0.029981982457756393
0.2142857142857143;289;87;1209;211;0.029043905780958584
0.2142857142857143;290;78;1207;228;0.031156973000909784
0.2142857142857143;291;82;1212;199;0.02937499902185861
0.2142857142857143;292;82;1236;188;0.03048919556257856
0.2142857142857143;293;79;1273;204;0.028992061419708094
0.2142857142857143;294;81;1222;212;0.030241737177932528
0.2142857142857143;295;67;1249;178;0.028574436694761594
0.2142857142857143;296;71;1166;211;0.030292952973784152
0.2142857142857143;297;74;1191;209;0.029407048329574612
0.2142857142857143;298;78;1220;188;0.029344075667025776
0.2142857142857143;299;70;1252;210;0.03010921446067411
0.2142857142857143;300;64;1255;206;0.030909591536656313
0.2142857142857143;301;63;1229;212;0.030384813142146146
0.2142857142857143;302;67;1265;196;0.02917333715872505
0.2142857142857143;303;85;1206;229;0.03028249102198527
0.2142857142857143;304;65;1258;188;0.030612159846227314
0.2142857142857143;305;82;1223;195;0.030042674421855767
0.2142857142857143;306;77;1198;209;0.029833518367291326
0.2142857142857143;307;69;1242;197;0.029672717534324298
0.2142857142857143;308;76;1264;198;0.029191225394586084
0.2142857142857143;309;75;1172;205;0.030898799246083172
0.2142857142857143;310;84;1234;223;0.030445917189644938
0.2142857142857143;311;73;1216;221;0.0304169817283943
0.2142857142857143;312;76;1223;186;0.030808653011534393
0.2142857142857143;313;72;1213;205;0.02927906609117818
0.2142857142857143;314;75;1174;189;0.029764389471332985
0.2142857142857143;315;69;1224;191;0.030617217447316332
0.2142857142857143;316;73;1199;186;0.03062759292564796
0.2142857142857143;317;81;1265;198;0.02974845208773064
0.2142857142857143;318;87;1220;237;0.031207091318350748
0.2142857142857143;319;79;1241;223;0.030133627457246598
0.2142857142857143;320;84;1260;242;0.029552813326130276
0.2142857142857143;321;81;1291;222;0.029152134311629514
0.2142857142857143;322;73;1205;191;0.030001530663919602
0.2142857142857143;323;66;1160;201;0.02977637564019576
0.2142857142857143;324;71;1177;191;0.029783139378661064
0.2142857142857143;325;78;1272;209;0.030398923709730966
0.2142857142857143;326;71;1203;208;0.031207206320319834
0.2142857142857143;327;69;1243;202;0.029371626870171228
0.2142857142857143;328;74;1246;203;0.030901625161399816
0.2142857142857143;329;72;1158;202;0.030461728515037
0.2142857142857143;330;71;1235;214;0.030786513886447302
0.2142857142857143;331;86;1178;245;0.030463752584386977
0.2142857142857143;332;67;1223;197;0.03056560968806228
0.2142857142857143;333;90;1225;238;0.029946521442020948
0.2142857142857143;334;87;1218;211;0.029883839741547655
0.2142857142857143;335;81;1288;191;0.030034562868353765
0.2142857142857143;336;97;1224;211;0.029786951702011462
0.2142857142857143;337;71;1208;205;0.03004637108703904
0.2142857142857143;338;62;1224;189;0.029916616312341146
0.2142857142857143;339;67;1194;176;0.029759986997411045
0.2142857142857143;340;69;1206;202;0.030164000811033514
0.2142857142857143;341;69;1247;200;0.030097544526461198
0.2142857142857143;342;73;1252;228;0.029475757213311665
0.2142857142857143;343;69;1191;207;0.030399149929918094
0.2142857142857143;344;74;1217;180;0.030420814600288792
0.2142857142857143;345;66;1186;207;0.030832048503003667
0.2142857142857143;346;90;1201;239;0.030604622322289658
0.2142857142857143;347;82;1234;201;0.03061204113009602
0.2142857142857143;348;74;1228;223;0.02952689179156481
0.2142857142857143;349;65;1287;197;0.029719910854839823
0.2142857142857143;350;59;1201;183;0.029640492208734305
0.2142857142857143;351;77;1219;181;0.02976029597827197
0.2142857142857143;352;86;1220;214;0.030724419973855367
0.2142857142857143;353;81;1249;228;0.030956272480333953
0.2142857142857143;354;68;1185;194;0.03137837037766554
0.2142857142857143;355;75;1259;224;0.029488498927426617
0.2142857142857143;356;69;1218;182;0.030696508376481156
0.2142857142857143;357;68;1254;203;0.030383869424981207
0.2142857142857143;358;80;1218;221;0.029340591820103536
0.2142857142857143;359;74;1170;202;0.028853931388771327
0.2142857142857143;360;70;1151;194;0.03073942259546426
0.2142857142857143;361;73;1219;214;0.029014326646579144
0.2142857142857143;362;81;1254;196;0.029855403371924546
0.2142857142857143;363;76;1214;226;0.030100122445213113
0.2142857142857143;364;65;1187;177;0.03137399018159742
0.2142857142857143;365;61;1211;195;0.029831364238394532
0.2142857142857143;366;88;1245;206;0.029345092876833928
0.2142857142857143;367;66;1204;220;0.03099446188108872
0.2142857142857143;368;74;1278;190;0.02994422530507339
0.2142857142857143;369;71;1221;214;0.030735890690147233
0.2142857142857143;370;91;1253;237;0.029657300468794407
0.2142857142857143;371;60;1212;204;0.030761745949572532
0.2142857142857143;372;67;1212;186;0.02916074713735666
0.2142857142857143;373;77;1226;191;0.031457772305950184
0.2142857142857143;374;75;1193;187;0.03037526440995529
0.2142857142857143;375;63;1196;187;0.030333771075461133
0.2142857142857143;376;77;1234;203;0.030288729436418284
0.2142857142857143;377;88;1209;235;0.030441917211155654
0.2142857142857143;378;73;1216;214;0.03030114635294117
0.2142857142857143;379;71;1207;201;0.030364141825269364
0.2142857142857143;380;68;1232;218;0.029650417649230227
0.2142857142857143;381;79;1224;240;0.030050910221213024
0.2142857142857143;382;75;1210;219;0.030376699770983173
0.2142857142857143;383;66;1211;175;0.030980987372871742
0.2142857142857143;384;70;1227;205;0.029921124919265612
0.2142857142857143;385;62;1205;207;0.030032373722691484
0.2142857142857143;386;63;1211;203;0.030101459498344797
0.2142857142857143;387;69;1220;188;0.030879511827909004
0.2142857142857143;388;56;1222;180;0.029953832246003842
0.2142857142857143;389;58;1201;191;0.029852071524338268
0.2142857142857143;390;57;1182;190;0.030662985595615654
0.2142857142857143;391;74;1228;184;0.029361298252696084
0.2142857142857143;392;65;1199;219;0.0302923264905334
0.2142857142857143;393;67;1161;199;0.03054883742086951
0.2142857142857143;394;78;1203;213;0.02980314569633297
0.2142857142857143;395;76;1254;199;0.030109521471623275
0.2142857142857143;396;75;1219;221;0.029463506425382358
0.2142857142857143;397;71;1191;199;0.030699307107722514
0.2142857142857143;398;71;1194;205;0.029426416800230476
0.2142857142857143;399;66;1193;192;0.029952460599428434
0.3285714285714286;400;65;1201;191;0.03065925665499065
0.3285714285714286;401;86;1245;216;0.02984680122272561
0.3285714285714286;402;55;1161;185;0.030819012605836592
0.3285714285714286;403;63;1221;200;0.029882156037138913
0.3285714285714286;404;65;1206;182;0.029324014164019866
0.3285714285714286;405;71;1204;209;0.03013488757434697
0.3285714285714286;406;62;1223;181;0.02896099598633135
0.3285714285714286;407;77;1232;199;0.029105176662451056
0.3285714285714286;408;72;1205;198;0.029833380332628296
0.3285714285714286;409;73;1235;209;0.030560182003787614
0.3285714285714286;410;81;1190;202;0.02954937883752563
0.3285714285714286;411;83;1186;228;0.0314985088525482
0.3285714285714286;412;75;1223;197;0.03128755260714184
0.3285714285714286;413;60;1178;198;0.03052047238521176
0.3285714285714286;414;76;1228;217;0.029583801778925587
0.3285714285714286;415;76;1267;189;0.031348769630733374
0.3285714285714286;416;82;1158;213;0.030689337480793173
0.3285714285714286;417;67;1256;226;0.029999069397932936
0.3285714285714286;418;58;1224;191;0.03040957212856095
0.3285714285714286;419;66;1221;218;0.029333348824556002
0.3285714285714286;420;60;1186;192;0.030370904013959945
0.3285714285714286;421;80;1219;218;0.03032660147600815
0.3285714285714286;422;79;1263;236;0.029698934849418743
0.3285714285714286;423;85;1204;208;0.029314600727739015
0.3285714285714286;424;62;1223;194;0.030081192351988244
0.3285714285714286;425;66;1236;193;0.030923595754589545
0.3285714285714286;426;84;1262;209;0.030498785431076095
0.3285714285714286;427;82;1224;206;0.030736682000171798
0.3285714285714286;428;82;1169;213;0.030467229423310947
0.3285714285714286;429;68;1210;175;0.02900480857061023
0.3285714285714286;430;63;1214;189;0.03016469088998909
0.3285714285714286;431;79;1214;226;0.030711655005893467
0.3285714285714286;432;79;1234;212;0.029604856162036747
0.3285714285714286;433;63;1263;183;0.028817125999772344
0.3285714285714286;434;82;1223;210;0.029910424009205315
0.3285714285714286;435;54;1203;186;0.029898971218037737
0.3285714285714286;436;71;1190;184;0.029890812305861714
0.3285714285714286;437;79;1209;206;0.03112890163611252
0.3285714285714286;438;66;1194;180;0.030356511754662446
0.3285714285714286;439;66;1194;182;0.030356753185530345
0.3285714285714286;440;81;1231;212;0.030922696178425222
0.3285714285714286;441;66;1251;199;0.028068496651349892
0.3285714285714286;442;68;1164;207;0.03043385694829535
0.3285714285714286;443;94;1193;213;0.02966109851626752
0.3285714285714286;444;82;1239;204;0.03006598287312288
0.3285714285714286;445;65;1244;178;0.030745076311085088
0.3285714285714286;446;69;1185;188;0.03033390076548357
0.3285714285714286;447;70;1258;174;0.029322199499264616
0.3285714285714286;448;76;1195;208;0.030227212227148248
0.3285714285714286;449;69;1200;191;0.02972679287253253
0.3285714285714286;450;78;1205;212;0.03133844295719981
0.3285714285714286;451;79;1260;197;0.029842936074545502
0.3285714285714286;452;74;1202;231;0.029876908353593593
0.3285714285714286;453;80;1197;216;0.0298474765635517
0.3285714285714286;454;79;1172;198;0.028530960470256436
0.3285714285714286;455;61;1229;191;0.031027364782316824
0.3285714285714286;456;72;1246;198;0.030220566215790258
0.3285714285714286;457;70;1224;212;0.02963414471299495
0.3285714285714286;458;75;1316;215;0.030082414963483083
0.3285714285714286;459;67;1207;199;0.0300188716393809
0.3285714285714286;460;55;1222;170;0.03028884709731757
0.3285714285714286;461;68;1248;202;0.029494403583659293
0.3285714285714286;462;59;1232;202;0.03043444193319518
0.3285714285714286;463;76;1276;231;0.030270100448314647
0.3285714285714286;464;68;1198;196;0.029853836531118384
0.3285714285714286;465;73;1224;202;0.029493135483455644
0.3285714285714286;466;69;1269;168;0.02985379589130584
0.3285714285714286;467;66;1242;202;0.029631968369579816
0.3285714285714286;468;68;1239;217;0.030452923174772523
0.3285714285714286;469;62;1210;169;0.03067073790457003
0.3285714285714286;470;78;1230;207;0.02941347265138808
0.3285714285714286;471;74;1209;222;0.029875115579963654
0.3285714285714286;472;66;1254;190;0.03044452707578726
0.3285714285714286;473;69;1204;188;0.030358192114210952
0.3285714285714286;474;68;1184;199;0.030193228020151126
0.3285714285714286;475;85;1226;189;0.030468149710542455
0.3285714285714286;476;72;1238;183;0.02956643166178677
0.3285714285714286;477;77;1245;215;0.029982913154293772
0.3285714285714286;478;56;1238;190;0.030898980043181968
0.3285714285714286;479;74;1289;198;0.029600397882298596
0.3285714285714286;480;78;1250;200;0.030227340527121588
0.3285714285714286;481;78;1208;187;0.029794878804919923
0.3285714285714286;482;77;1221;209;0.029652940653450133
0.3285714285714286;483;67;1214;220;0.03030622912602648
0.3285714285714286;484;60;1172;211;0.029571107911889813
0.3285714285714286;485;73;1220;204;0.03024305937427991
0.3285714285714286;486;83;1205;211;0.030860599520772823
0.3285714285714286;487;86;1224;219;0.03057339301444401
0.3285714285714286;488;55;1216;166;0.030585513492315784
0.3285714285714286;489;73;1301;224;0.030816789949566038
0.3285714285714286;490;60;1238;203;0.030996223807228787
0.3285714285714286;491;70;1210;213;0.029258913208468625
0.3285714285714286;492;81;1218;207;0.02970921436641015
0.3285714285714286;493;59;1186;196;0.02922188388519857
0.3285714285714286;494;73;1191;184;0.03075319643521276
0.3285714285714286;495;76;1197;220;0.030167516448868583
0.3285714285714286;496;70;1211;191;0.030070199511870094
0.3285714285714286;497;62;1242;194;0.030477292369997376
0.3285714285714286;498;86;1183;213;0.03075938210816287
0.3285714285714286;499;53;1172;156;0.029504129577956676
0.3285714285714286;500;70;1209;190;0.030447080158509394
0.3285714285714286;501;81;1276;184;0.029387190417965198
0.3285714285714286;502;93;1267;253;0.030162922040837023
0.3285714285714286;503;72;1203;180;0.029374291850344295
0.3285714285714286;504;71;1200;190;0.029606971750059347
0.3285714285714286;505;68;1202;191;0.029720899764962973
0.3285714285714286;506;73;1187;220;0.029956505138752205
0.3285714285714286;507;68;1229;194;0.03019650404145631
0.3285714285714286;508;76;1251;196;0.030152718256710495
0.3285714285714286;509;74;1228;183;0.03085823158699445
0.3285714285714286;510;86;1209;221;0.030524688691683264
0.3285714285714286;511;80;1231;201;0.02928096865821133
0.3285714285714286;512;68;1219;199;0.029262034787354868
0.3285714285714286;513;83;1230;223;0.02935581904272124
0.3285714285714286;514;79;1202;220;0.030254081338048702
0.3285714285714286;515;97;1222;226;0.03106874513285648
0.3285714285714286;516;85;1195;209;0.03010585882530733
0.3285714285714286;517;81;1272;218;0.0303318190393608
0.3285714285714286;518;53;1259;180;0.02946224368641362
0.3285714285714286;519;59;1223;188;0.02998804059930441
0.3285714285714286;520;80;1168;197;0.029622226535927547
0.3285714285714286;521;73;1200;198;0.03024035709209717
0.3285714285714286;522;63;1261;181;0.030392365287006177
0.3285714285714286;523;81;1208;217;0.031188623745903095
0.3285714285714286;524;70;1265;213;0.02984676710495956
0.3285714285714286;525;65;1239;203;0.0314626629091913
0.3285714285714286;526;68;1215;215;0.031150577959566286
0.3285714285714286;527;61;1261;207;0.02960133418134562
0.3285714285714286;528;72;1180;197;0.029461981557423737
0.3285714285714286;529;86;1246;234;0.030702766105007346
0.3285714285714286;530;69;1222;191;0.029206099701655178
0.3285714285714286;531;67;1191;188;0.02962240128743261
0.3285714285714286;532;72;1203;200;0.029622457249615892
0.3285714285714286;533;73;1244;180;0.030226577495965707
0.3285714285714286;534;63;1246;198;0.03010552838182096
0.3285714285714286;535;80;1157;203;0.030688191447065145
0.3285714285714286;536;67;1234;211;0.02957925185584782
0.3285714285714286;537;70;1184;211;0.02994622529274813
0.3285714285714286;538;82;1210;218;0.03154859878600938
0.3285714285714286;539;74;1215;187;0.0293251670525157
0.3285714285714286;540;87;1259;210;0.030124622220686646
0.3285714285714286;541;79;1226;233;0.029404652733384568
0.3285714285714286;542;71;1274;219;0.03082695343106446
0.3285714285714286;543;63;1278;177;0.029991207005879282
0.3285714285714286;544;90;1203;230;0.03070849212598575
0.3285714285714286;545;77;1252;193;0.03151332673741583
0.3285714285714286;546;84;1233;219;0.0306678451054338
0.3285714285714286;547;62;1233;193;0.03168292787698466
0.3285714285714286;548;70;1164;204;0.029970756005579136
0.3285714285714286;549;72;1263;183;0.029703433649486372
0.3285714285714286;550;92;1232;234;0.03067368864762819
0.3285714285714286;551;77;1231;248;0.030317495243823524
0.3285714285714286;552;74;1206;207;0.02815943669330462
0.3285714285714286;553;68;1219;191;0.030364063338177975
0.3285714285714286;554;85;1192;192;0.029970761922574217
0.3285714285714286;555;67;1274;201;0.02940220493936757
0.3285714285714286;556;61;1238;214;0.029645443818121026
0.3285714285714286;557;66;1200;188;0.02989746424967341
0.3285714285714286;558;75;1216;232;0.030807156894688686
0.3285714285714286;559;67;1180;195;0.029335937134975204
0.3285714285714286;560;68;1223;186;0.030419760622513344
0.3285714285714286;561;65;1234;168;0.029650549153874495
0.3285714285714286;562;77;1297;220;0.030239009198860665
0.3285714285714286;563;85;1188;189;0.030872190394586503
0.3285714285714286;564;75;1198;184;0.030578414708154974
0.3285714285714286;565;73;1243;197;0.029910250511967062
0.3285714285714286;566;69;1201;189;0.029790807474204768
0.3285714285714286;567;72;1265;196;0.03006147484051539
0.3285714285714286;568;79;1209;208;0.029346773019853
0.3285714285714286;569;68;1241;192;0.030023820856927484
0.3285714285714286;570;83;1252;208;0.028976498928092072
0.3285714285714286;571;68;1221;196;0.03047095118455127
0.3285714285714286;572;64;1229;188;0.02951689500222264
0.3285714285714286;573;67;1232;189;0.030381769605755164
0.3285714285714286;574;65;1261;175;0.029131186592040652
0.3285714285714286;575;73;1231;186;0.030153082644429022
0.3285714285714286;576;70;1253;198;0.030859687168617818
0.3285714285714286;577;88;1235;202;0.029617716003948368
0.3285714285714286;578;76;1237;197;0.03022065098361034
0.3285714285714286;579;66;1192;192;0.030069692029125978
0.3285714285714286;580;69;1179;189;0.030450749478912263
0.3285714285714286;581;76;1217;218;0.029900968491679954
0.3285714285714286;582;93;1253;232;0.030022981530917422
0.3285714285714286;583;75;1185;198;0.031167343932676773
0.3285714285714286;584;72;1207;210;0.02984210375411116
0.3285714285714286;585;80;1182;234;0.03132798048299593
0.3285714285714286;586;69;1181;185;0.02936617724679565
0.3285714285714286;587;76;1204;205;0.03014257339494568
0.3285714285714286;588;80;1253;212;0.03054180708937434
0.3285714285714286;589;84;1240;218;0.02969030446511883
0.3285714285714286;590;69;1233;185;0.0295776311346969
0.3285714285714286;591;77;1222;223;0.029910288017784673
0.3285714285714286;592;72;1192;191;0.030157366291096215
0.3285714285714286;593;61;1226;201;0.03046827511009101
0.3285714285714286;594;61;1237;202;0.03098364427661473
0.3285714285714286;595;80;1245;218;0.030267171654679178
0.3285714285714286;596;77;1187;203;0.030567484082148884
0.3285714285714286;597;82;1193;220;0.030179026178180347
0.3285714285714286;598;78;1202;193;0.029647957686417717
0.3285714285714286;599;72;1236;225;0.029703983812676343
0.44285714285714284;600;74;1217;195;0.03019087840800413
0.44285714285714284;601;85;1176;200;0.030850467381523708
0.44285714285714284;602;84;1209;200;0.030472756073008603
0.44285714285714284;603;77;1162;208;0.03137591192408582
0.44285714285714284;604;78;1237;215;0.029456489142650158
0.44285714285714284;605;57;1201;191;0.028735629833768803
0.44285714285714284;606;72;1211;193;0.029853318024549904
0.44285714285714284;607;72;1218;210;0.03032158526880099
0.44285714285714284;608;83;1196;205;0.029717273508491758
0.44285714285714284;609;80;1194;205;0.030089989481268686
0.44285714285714284;610;69;1219;223;0.029950096913349825
0.44285714285714284;611;80;1233;231;0.029630358352283573
0.44285714285714284;612;97;1242;219;0.030176569009635897
0.44285714285714284;613;63;1200;236;0.030591970243090044
0.44285714285714284;614;63;1198;185;0.02935301398400886
0.44285714285714284;615;78;1251;204;0.030103140006378235
0.44285714285714284;616;72;1191;186;0.029652499901383696
0.44285714285714284;617;71;1173;201;0.03062179734086326
0.44285714285714284;618;88;1246;237;0.030038576706077572
0.44285714285714284;619;78;1212;212;0.030075339844128055
0.44285714285714284;620;74;1204;206;0.03068707085203246
0.44285714285714284;621;71;1220;181;0.029965602803587132
0.44285714285714284;622;67;1240;216;0.02990019761845419
0.44285714285714284;623;85;1207;194;0.02928149126313123
0.44285714285714284;624;73;1167;231;0.03071985448693728
0.44285714285714284;625;70;1195;201;0.03007255577570365
0.44285714285714284;626;69;1209;208;0.02956249440811062
0.44285714285714284;627;63;1145;200;0.0294408436676787
0.44285714285714284;628;75;1202;196;0.029671933029088524
0.44285714285714284;629;63;1192;181;0.030590856068726118
0.44285714285714284;630;74;1237;222;0.02978386757941242
0.44285714285714284;631;76;1264;216;0.029951753770102132
0.44285714285714284;632;73;1190;227;0.0315840637687915
0.44285714285714284;633;58;1266;187;0.03089171788886569
0.44285714285714284;634;96;1256;240;0.02939084665121256
0.44285714285714284;635;59;1292;201;0.03021892247698753
0.44285714285714284;636;78;1247;217;0.03044578342871606
0.44285714285714284;637;88;1193;245;0.030354905511757842
0.44285714285714284;638;62;1191;194;0.02974078717927821
0.44285714285714284;639;75;1172;221;0.031091308076282704
0.44285714285714284;640;61;1209;173;0.029305745847143447
0.44285714285714284;641;85;1287;211;0.030499667204917404
0.44285714285714284;642;68;1161;222;0.030187693303313237
0.44285714285714284;643;72;1178;205;0.03101849617056522
0.44285714285714284;644;68;1215;184;0.029989500925809695
0.44285714285714284;645;74;1208;191;0.03009228453086353
0.44285714285714284;646;81;1200;210;0.03023579841125302
0.44285714285714284;647;73;1227;210;0.030527361945110326
0.44285714285714284;648;85;1203;219;0.030265969692392067
0.44285714285714284;649;71;1273;194;0.03144895890733465
0.44285714285714284;650;71;1221;189;0.030872449286852885
0.44285714285714284;651;76;1218;212;0.029730435323414645
0.44285714285714284;652;77;1215;221;0.030238216593299342
0.44285714285714284;653;75;1233;193;0.02971868264009648
0.44285714285714284;654;80;1233;212;0.03030265201524962
0.44285714285714284;655;72;1250;198;0.029995925890082886
0.44285714285714284;656;67;1222;210;0.02865219288463005
0.44285714285714284;657;81;1241;222;0.02983929541435597
0.44285714285714284;658;77;1251;207;0.029819235308638104
0.44285714285714284;659;74;1201;200;0.02927881068671607
0.44285714285714284;660;73;1211;210;0.030516858393985446
0.44285714285714284;661;72;1249;219;0.030259032259689726
0.44285714285714284;662;81;1218;231;0.030009728456749027
0.44285714285714284;663;81;1189;203;0.031191768102308875
0.44285714285714284;664;73;1203;186;0.029885531059796227
0.44285714285714284;665;78;1231;209;0.02955629221392204
0.44285714285714284;666;82;1213;210;0.02983985683308781
0.44285714285714284;667;62;1269;186;0.030019439442787395
0.44285714285714284;668;83;1258;210;0.029723154637817908
0.44285714285714284;669;71;1195;198;0.030775764347456498
0.44285714285714284;670;62;1181;181;0.031055013834452784
0.44285714285714284;671;68;1210;212;0.030370682622473246
0.44285714285714284;672;75;1180;198;0.030184208878192023
0.44285714285714284;673;64;1207;171;0.029867916244710007
0.44285714285714284;674;74;1180;221;0.031064658373347147
0.44285714285714284;675;76;1206;207;0.029714457449446143
0.44285714285714284;676;77;1203;212;0.030049037067304236
0.44285714285714284;677;71;1188;220;0.02968727527763983
0.44285714285714284;678;78;1233;205;0.02903746866872316
0.44285714285714284;679;75;1225;206;0.029231825847260032
0.44285714285714284;680;74;1232;208;0.02992643416802497
0.44285714285714284;681;68;1197;209;0.02934186518385708
0.44285714285714284;682;75;1241;213;0.028830817853854582
0.44285714285714284;683;93;1235;225;0.030256289742207412
0.44285714285714284;684;73;1214;230;0.03038335134284053
0.44285714285714284;685;75;1253;225;0.030177177670488838
0.44285714285714284;686;77;1266;184;0.029967863669281048
0.44285714285714284;687;71;1234;197;0.03003659723369173
0.44285714285714284;688;77;1285;214;0.03047120243196417
0.44285714285714284;689;70;1221;197;0.030376780432320814
0.44285714285714284;690;80;1247;218;0.030401644312700156
0.44285714285714284;691;75;1200;225;0.030208422497749368
0.44285714285714284;692;64;1205;178;0.029373202750860306
0.44285714285714284;693;70;1185;199;0.029942413072749106
0.44285714285714284;694;84;1192;232;0.029118764459065777
0.44285714285714284;695;85;1221;210;0.03112275716661664
0.44285714285714284;696;75;1208;214;0.029412315866548213
0.44285714285714284;697;82;1238;214;0.029926846691450855
0.44285714285714284;698;75;1194;203;0.0306081992275346
0.44285714285714284;699;74;1230;196;0.029982154964986723
0.44285714285714284;700;96;1237;226;0.029897344040771743
0.44285714285714284;701;65;1268;193;0.03026948093989771
0.44285714285714284;702;69;1203;201;0.03011817849582409
0.44285714285714284;703;81;1200;205;0.030848040741488135
0.44285714285714284;704;62;1167;175;0.029780685858734605
0.44285714285714284;705;70;1229;198;0.03012209460781157
0.44285714285714284;706;77;1261;206;0.03037939926773462
0.44285714285714284;707;67;1163;208;0.029835013874221706
0.44285714285714284;708;83;1224;196;0.029708052431467225
0.44285714285714284;709;59;1200;183;0.030146565936980674
0.44285714285714284;710;63;1274;193;0.029778108366644324
0.44285714285714284;711;77;1199;193;0.029582178280715948
0.44285714285714284;712;66;1183;184;0.02986049512002175
0.44285714285714284;713;77;1234;205;0.03051031332354876
0.44285714285714284;714;84;1241;220;0.030569199402651622
0.44285714285714284;715;78;1260;213;0.029507470185309418
0.44285714285714284;716;79;1188;201;0.029810549919361485
0.44285714285714284;717;70;1194;223;0.030739030727002334
0.44285714285714284;718;70;1184;206;0.030403108233159226
0.44285714285714284;719;75;1268;200;0.030211917441618167
0.44285714285714284;720;73;1234;198;0.02930217323705898
0.44285714285714284;721;90;1237;235;0.029841253049038775
0.44285714285714284;722;67;1223;189;0.02991281289969828
0.44285714285714284;723;72;1195;207;0.031024320092980125
0.44285714285714284;724;66;1229;216;0.030731760208667268
0.44285714285714284;725;65;1230;186;0.029778742109342962
0.44285714285714284;726;67;1159;213;0.030467046842296883
0.44285714285714284;727;84;1244;222;0.029207743067379673
0.44285714285714284;728;69;1214;224;0.03053937339872715
0.44285714285714284;729;72;1208;201;0.030377494335543542
0.44285714285714284;730;71;1176;201;0.03025178549173027
0.44285714285714284;731;74;1233;202;0.029404355661164075
0.44285714285714284;732;69;1230;198;0.030089712876190215
0.44285714285714284;733;63;1261;224;0.030557356132117502
0.44285714285714284;734;55;1210;180;0.030096049454205565
0.44285714285714284;735;64;1266;179;0.029330076679255326
0.44285714285714284;736;79;1155;208;0.029812025531103556
0.44285714285714284;737;81;1238;201;0.030983367012320198
0.44285714285714284;738;70;1176;206;0.029301989300722333
0.44285714285714284;739;70;1235;200;0.03043133566325621
0.44285714285714284;740;84;1262;189;0.030014887542697648
0.44285714285714284;741;84;1213;214;0.030464193240319064
0.44285714285714284;742;65;1212;195;0.030256707088703733
0.44285714285714284;743;76;1209;201;0.03040491992381801
0.44285714285714284;744;82;1216;198;0.031119619995894833
0.44285714285714284;745;78;1180;194;0.030119760339194265
0.44285714285714284;746;71;1209;208;0.03072640220185159
0.44285714285714284;747;68;1214;214;0.030404680715357988
0.44285714285714284;748;75;1196;213;0.030569596513151404
0.44285714285714284;749;78;1258;202;0.02988015250659476
0.44285714285714284;750;69;1211;186;0.031148387738885137
0.44285714285714284;751;73;1157;197;0.03025024637565616
0.44285714285714284;752;83;1231;211;0.029808396244030314
0.44285714285714284;753;80;1213;208;0.030243342952699898
0.44285714285714284;754;74;1241;200;0.029721487233580906
0.44285714285714284;755;70;1259;192;0.029454794429130505
0.44285714285714284;756;75;1201;205;0.02969011806952315
0.44285714285714284;757;87;1247;212;0.030037243708077394
0.44285714285714284;758;77;1183;199;0.030813854284610667
0.44285714285714284;759;69;1212;216;0.02906511851751434
0.44285714285714284;760;91;1181;209;0.029498615244136158
0.44285714285714284;761;77;1248;223;0.029198388242241472
0.44285714285714284;762;62;1223;184;0.030963690145924528
0.44285714285714284;763;72;1201;219;0.03089989920474497
0.44285714285714284;764;66;1248;204;0.030180899487142147
0.44285714285714284;765;62;1210;195;0.029787448958823882
0.44285714285714284;766;79;1245;216;0.029962325100348654
0.44285714285714284;767;62;1186;161;0.030212092495245632
0.44285714285714284;768;80;1265;216;0.030295993214518115
0.44285714285714284;769;71;1215;185;0.02847370147710727
0.44285714285714284;770;58;1215;192;0.029614969986321186
0.44285714285714284;771;84;1218;239;0.030483688874844588
0.44285714285714284;772;85;1230;209;0.029655892681634793
0.44285714285714284;773;66;1249;185;0.03086409397981534
0.44285714285714284;774;73;1241;199;0.030549164575379848
0.44285714285714284;775;76;1197;211;0.029041254804443743
0.44285714285714284;776;72;1203;234;0.03062870476516955
0.44285714285714284;777;76;1254;217;0.030833626448274233
0.44285714285714284;778;85;1238;208;0.030264237017832474
0.44285714285714284;779;80;1174;234;0.029074786184635187
0.44285714285714284;780;82;1222;203;0.03056608317383657
0.44285714285714284;781;82;1232;212;0.030888763164777212
0.44285714285714284;782;64;1207;175;0.029600167841959773
0.44285714285714284;783;58;1241;188;0.029165930388685483
0.44285714285714284;784;73;1219;208;0.029741142611995185
0.44285714285714284;785;61;1158;182;0.02909920443038512
0.44285714285714284;786;72;1198;210;0.029845469951485626
0.44285714285714284;787;76;1265;206;0.029591546283269623
0.44285714285714284;788;76;1167;204;0.03023331603429791
0.44285714285714284;789;79;1229;228;0.030704008059286563
0.44285714285714284;790;79;1195;204;0.030239644317413168
0.44285714285714284;791;73;1184;221;0.030530173800138945
0.44285714285714284;792;72;1246;206;0.028272773995407206
0.44285714285714284;793;76;1206;230;0.029955837688869703
0.44285714285714284;794;79;1238;240;0.030260892793266134
0.44285714285714284;795;79;1230;224;0.030054998238371024
0.44285714285714284;796;69;1199;194;0.02959253094523965
0.44285714285714284;797;70;1233;181;0.029952917733503236
0.44285714285714284;798;81;1253;226;0.030487868268038187
0.44285714285714284;799;68;1211;204;0.029770517494612594
0.5571428571428572;800;73;1227;192;0.029095603231888728
0.5571428571428572;801;73;1228;220;0.030067784081011944
0.5571428571428572;802;79;1238;210;0.03094161318271361
0.5571428571428572;803;67;1262;203;0.03000010439752323
0.5571428571428572;804;57;1199;181;0.028486386818822988
0.5571428571428572;805;67;1194;211;0.03018208467011502
0.5571428571428572;806;81;1224;222;0.030980425938015085
0.5571428571428572;807;76;1203;228;0.029933257081254293
0.5571428571428572;808;77;1180;223;0.029628120401147543
0.5571428571428572;809;76;1201;197;0.028669331243993477
0.5571428571428572;810;74;1205;198;0.030474306151682264
0.5571428571428572;811;62;1231;203;0.02894340004337024
0.5571428571428572;812;77;1213;195;0.029323227415632522
0.5571428571428572;813;69;1199;185;0.03016575826910456
0.5571428571428572;814;74;1186;188;0.03015013364683743
0.5571428571428572;815;68;1221;185;0.03081874471495745
0.5571428571428572;816;74;1231;199;0.029417177025664074
0.5571428571428572;817;82;1224;182;0.030106372871522385
0.5571428571428572;818;75;1257;206;0.030449654365359714
0.5571428571428572;819;85;1272;225;0.02989041811998626
0.5571428571428572;820;67;1233;195;0.029475146301292693
0.5571428571428572;821;72;1203;213;0.030260893430890196
0.5571428571428572;822;82;1251;196;0.03009234357556726
0.5571428571428572;823;81;1267;218;0.0302712501040737
0.5571428571428572;824;62;1261;195;0.029991795131022715
0.5571428571428572;825;73;1215;194;0.0293680912922782
0.5571428571428572;826;72;1219;195;0.0299917085454678
0.5571428571428572;827;82;1282;225;0.029456641772909062
0.5571428571428572;828;76;1204;199;0.02962313026921071
0.5571428571428572;829;73;1233;209;0.029940176928461765
0.5571428571428572;830;67;1188;201;0.029724997181721204
0.5571428571428572;831;61;1220;186;0.030819836438817236
0.5571428571428572;832;73;1211;208;0.03069113960850605
0.5571428571428572;833;85;1205;236;0.03130269959805097
0.5571428571428572;834;62;1235;170;0.029965252879224365
0.5571428571428572;835;84;1211;213;0.029623137431020696
0.5571428571428572;836;70;1253;210;0.029921094978861567
0.5571428571428572;837;66;1222;211;0.0302213361985322
0.5571428571428572;838;76;1203;208;0.030028241894322003
0.5571428571428572;839;76;1221;217;0.030954181290352076
0.5571428571428572;840;83;1193;218;0.030921332568699257
0.5571428571428572;841;75;1219;203;0.030997536635085258
0.5571428571428572;842;76;1195;230;0.030345065683932124
0.5571428571428572;843;68;1232;170;0.030737472377848817
0.5571428571428572;844;85;1185;214;0.030465129639601397
0.5571428571428572;845;80;1211;218;0.030258571410831863
0.5571428571428572;846;66;1185;182;0.03103545932043764
0.5571428571428572;847;69;1228;205;0.030533613214047794
0.5571428571428572;848;82;1205;226;0.031181972955707047
0.5571428571428572;849;71;1182;181;0.029997338191332695
0.5571428571428572;850;69;1178;189;0.029747801553846525
0.5571428571428572;851;73;1201;181;0.030900499397175624
0.5571428571428572;852;78;1215;242;0.030429549316253666
0.5571428571428572;853;75;1225;220;0.030794321289908586
0.5571428571428572;854;85;1180;220;0.03003758347154178
0.5571428571428572;855;95;1217;240;0.031076083616411284
0.5571428571428572;856;78;1219;190;0.029118954988376224
0.5571428571428572;857;75;1235;198;0.030577321788897095
0.5571428571428572;858;63;1204;181;0.02967157238505733
0.5571428571428572;859;82;1210;203;0.030415219862361082
0.5571428571428572;860;77;1234;208;0.029110201767895718
0.5571428571428572;861;79;1175;214;0.030753892800617664
0.5571428571428572;862;70;1234;209;0.029813306783105405
0.5571428571428572;863;80;1209;226;0.0299590093773952
0.5571428571428572;864;69;1224;196;0.03024592175854875
0.5571428571428572;865;82;1231;212;0.030103338631566
0.5571428571428572;866;72;1215;209;0.029641258700248998
0.5571428571428572;867;79;1263;208;0.029799473253438093
0.5571428571428572;868;71;1183;223;0.030204457536154136
0.5571428571428572;869;86;1264;208;0.029112040892968
0.5571428571428572;870;68;1248;237;0.030214685799781035
0.5571428571428572;871;62;1193;170;0.030052978965440142
0.5571428571428572;872;81;1214;225;0.03071500884224728
0.5571428571428572;873;78;1192;189;0.029438838838850893
0.5571428571428572;874;67;1133;187;0.029942076798904985
0.5571428571428572;875;75;1201;211;0.03063028455847327
0.5571428571428572;876;71;1250;224;0.03160854573710855
0.5571428571428572;877;90;1192;224;0.030056556587239377
0.5571428571428572;878;76;1249;236;0.029410074170931236
0.5571428571428572;879;77;1193;208;0.030423633814305115
0.5571428571428572;880;90;1189;220;0.029754345637715486
0.5571428571428572;881;73;1248;217;0.030814160549375982
0.5571428571428572;882;77;1231;213;0.02994577362985597
0.5571428571428572;883;53;1183;180;0.030117946149084196
0.5571428571428572;884;81;1229;202;0.02965348500788442
0.5571428571428572;885;80;1219;209;0.02969283471531095
0.5571428571428572;886;82;1185;224;0.030405777293326518
0.5571428571428572;887;77;1181;211;0.03011808157928412
0.5571428571428572;888;60;1226;191;0.029622605110759127
0.5571428571428572;889;79;1242;197;0.030734927494487134
0.5571428571428572;890;61;1214;212;0.0301234151863996
0.5571428571428572;891;64;1258;183;0.029817933251460354
0.5571428571428572;892;63;1245;207;0.03032553380266176
0.5571428571428572;893;72;1225;220;0.030034562435613702
0.5571428571428572;894;87;1188;230;0.03029517297137106
0.5571428571428572;895;65;1231;181;0.029070670708311496
0.5571428571428572;896;65;1194;175;0.02998653444625225
0.5571428571428572;897;80;1184;224;0.03081997819351179
0.5571428571428572;898;74;1225;239;0.030579554006915095
0.5571428571428572;899;72;1238;215;0.030326525893564747
0.5571428571428572;900;83;1242;246;0.029669208633811617
0.5571428571428572;901;74;1227;188;0.02985090525130225
0.5571428571428572;902;69;1244;179;0.029752839446087385
0.5571428571428572;903;70;1205;199;0.029667617766807215
0.5571428571428572;904;73;1246;230;0.029997381571319155
0.5571428571428572;905;82;1245;233;0.028904780606552837
0.5571428571428572;906;79;1208;236;0.030346249391456394
0.5571428571428572;907;71;1198;220;0.02965299936909634
0.5571428571428572;908;78;1282;221;0.02990763550881499
0.5571428571428572;909;71;1214;213;0.030339319033951807
0.5571428571428572;910;77;1189;197;0.03004414905628316
0.5571428571428572;911;66;1217;185;0.03000515740513947
0.5571428571428572;912;63;1243;190;0.03042008642935948
0.5571428571428572;913;69;1189;193;0.029809510822191104
0.5571428571428572;914;65;1267;179;0.029717160851534048
0.5571428571428572;915;60;1237;175;0.03146264325788794
0.5571428571428572;916;74;1208;187;0.030270937848325196
0.5571428571428572;917;75;1201;207;0.029319895562770475
0.5571428571428572;918;65;1206;210;0.029755941072779176
0.5571428571428572;919;75;1203;191;0.030283080980643293
0.5571428571428572;920;70;1179;194;0.029150143551034277
0.5571428571428572;921;78;1223;215;0.02910008024562705
0.5571428571428572;922;71;1242;225;0.030194430527939017
0.5571428571428572;923;77;1245;200;0.028435101709540275
0.5571428571428572;924;66;1261;184;0.029102590711769818
0.5571428571428572;925;74;1248;187;0.02924343270443706
0.5571428571428572;926;72;1236;195;0.03053993441081712
0.5571428571428572;927;66;1218;177;0.030024344688799096
0.5571428571428572;928;60;1180;175;0.029887382801248155
0.5571428571428572;929;81;1219;202;0.030510328552237703
0.5571428571428572;930;79;1207;183;0.028997483261729316
0.5571428571428572;931;78;1246;209;0.029362706413608584
0.5571428571428572;932;76;1277;218;0.029975303546238927
0.5571428571428572;933;68;1222;219;0.029911159195181836
0.5571428571428572;934;80;1258;228;0.029463149155002557
0.5571428571428572;935;69;1173;209;0.031165179924550673
0.5571428571428572;936;70;1247;194;0.02877168315032909
0.5571428571428572;937;83;1234;217;0.029071299855385497
0.5571428571428572;938;83;1227;209;0.029764521017539246
0.5571428571428572;939;80;1237;216;0.030883458162065662
0.5571428571428572;940;75;1175;192;0.029473386713714446
0.5571428571428572;941;73;1182;216;0.030018075275050404
0.5571428571428572;942;78;1199;215;0.030734331791690186
0.5571428571428572;943;90;1236;195;0.029970319160768092
0.5571428571428572;944;74;1262;201;0.02971981398447764
0.5571428571428572;945;65;1156;219;0.030160757238472887
0.5571428571428572;946;79;1260;207;0.03082430981509585
0.5571428571428572;947;73;1197;197;0.028861526930598524
0.5571428571428572;948;79;1223;212;0.029666560801416327
0.5571428571428572;949;84;1209;212;0.03015712607629563
0.5571428571428572;950;88;1247;230;0.029740633926544316
0.5571428571428572;951;82;1252;219;0.029461409913986117
0.5571428571428572;952;75;1195;224;0.030012848891503463
0.5571428571428572;953;70;1284;201;0.03095268852704706
0.5571428571428572;954;52;1225;175;0.029435819129980844
0.5571428571428572;955;86;1235;216;0.029995669523546892
0.5571428571428572;956;56;1125;176;0.030300659338123776
0.5571428571428572;957;68;1207;198;0.03003254830103909
0.5571428571428572;958;71;1260;196;0.029846295911460104
0.5571428571428572;959;70;1175;191;0.029964323710649065
0.5571428571428572;960;72;1241;207;0.030457086148061804
0.5571428571428572;961;66;1255;205;0.029796678401856014
0.5571428571428572;962;75;1237;220;0.030333215985817993
0.5571428571428572;963;83;1200;230;0.029617359782516818
0.5571428571428572;964;68;1231;204;0.029258203709711814
0.5571428571428572;965;74;1230;210;0.03123752408677093
0.5571428571428572;966;70;1172;208;0.031104695490524144
0.5571428571428572;967;64;1241;202;0.030323686835713234
0.5571428571428572;968;58;1201;197;0.0302980204192032
0.5571428571428572;969;64;1228;210;0.030223876442208343
0.5571428571428572;970;78;1239;244;0.031165695649678277
0.5571428571428572;971;75;1230;194;0.03020460119099504
0.5571428571428572;972;77;1250;218;0.03032621091192047
0.5571428571428572;973;68;1245;181;0.02928778824133864
0.5571428571428572;974;78;1222;215;0.03071693703765616
0.5571428571428572;975;71;1227;207;0.03017976770740361
0.5571428571428572;976;59;1201;187;0.030494320581682926
0.5571428571428572;977;79;1241;215;0.029424696064324917
0.5571428571428572;978;64;1244;186;0.029890967463948648
0.5571428571428572;979;74;1225;226;0.030773991983044792
0.5571428571428572;980;73;1185;214;0.03082918315064358
0.5571428571428572;981;84;1181;231;0.029138891337208917
0.5571428571428572;982;70;1196;244;0.030069591979546735
0.5571428571428572;983;82;1219;205;0.029953736847131873
0.5571428571428572;984;83;1205;230;0.03117462838394303
0.5571428571428572;985;73;1222;223;0.030224073727197896
0.5571428571428572;986;68;1168;173;0.02956023175736084
0.5571428571428572;987;72;1192;198;0.030215276058447326
0.5571428571428572;988;66;1210;198;0.030520186981844576
0.5571428571428572;989;74;1226;220;0.029718764746497435
0.5571428571428572;990;70;1203;215;0.02988736234093659
0.5571428571428572;991;84;1203;225;0.029737067804942122
0.5571428571428572;992;74;1235;218;0.030010201360950194
0.5571428571428572;993;61;1189;193;0.03174328618324657
0.5571428571428572;994;68;1189;185;0.030015112372165947
0.5571428571428572;995;73;1174;208;0.0298550068645105
0.5571428571428572;996;71;1257;211;0.030746922903683038
0.5571428571428572;997;64;1206;174;0.030395665539417367
0.5571428571428572;998;78;1234;216;0.030845576608345072
0.5571428571428572;999;84;1175;221;0.029497911224538688
0.6714285714285715;1000;81;1233;203;0.02979687121008396
0.6714285714285715;1001;60;1200;200;0.02973616995364183
0.6714285714285715;1002;90;1206;223;0.030407623805026252
0.6714285714285715;1003;72;1204;192;0.030179717906806146
0.6714285714285715;1004;82;1199;218;0.030646534844817594
0.6714285714285715;1005;67;1213;197;0.030437756606493376
0.6714285714285715;1006;75;1194;225;0.028931719492259714
0.6714285714285715;1007;63;1197;196;0.030983179322020184
0.6714285714285715;1008;85;1234;217;0.03008832655880108
0.6714285714285715;1009;72;1226;210;0.029490456657197975
0.6714285714285715;1010;73;1268;210;0.03087196294185956
0.6714285714285715;1011;61;1274;220;0.03085977867208553
0.6714285714285715;1012;76;1280;224;0.032052738455070943
0.6714285714285715;1013;72;1197;193;0.03144502159916015
0.6714285714285715;1014;83;1157;221;0.030036382372335205
0.6714285714285715;1015;68;1215;188;0.03013534377624021
0.6714285714285715;1016;66;1232;191;0.029902952766293102
0.6714285714285715;1017;72;1262;195;0.030795847975825637
0.6714285714285715;1018;91;1194;215;0.030083103051791484
0.6714285714285715;1019;84;1211;211;0.029718383543461416
0.6714285714285715;1020;71;1196;207;0.030841396322240748
0.6714285714285715;1021;67;1218;183;0.030384869188162595
0.6714285714285715;1022;79;1234;226;0.03099309252899256
0.6714285714285715;1023;76;1179;174;0.02870554317962303
0.6714285714285715;1024;59;1242;179;0.02940720749112392
0.6714285714285715;1025;85;1273;247;0.030466688707271487
0.6714285714285715;1026;72;1263;208;0.02992301270749574
0.6714285714285715;1027;80;1249;225;0.03088258587657336
0.6714285714285715;1028;85;1177;222;0.0299831388441427
0.6714285714285715;1029;72;1210;209;0.029837270178422824
0.6714285714285715;1030;79;1242;216;0.030605771509996018
0.6714285714285715;1031;68;1233;187;0.029695861047160637
0.6714285714285715;1032;69;1216;182;0.0292126797359908
0.6714285714285715;1033;81;1199;236;0.030167537462892947
0.6714285714285715;1034;79;1269;207;0.030482383583607376
0.6714285714285715;1035;77;1214;204;0.030708837415157963
0.6714285714285715;1036;80;1218;209;0.030373647576252532
0.6714285714285715;1037;86;1280;201;0.02959271205456739
0.6714285714285715;1038;91;1267;223;0.029998390181133285
0.6714285714285715;1039;72;1244;198;0.03034889669349743
0.6714285714285715;1040;78;1228;201;0.029767926033445274
0.6714285714285715;1041;76;1197;225;0.031318211663687076
0.6714285714285715;1042;67;1226;222;0.029511093013476437
0.6714285714285715;1043;70;1225;196;0.0307632657267916
0.6714285714285715;1044;68;1164;215;0.030502205179430822
0.6714285714285715;1045;82;1201;232;0.029253951984396842
0.6714285714285715;1046;70;1253;180;0.030746963021540983
0.6714285714285715;1047;67;1189;198;0.031402512307429506
0.6714285714285715;1048;90;1232;235;0.02925101398815674
0.6714285714285715;1049;85;1219;229;0.03030264531365067
0.6714285714285715;1050;75;1230;227;0.029712714204499703
0.6714285714285715;1051;86;1205;214;0.03088246284906847
0.6714285714285715;1052;77;1214;205;0.028760862107558186
0.6714285714285715;1053;74;1218;207;0.02945227753687151
0.6714285714285715;1054;82;1296;220;0.030308456512623438
0.6714285714285715;1055;74;1211;212;0.030820315218774735
0.6714285714285715;1056;70;1187;226;0.031154449325666835
0.6714285714285715;1057;68;1219;213;0.029852596656626894
0.6714285714285715;1058;67;1239;209;0.029757678389778868
0.6714285714285715;1059;76;1228;220;0.030273781082537237
0.6714285714285715;1060;78;1210;200;0.02993291975386772
0.6714285714285715;1061;77;1197;220;0.030396997226744826
0.6714285714285715;1062;76;1215;199;0.02881138465165977
0.6714285714285715;1063;68;1186;202;0.029393845080826767
0.6714285714285715;1064;70;1211;216;0.029698514045631317
0.6714285714285715;1065;73;1239;189;0.029801865991172728
0.6714285714285715;1066;80;1198;243;0.030316288590210187
0.6714285714285715;1067;69;1193;196;0.031093656508563938
0.6714285714285715;1068;80;1215;190;0.030449053860790495
0.6714285714285715;1069;87;1236;203;0.030983767793770132
0.6714285714285715;1070;72;1211;204;0.030866348387136425
0.6714285714285715;1071;66;1169;213;0.03020793734587831
0.6714285714285715;1072;70;1244;196;0.03011125113302872
0.6714285714285715;1073;72;1156;212;0.030481874697113984
0.6714285714285715;1074;72;1282;218;0.029118209641036487
0.6714285714285715;1075;80;1261;230;0.029703410426427854
0.6714285714285715;1076;76;1180;212;0.029302946522056585
0.6714285714285715;1077;89;1219;226;0.030349597518586745
0.6714285714285715;1078;76;1255;212;0.030029280038240153
0.6714285714285715;1079;73;1187;215;0.030866275430363205
0.6714285714285715;1080;67;1228;203;0.030412556893558575
0.6714285714285715;1081;81;1222;226;0.029537064616807284
0.6714285714285715;1082;65;1169;174;0.030489791083356713
0.6714285714285715;1083;78;1192;195;0.029757457749098458
0.6714285714285715;1084;92;1189;187;0.030308428626137557
0.6714285714285715;1085;91;1224;234;0.029609986524389623
0.6714285714285715;1086;71;1193;203;0.02981419915875555
0.6714285714285715;1087;61;1216;181;0.0287550430036515
0.6714285714285715;1088;73;1180;206;0.030287919317488907
0.6714285714285715;1089;92;1222;223;0.030156882317835806
0.6714285714285715;1090;78;1239;229;0.02959387593932468
0.6714285714285715;1091;75;1227;198;0.030303744294801264
0.6714285714285715;1092;62;1213;207;0.029437450401134515
0.6714285714285715;1093;87;1241;195;0.030124644607701975
0.6714285714285715;1094;75;1251;228;0.030052129887153653
0.6714285714285715;1095;58;1279;187;0.03031901412251977
0.6714285714285715;1096;67;1245;201;0.029338439026939167
0.6714285714285715;1097;65;1200;185;0.030232894883961612
0.6714285714285715;1098;74;1163;211;0.030253726907657107
0.6714285714285715;1099;79;1191;209;0.029064940760721584
0.6714285714285715;1100;73;1225;192;0.03067225608679529
0.6714285714285715;1101;95;1199;232;0.03057872790169046
0.6714285714285715;1102;83;1203;182;0.03020383387646806
0.6714285714285715;1103;74;1221;190;0.030032971958995684
0.6714285714285715;1104;70;1176;240;0.030517137077831987
0.6714285714285715;1105;72;1236;211;0.030284644106482933
0.6714285714285715;1106;78;1237;197;0.030140191751352834
0.6714285714285715;1107;66;1225;205;0.029450289401531746
0.6714285714285715;1108;69;1246;207;0.029152416254730657
0.6714285714285715;1109;85;1243;215;0.030456227138281042
0.6714285714285715;1110;67;1208;165;0.03031895642705221
0.6714285714285715;1111;56;1250;186;0.030042717855909444
0.6714285714285715;1112;75;1218;217;0.030023182977140756
0.6714285714285715;1113;62;1179;193;0.03125346902885503
0.6714285714285715;1114;81;1207;213;0.030142103725261528
0.6714285714285715;1115;86;1234;228;0.030160118554629543
0.6714285714285715;1116;77;1203;204;0.029692068375841457
0.6714285714285715;1117;76;1221;214;0.030212295356472397
0.6714285714285715;1118;71;1185;192;0.02995537187343062
0.6714285714285715;1119;77;1277;217;0.030489888926796663
0.6714285714285715;1120;53;1253;179;0.029861342429277304
0.6714285714285715;1121;90;1203;228;0.029088086714156823
0.6714285714285715;1122;64;1209;184;0.030233958678286384
0.6714285714285715;1123;72;1240;191;0.03007393433303762
0.6714285714285715;1124;79;1192;203;0.031003476944470903
0.6714285714285715;1125;64;1185;192;0.02969951761190943
0.6714285714285715;1126;56;1220;172;0.02933820973453775
0.6714285714285715;1127;75;1211;217;0.02963563322411919
0.6714285714285715;1128;60;1207;162;0.029760136932072506
0.6714285714285715;1129;77;1223;233;0.03092102454692881
0.6714285714285715;1130;77;1204;195;0.030583609793659396
0.6714285714285715;1131;73;1203;205;0.029140511197840738
0.6714285714285715;1132;74;1223;238;0.02949155536455683
0.6714285714285715;1133;70;1199;198;0.030630837128079846
0.6714285714285715;1134;58;1224;204;0.029702131863895226
0.6714285714285715;1135;72;1202;211;0.029937973022420666
0.6714285714285715;1136;72;1186;209;0.030036392873639028
0.6714285714285715;1137;73;1177;193;0.030292612243250378
0.6714285714285715;1138;72;1237;196;0.03038187640877767
0.6714285714285715;1139;79;1239;199;0.0294764776768109
0.6714285714285715;1140;83;1217;216;0.030417648896119812
0.6714285714285715;1141;72;1242;234;0.03040146705840884
0.6714285714285715;1142;68;1189;208;0.029682536522574066
0.6714285714285715;1143;76;1253;206;0.03017454649225187
0.6714285714285715;1144;80;1195;195;0.030458945899209545
0.6714285714285715;1145;63;1186;193;0.029508834803368803
0.6714285714285715;1146;80;1183;224;0.030977297341788366
0.6714285714285715;1147;85;1210;230;0.0293060867291685
0.6714285714285715;1148;78;1178;232;0.03014310941856833
0.6714285714285715;1149;83;1216;223;0.03079040543801321
0.6714285714285715;1150;81;1306;198;0.028917870642785046
0.6714285714285715;1151;75;1182;192;0.03014108002322735
0.6714285714285715;1152;76;1270;220;0.03080268375348382
0.6714285714285715;1153;87;1240;208;0.028736791394805724
0.6714285714285715;1154;83;1185;237;0.030074413108202344
0.6714285714285715;1155;70;1218;194;0.0310691334880099
0.6714285714285715;1156;83;1204;217;0.030357833936469993
0.6714285714285715;1157;84;1208;189;0.030116866051868474
0.6714285714285715;1158;71;1225;195;0.02986769137250796
0.6714285714285715;1159;70;1253;178;0.03040887050368669
0.6714285714285715;1160;67;1196;203;0.030616023987805434
0.6714285714285715;1161;90;1214;226;0.029993034708208206
0.6714285714285715;1162;77;1184;198;0.030288332855295565
0.6714285714285715;1163;63;1227;185;0.03019858984678106
0.6714285714285715;1164;74;1261;216;0.03113546115103132
0.6714285714285715;1165;81;1213;250;0.030743332426050398
0.6714285714285715;1166;73;1235;229;0.029849624747371115
0.6714285714285715;1167;70;1273;203;0.030752348186464672
0.6714285714285715;1168;75;1236;201;0.03056686748283232
0.6714285714285715;1169;82;1196;225;0.03066664696511752
0.6714285714285715;1170;68;1210;213;0.028223478867941094
0.6714285714285715;1171;59;1293;191;0.028654051067269138
0.6714285714285715;1172;71;1215;220;0.030344456609766958
0.6714285714285715;1173;75;1243;212;0.029978685616471688
0.6714285714285715;1174;91;1232;234;0.030457599853971555
0.6714285714285715;1175;76;1216;185;0.029343336452852864
0.6714285714285715;1176;85;1228;215;0.029525135641224994
0.6714285714285715;1177;63;1220;221;0.029792513629737147
0.6714285714285715;1178;82;1226;216;0.029681284564927413
0.6714285714285715;1179;83;1206;206;0.029861177643032304
0.6714285714285715;1180;73;1190;195;0.02986801536599195
0.6714285714285715;1181;80;1164;237;0.030630245254494308
0.6714285714285715;1182;70;1233;199;0.030754699850933792
0.6714285714285715;1183;78;1266;223;0.029900668990950327
0.6714285714285715;1184;76;1236;213;0.02982308692000334
0.6714285714285715;1185;83;1177;225;0.03040837769876716
0.6714285714285715;1186;80;1181;227;0.030305289002969076
0.6714285714285715;1187;81;1208;234;0.02932809999288271
0.6714285714285715;1188;78;1190;197;0.03143125775580119
0.6714285714285715;1189;81;1204;223;0.031460194421210654
0.6714285714285715;1190;84;1225;209;0.03018477338702214
0.6714285714285715;1191;76;1208;224;0.030605789139418298
0.6714285714285715;1192;83;1198;219;0.03122391236489875
0.6714285714285715;1193;70;1214;205;0.029351210508413727
0.6714285714285715;1194;75;1257;201;0.030017310460808185
0.6714285714285715;1195;75;1213;212;0.030185498427113867
0.6714285714285715;1196;80;1233;211;0.02913127958139987
0.6714285714285715;1197;74;1231;208;0.030149799730229087
0.6714285714285715;1198;85;1231;204;0.029320326448522824
0.6714285714285715;1199;66;1225;209;0.030437184843955363
0.7857142857142857;1200;79;1189;215;0.03075256524779921
0.7857142857142857;1201;68;1205;174;0.030309679631481165
0.7857142857142857;1202;66;1218;181;0.030524470484238616
0.7857142857142857;1203;84;1269;210;0.031371413752671426
0.7857142857142857;1204;83;1205;224;0.030884839849613564
0.7857142857142857;1205;78;1170;209;0.031132428895752146
0.7857142857142857;1206;75;1222;198;0.029681273681757877
0.7857142857142857;1207;68;1239;219;0.030826940476792117
0.7857142857142857;1208;66;1258;199;0.03025818033484537
0.7857142857142857;1209;61;1244;208;0.02931448694921589
0.7857142857142857;1210;76;1228;201;0.030522573933676495
0.7857142857142857;1211;83;1224;224;0.030190079759729187
0.7857142857142857;1212;74;1229;213;0.030726774872050642
0.7857142857142857;1213;69;1211;181;0.029262961615347173
0.7857142857142857;1214;75;1150;208;0.029815317817756037
0.7857142857142857;1215;78;1197;215;0.030800030841244195
0.7857142857142857;1216;77;1203;192;0.0310038917874459
0.7857142857142857;1217;72;1214;209;0.03046478783754658
0.7857142857142857;1218;77;1255;221;0.028820597348868753
0.7857142857142857;1219;77;1206;217;0.030940392378336602
0.7857142857142857;1220;98;1250;249;0.03113301013324651
0.7857142857142857;1221;59;1160;200;0.02980643376139201
0.7857142857142857;1222;78;1203;227;0.03110227899218205
0.7857142857142857;1223;82;1232;229;0.02998735640777269
0.7857142857142857;1224;84;1204;219;0.030348786873033096
0.7857142857142857;1225;73;1180;201;0.0292436743663413
0.7857142857142857;1226;77;1205;223;0.030672589409594934
0.7857142857142857;1227;69;1192;185;0.029446508299227344
0.7857142857142857;1228;77;1240;217;0.03026672639040739
0.7857142857142857;1229;79;1195;193;0.030348819913018448
0.7857142857142857;1230;79;1177;217;0.02991474678308326
0.7857142857142857;1231;76;1222;220;0.028684072249569408
0.7857142857142857;1232;75;1247;224;0.029665666320326613
0.7857142857142857;1233;67;1224;194;0.029844469366806896
0.7857142857142857;1234;76;1188;220;0.030947036223994334
0.7857142857142857;1235;86;1280;232;0.03049275778247131
0.7857142857142857;1236;70;1228;193;0.0304509148119948
0.7857142857142857;1237;46;1208;185;0.029750869189549424
0.7857142857142857;1238;68;1287;196;0.02958207134651413
0.7857142857142857;1239;78;1248;212;0.03026522532519785
0.7857142857142857;1240;63;1211;192;0.030606485701407473
0.7857142857142857;1241;72;1247;217;0.030283775943663115
0.7857142857142857;1242;91;1195;235;0.028847318720190137
0.7857142857142857;1243;80;1222;225;0.03032620161273206
0.7857142857142857;1244;69;1187;222;0.031067503396855704
0.7857142857142857;1245;72;1185;226;0.030769394893277065
0.7857142857142857;1246;62;1248;185;0.029984823825235533
0.7857142857142857;1247;83;1261;204;0.03005750889692704
0.7857142857142857;1248;79;1228;199;0.029759162412079005
0.7857142857142857;1249;88;1207;222;0.030074656383998505
0.7857142857142857;1250;55;1171;178;0.02959107776710411
0.7857142857142857;1251;77;1196;204;0.029226411123059556
0.7857142857142857;1252;82;1202;220;0.029776418258022356
0.7857142857142857;1253;78;1204;221;0.02992766484927037
0.7857142857142857;1254;67;1203;196;0.030764444174031708
0.7857142857142857;1255;60;1224;186;0.029296807759150154
0.7857142857142857;1256;76;1203;216;0.029599468794041243
0.7857142857142857;1257;77;1235;239;0.030586705213774473
0.7857142857142857;1258;77;1217;205;0.030405211142560704
0.7857142857142857;1259;66;1211;185;0.02892143784650889
0.7857142857142857;1260;72;1214;179;0.030015495400319094
0.7857142857142857;1261;74;1227;216;0.029386333649339097
0.7857142857142857;1262;68;1261;192;0.030363676673541895
0.7857142857142857;1263;69;1240;185;0.030585407005827767
0.7857142857142857;1264;78;1244;215;0.030188154537467995
0.7857142857142857;1265;78;1259;208;0.031073876649852266
0.7857142857142857;1266;67;1168;196;0.029900426586540914
0.7857142857142857;1267;82;1198;219;0.029736466677067953
0.7857142857142857;1268;76;1256;230;0.030503018859296637
0.7857142857142857;1269;73;1228;179;0.029974868303507114
0.7857142857142857;1270;71;1229;181;0.03080744417481141
0.7857142857142857;1271;66;1255;215;0.030746479154409128
0.7857142857142857;1272;77;1256;186;0.029486744601863103
0.7857142857142857;1273;78;1224;210;0.030685678513524155
0.7857142857142857;1274;66;1274;202;0.029861436440280647
0.7857142857142857;1275;68;1181;197;0.029863561683391274
0.7857142857142857;1276;70;1211;173;0.029147814249928492
0.7857142857142857;1277;81;1226;253;0.02979416401813535
0.7857142857142857;1278;70;1192;220;0.031063213759306093
0.7857142857142857;1279;60;1205;176;0.030109833724038852
0.7857142857142857;1280;86;1204;231;0.02958411378180759
0.7857142857142857;1281;90;1218;242;0.02989830641699475
0.7857142857142857;1282;85;1231;209;0.029895440059412335
0.7857142857142857;1283;68;1192;211;0.029781039255100082
0.7857142857142857;1284;79;1243;233;0.031088904540906813
0.7857142857142857;1285;66;1282;215;0.02988399559355628
0.7857142857142857;1286;80;1228;217;0.029956630679393265
0.7857142857142857;1287;83;1243;246;0.03091499818596037
0.7857142857142857;1288;80;1244;236;0.03007838083521645
0.7857142857142857;1289;62;1211;192;0.029492198722900494
0.7857142857142857;1290;84;1194;212;0.028567507253811655
0.7857142857142857;1291;71;1192;217;0.029776558881016102
0.7857142857142857;1292;80;1179;216;0.031063214292063147
0.7857142857142857;1293;70;1244;191;0.029482520926012952
0.7857142857142857;1294;54;1176;186;0.030550436312935872
0.7857142857142857;1295;69;1209;194;0.029926682490760553
0.7857142857142857;1296;80;1217;214;0.030669144822532156
0.7857142857142857;1297;63;1218;218;0.030318486265967833
0.7857142857142857;1298;73;1179;196;0.03000852845533386
0.7857142857142857;1299;70;1220;204;0.030847695582869865
0.7857142857142857;1300;61;1245;208;0.029617320553489895
0.7857142857142857;1301;61;1195;193;0.029334158294571314
0.7857142857142857;1302;81;1246;230;0.0302240257230558
0.7857142857142857;1303;79;1244;216;0.03027016150471089
0.7857142857142857;1304;80;1205;239;0.030082465165612058
0.7857142857142857;1305;66;1200;224;0.03026475537232655
0.7857142857142857;1306;72;1179;211;0.029828185542542643
0.7857142857142857;1307;77;1219;204;0.030202321725070282
0.7857142857142857;1308;78;1232;224;0.031188059067261128
0.7857142857142857;1309;87;1223;241;0.030853492518855507
0.7857142857142857;1310;78;1248;230;0.0309693319348981
0.7857142857142857;1311;91;1235;232;0.030800913620947903
0.7857142857142857;1312;74;1246;223;0.030346936966504198
0.7857142857142857;1313;71;1225;210;0.030700299589342294
0.7857142857142857;1314;73;1230;191;0.030861625938969968
0.7857142857142857;1315;71;1244;216;0.030222743239214526
0.7857142857142857;1316;73;1223;217;0.030287687461511677
0.7857142857142857;1317;68;1158;209;0.02861751178433276
0.7857142857142857;1318;71;1191;232;0.030463164271302256
0.7857142857142857;1319;76;1224;217;0.029253107021639017
0.7857142857142857;1320;74;1241;208;0.03072078580240445
0.7857142857142857;1321;84;1229;223;0.029673872395135557
0.7857142857142857;1322;79;1178;227;0.03041057415311506
0.7857142857142857;1323;80;1150;206;0.030052391179394185
0.7857142857142857;1324;77;1200;203;0.030338696991787255
0.7857142857142857;1325;62;1211;174;0.02987068724846299
0.7857142857142857;1326;54;1220;186;0.030284613055810518
0.7857142857142857;1327;76;1197;196;0.030444798502797032
0.7857142857142857;1328;77;1215;231;0.030157988923752085
0.7857142857142857;1329;79;1208;238;0.02880150137114555
0.7857142857142857;1330;80;1211;242;0.030678512321887143
0.7857142857142857;1331;71;1232;206;0.030991429605970025
0.7857142857142857;1332;89;1286;232;0.029119043769829822
0.7857142857142857;1333;65;1229;210;0.03068405980484688
0.7857142857142857;1334;82;1274;200;0.03008637500196352
0.7857142857142857;1335;72;1267;204;0.030579888895221383
0.7857142857142857;1336;74;1214;225;0.03102195704166715
0.7857142857142857;1337;81;1229;215;0.03064727929113642
0.7857142857142857;1338;74;1209;205;0.03092256185691034
0.7857142857142857;1339;78;1252;215;0.029777221602519076
0.7857142857142857;1340;64;1169;205;0.03106159954469352
0.7857142857142857;1341;65;1223;188;0.028761552232412595
0.7857142857142857;1342;75;1195;187;0.030168239152022883
0.7857142857142857;1343;90;1230;209;0.030167972762764617
0.7857142857142857;1344;70;1215;204;0.03047948472281839
0.7857142857142857;1345;89;1205;249;0.030860918677401553
0.7857142857142857;1346;73;1254;212;0.03111369166529211
0.7857142857142857;1347;75;1256;234;0.03142737951157262
0.7857142857142857;1348;65;1207;232;0.030546522941254414
0.7857142857142857;1349;89;1209;226;0.03006961767876149
0.7857142857142857;1350;70;1197;191;0.03108349837282953
0.7857142857142857;1351;69;1245;211;0.03004405034045709
0.7857142857142857;1352;92;1244;227;0.029592592744705788
0.7857142857142857;1353;72;1223;205;0.03038736764287359
0.7857142857142857;1354;71;1206;222;0.030283894017924015
0.7857142857142857;1355;82;1155;208;0.029540349591962233
0.7857142857142857;1356;77;1194;226;0.03056615153167101
0.7857142857142857;1357;81;1234;244;0.030605087713999092
0.7857142857142857;1358;65;1184;214;0.03047669607282142
0.7857142857142857;1359;78;1234;230;0.030946970025489837
0.7857142857142857;1360;78;1214;214;0.029897355338501134
0.7857142857142857;1361;72;1251;198;0.029241539744903677
0.7857142857142857;1362;78;1240;215;0.03016589406253861
0.7857142857142857;1363;66;1261;204;0.029766322070925756
0.7857142857142857;1364;75;1209;209;0.02899950833090565
0.7857142857142857;1365;85;1233;224;0.02972640493823138
0.7857142857142857;1366;83;1242;221;0.029610248324627844
0.7857142857142857;1367;73;1211;216;0.03034433733230653
0.7857142857142857;1368;74;1237;203;0.030451492430552323
0.7857142857142857;1369;83;1282;219;0.029888547536460974
0.7857142857142857;1370;61;1205;202;0.029450507282536446
0.7857142857142857;1371;73;1266;212;0.030290964913170144
0.7857142857142857;1372;74;1231;219;0.030237163284614888
0.7857142857142857;1373;73;1248;217;0.03058858986802183
0.7857142857142857;1374;77;1292;215;0.031182307482652653
0.7857142857142857;1375;66;1215;219;0.029965416366091863
0.7857142857142857;1376;71;1252;205;0.030114502570464965
0.7857142857142857;1377;69;1298;174;0.030109928083937438
0.7857142857142857;1378;73;1235;191;0.030093244485369902
0.7857142857142857;1379;64;1243;184;0.030216396016793396
0.7857142857142857;1380;81;1238;212;0.03010773849844017
0.7857142857142857;1381;63;1201;213;0.03000304561632763
0.7857142857142857;1382;66;1236;199;0.03047165976369017
0.7857142857142857;1383;88;1229;214;0.030294457312569623
0.7857142857142857;1384;82;1226;219;0.030477449071354638
0.7857142857142857;1385;76;1201;233;0.029768878738595263
0.7857142857142857;1386;82;1199;203;0.030235801738761746
0.7857142857142857;1387;79;1221;217;0.030015349596389754
0.7857142857142857;1388;66;1183;216;0.031179194784575325
0.7857142857142857;1389;66;1256;179;0.03020429558722352
0.7857142857142857;1390;81;1222;252;0.02953097118208227
0.7857142857142857;1391;58;1249;189;0.029282340255148767
0.7857142857142857;1392;74;1214;209;0.030910762382459586
0.7857142857142857;1393;74;1203;215;0.03086100645083099
0.7857142857142857;1394;84;1220;232;0.029109498138993148
0.7857142857142857;1395;77;1212;193;0.03178169731245614
0.7857142857142857;1396;74;1190;213;0.030376286381481925
0.7857142857142857;1397;80;1210;226;0.029007145329834172
0.7857142857142857;1398;62;1194;199;0.029346448163255878
0.7857142857142857;1399;92;1261;227;0.03067104143229078
0.9;1400;76;1212;249;0.029392474832253483
0.9;1401;66;1233;226;0.02970137371110924
0.9;1402;79;1200;206;0.029484001954106817
0.9;1403;67;1253;193;0.030143445002439814
0.9;1404;70;1250;192;0.029756215837659136
0.9;1405;69;1245;201;0.030492286999251227
0.9;1406;75;1197;197;0.029091796265016717
0.9;1407;78;1231;215;0.030092469024508652
0.9;1408;68;1197;208;0.030293282042536795
0.9;1409;71;1178;192;0.030675557227182227
0.9;1410;85;1229;214;0.030798918510646974
0.9;1411;79;1220;227;0.030545435153784956
0.9;1412;84;1220;220;0.030331413227322742
0.9;1413;66;1254;191;0.029950529314270422
0.9;1414;83;1260;198;0.03061652430860942
0.9;1415;81;1248;222;0.02982242209396836
0.9;1416;65;1211;193;0.029198524679549583
0.9;1417;69;1243;225;0.030349457538545135
0.9;1418;76;1291;231;0.03002419757471278
0.9;1419;74;1187;228;0.029988037198142633
0.9;1420;70;1280;236;0.03036081461031643
0.9;1421;78;1183;219;0.029795738445886982
0.9;1422;67;1202;190;0.03168394849742226
0.9;1423;95;1239;237;0.031002890479334196
0.9;1424;72;1192;228;0.03138466997857481
0.9;1425;62;1190;195;0.03099336791481696
0.9;1426;71;1211;213;0.02950264136624371
0.9;1427;88;1220;225;0.030660381391930707
0.9;1428;78;1262;216;0.030578135631145937
0.9;1429;77;1210;205;0.02936018480218754
0.9;1430;55;1227;179;0.030256762601729274
0.9;1431;63;1267;193;0.030168631547141143
0.9;1432;73;1233;216;0.029919048963590565
0.9;1433;76;1261;203;0.03035035521410804
0.9;1434;87;1227;211;0.03152134599179744
0.9;1435;84;1244;203;0.03068160344387515
0.9;1436;73;1227;208;0.03000964900862014
0.9;1437;84;1222;221;0.0300863783250947
0.9;1438;80;1266;208;0.029893703539063468
0.9;1439;83;1219;204;0.030086322528988754
0.9;1440;83;1214;209;0.029399607355459066
0.9;1441;92;1224;237;0.030539928606428655
0.9;1442;78;1259;199;0.02942086246523656
0.9;1443;70;1267;206;0.03088357560075245
0.9;1444;75;1234;223;0.02934932672700528
0.9;1445;83;1237;209;0.02971216543548495
0.9;1446;90;1227;240;0.029535012812129724
0.9;1447;94;1270;254;0.030180225824445253
0.9;1448;71;1246;215;0.02991909086285527
0.9;1449;76;1227;216;0.03005280771087232
0.9;1450;78;1169;203;0.030130495928502615
0.9;1451;79;1246;219;0.030103361784122713
0.9;1452;85;1216;213;0.029948065568800395
0.9;1453;70;1178;197;0.030150116402110523
0.9;1454;80;1206;227;0.03123558379042952
0.9;1455;82;1236;233;0.03074314085253784
0.9;1456;85;1179;199;0.030588874882335023
0.9;1457;74;1192;197;0.03062866661021822
0.9;1458;73;1135;203;0.02949089772133144
0.9;1459;72;1200;202;0.029732753097450992
0.9;1460;75;1245;202;0.031039337599726075
0.9;1461;72;1240;213;0.03037758377270487
0.9;1462;83;1219;210;0.029996085519676155
0.9;1463;71;1200;222;0.030103743338018733
0.9;1464;67;1191;198;0.030361641285308064
0.9;1465;79;1225;210;0.030013526284637295
0.9;1466;78;1220;210;0.030493346824866045
0.9;1467;82;1230;226;0.028693801901800337
0.9;1468;76;1200;215;0.030189310587071135
0.9;1469;100;1225;248;0.03018476432396047
0.9;1470;73;1234;220;0.03050358515546094
0.9;1471;72;1216;193;0.030037425201540534
0.9;1472;77;1179;208;0.03006205593894931
0.9;1473;88;1197;240;0.030348526257528128
0.9;1474;83;1258;226;0.030709989148597083
0.9;1475;64;1195;219;0.029868249423372493
0.9;1476;76;1286;213;0.02919175778259156
0.9;1477;71;1237;202;0.03160996042270831
0.9;1478;74;1235;193;0.029596668340981156
0.9;1479;82;1221;212;0.029542338196496508
0.9;1480;76;1200;209;0.030070123782452444
0.9;1481;77;1211;219;0.030929591320926472
0.9;1482;81;1259;206;0.02938212000503712
0.9;1483;73;1230;204;0.02990858514720647
0.9;1484;69;1230;190;0.029701582441454752
0.9;1485;76;1228;209;0.0293164025940922
0.9;1486;78;1243;204;0.030227976653873043
0.9;1487;83;1255;244;0.029790288039677967
0.9;1488;91;1224;224;0.029962581569908022
0.9;1489;85;1221;231;0.030320221734717188
0.9;1490;65;1201;198;0.029541045690872392
0.9;1491;71;1241;224;0.0307300981266487
0.9;1492;65;1254;196;0.0295617450527286
0.9;1493;70;1210;224;0.029440457935924147
0.9;1494;72;1218;206;0.030721265137187717
0.9;1495;64;1234;203;0.02956997754772209
0.9;1496;85;1233;238;0.030134359988665253
0.9;1497;75;1271;241;0.02980703008741718
0.9;1498;67;1188;198;0.029887251155893465
0.9;1499;86;1192;226;0.03000839509233868
0.9;1500;60;1243;198;0.030264568524250076
0.9;1501;75;1213;186;0.029886032785339682
0.9;1502;74;1233;192;0.03014394151503145
0.9;1503;75;1216;219;0.029137488319563424
0.9;1504;76;1279;208;0.02895508392515601
0.9;1505;72;1210;203;0.029623684972286256
0.9;1506;82;1251;230;0.029803491669517165
0.9;1507;75;1223;211;0.0302312455663581
0.9;1508;58;1237;190;0.029791847123328705
0.9;1509;75;1234;192;0.03000628791671808
0.9;1510;72;1205;209;0.029609319016856275
0.9;1511;81;1246;215;0.030162794756439477
0.9;1512;84;1224;226;0.030270873658487994
0.9;1513;77;1203;219;0.03093268662452872
0.9;1514;83;1195;240;0.030279004928658104
0.9;1515;81;1257;183;0.031239231321943554
0.9;1516;72;1248;212;0.030372446079838807
0.9;1517;61;1172;195;0.030761329360302913
0.9;1518;81;1251;216;0.030029961221695687
0.9;1519;72;1220;201;0.030749043585258973
0.9;1520;97;1189;239;0.03073260152428046
0.9;1521;74;1242;200;0.031151963082646658
0.9;1522;60;1216;215;0.030117478274917085
0.9;1523;88;1252;212;0.030478611492635144
0.9;1524;58;1258;220;0.030339622375056833
0.9;1525;71;1205;205;0.030245654917390306
0.9;1526;87;1189;223;0.0318571849445365
0.9;1527;57;1242;190;0.03023637452157887
0.9;1528;84;1221;239;0.030299440493735338
0.9;1529;65;1231;166;0.029326685138776388
0.9;1530;73;1215;196;0.02844389280903274
0.9;1531;92;1202;257;0.030114499275285398
0.9;1532;77;1219;199;0.030536732500516434
0.9;1533;66;1213;204;0.0299859356751701
0.9;1534;68;1226;191;0.03036002972051348
0.9;1535;85;1208;234;0.029944991704803636
0.9;1536;69;1253;198;0.028941161563962602
0.9;1537;76;1225;223;0.03047149518079281
0.9;1538;69;1236;207;0.029813058113796486
0.9;1539;86;1201;243;0.03091291204196342
0.9;1540;79;1201;231;0.030494877957924788
0.9;1541;90;1230;230;0.029774157944274977
0.9;1542;61;1208;203;0.029327100919727966
0.9;1543;80;1225;213;0.030083111439151683
0.9;1544;71;1203;231;0.03054550384869214
0.9;1545;98;1213;245;0.03062656341815795
0.9;1546;76;1197;227;0.030488175961150197
0.9;1547;70;1225;219;0.030518574533673414
0.9;1548;78;1233;246;0.031043166117860423
0.9;1549;69;1215;216;0.03035140229919221
0.9;1550;67;1244;198;0.030885093137032468
0.9;1551;65;1235;184;0.02951755637450947
0.9;1552;67;1224;229;0.0297094194376274
0.9;1553;70;1209;194;0.029594951148498343
0.9;1554;64;1183;217;0.02999893297604071
0.9;1555;86;1233;218;0.029921388952431235
0.9;1556;77;1211;231;0.029783682406467865
0.9;1557;75;1214;207;0.029295019812207973
0.9;1558;64;1218;198;0.03074522017280312
0.9;1559;68;1182;218;0.029018569912152306
0.9;1560;82;1251;235;0.03011638082922016
0.9;1561;75;1199;232;0.030180373286820744
0.9;1562;74;1167;183;0.028693075306207225
0.9;1563;68;1192;216;0.03010269257755404
0.9;1564;72;1222;221;0.03089846274844323
0.9;1565;72;1230;206;0.029985584533152282
0.9;1566;65;1226;196;0.030046774188746045
0.9;1567;81;1195;215;0.0306726467513812
0.9;1568;73;1212;215;0.03053959940345965
0.9;1569;88;1227;215;0.029755340848498606
0.9;1570;87;1268;221;0.03063910669917297
0.9;1571;85;1214;230;0.03061502663483321
0.9;1572;82;1244;209;0.030496378857079686
0.9;1573;85;1190;220;0.030974677256401406
0.9;1574;76;1224;211;0.030830169865575855
0.9;1575;77;1237;228;0.030768115637614408
0.9;1576;66;1261;199;0.030001576338881578
0.9;1577;93;1238;230;0.030479260959350697
0.9;1578;66;1193;191;0.028668516935795564
0.9;1579;72;1231;226;0.030590056742315092
0.9;1580;69;1202;185;0.03018092368477874
0.9;1581;75;1206;191;0.029717685701334665
0.9;1582;68;1230;203;0.030351724983693748
0.9;1583;75;1261;232;0.029097936348832322
0.9;1584;83;1273;218;0.030043022211474365
0.9;1585;90;1166;221;0.030933883457667788
0.9;1586;78;1227;196;0.031011483893636744
0.9;1587;92;1239;213;0.029930917596170656
0.9;1588;71;1225;223;0.03031496137066652
0.9;1589;80;1171;194;0.029307777391571317
0.9;1590;78;1213;228;0.030876997667705023
0.9;1591;65;1201;183;0.02934677132370084
0.9;1592;75;1233;237;0.028957678116312134
0.9;1593;83;1266;193;0.029672053447814026
0.9;1594;70;1269;205;0.029673294145631253
0.9;1595;81;1232;233;0.030577354281518174
0.9;1596;78;1253;207;0.030154576869208548
0.9;1597;73;1219;224;0.030324814209909602
0.9;1598;74;1206;223;0.03032992462836152
0.9;1599;64;1226;214;0.02985165138369694
