gender_stress;Run;Denounce;Females;Got attacked;Stress
0.1;0;87;1257;232;0.029365915727614617
0.1;1;68;1199;202;0.029691791803580652
0.1;2;60;1218;189;0.028402976994037977
0.1;3;73;1211;177;0.03027607183565323
0.1;4;84;1218;235;0.029607067455398647
0.1;5;82;1196;233;0.029788004605386643
0.1;6;79;1193;219;0.03083108020322011
0.1;7;78;1233;228;0.03133600298790613
0.1;8;56;1246;172;0.02927247432847948
0.1;9;64;1186;197;0.029282305209901063
0.1;10;75;1146;232;0.030067502042484928
0.1;11;74;1217;192;0.03091663959913269
0.1;12;66;1239;209;0.03081582308940053
0.1;13;62;1241;204;0.029679303943618906
0.1;14;76;1240;216;0.030094461741098727
0.1;15;85;1215;197;0.02917078321245373
0.1;16;77;1241;213;0.029398120277521516
0.1;17;77;1236;218;0.029977575389150145
0.1;18;77;1251;207;0.03022995211563785
0.1;19;83;1195;220;0.030670580520999552
0.1;20;71;1221;230;0.02998970085489735
0.1;21;77;1224;198;0.029470002197913275
0.1;22;73;1214;208;0.030730856710323703
0.1;23;84;1212;221;0.030081449338358195
0.1;24;70;1175;222;0.028698407715011618
0.1;25;64;1167;199;0.030205195716687044
0.1;26;67;1230;199;0.030175399365886924
0.1;27;73;1182;189;0.02868366801094625
0.1;28;69;1212;217;0.03070662071343028
0.1;29;78;1205;234;0.030754487777542687
0.1;30;71;1180;221;0.03005210732200793
0.1;31;63;1189;188;0.03049827417333295
0.1;32;68;1215;203;0.03101658494972294
0.1;33;63;1216;200;0.030113550279151042
0.1;34;63;1195;209;0.029957714685941723
0.1;35;75;1227;230;0.029113015903121944
0.1;36;71;1234;200;0.030305860420741196
0.1;37;80;1237;195;0.02991758312798874
0.1;38;58;1203;173;0.03042300102168735
0.1;39;64;1172;231;0.028959159859183084
0.1;40;80;1186;204;0.028915195058640476
0.1;41;71;1216;222;0.02960956630697243
0.1;42;74;1214;227;0.030038612676783132
0.1;43;73;1220;210;0.030170791504282483
0.1;44;77;1233;224;0.030807566811748396
0.1;45;67;1199;226;0.028831077360941215
0.1;46;68;1190;204;0.029911088393251756
0.1;47;68;1224;208;0.029823288399844
0.1;48;78;1236;211;0.03019861831759426
0.1;49;68;1221;211;0.029104035114420588
0.1;50;70;1218;197;0.03090429262832593
0.1;51;76;1226;205;0.02918415865356198
0.1;52;69;1201;201;0.02843665402065668
0.1;53;70;1197;191;0.02928702960767868
0.1;54;65;1162;186;0.02994632075879678
0.1;55;89;1221;235;0.02908413977385447
0.1;56;61;1214;176;0.030215588675585596
0.1;57;67;1201;193;0.030082145738756116
0.1;58;77;1218;207;0.02953520456539246
0.1;59;71;1284;205;0.028645674073272814
0.1;60;59;1187;165;0.029736553165382772
0.1;61;81;1226;213;0.029879279235484914
0.1;62;75;1262;231;0.029918858645726482
0.1;63;75;1238;182;0.030146063199760383
0.1;64;76;1203;221;0.029034299496840027
0.1;65;69;1215;194;0.02895429727134729
0.1;66;63;1243;178;0.028941517970421368
0.1;67;89;1247;230;0.030796962812911173
0.1;68;76;1197;207;0.030053040251224367
0.1;69;64;1214;190;0.029954483266327193
0.1;70;78;1223;205;0.029105536729815067
0.1;71;76;1207;228;0.02915843987680321
0.1;72;72;1215;190;0.030050537078115138
0.1;73;80;1193;215;0.02970674678584458
0.1;74;59;1207;178;0.029709784815444784
0.1;75;73;1222;204;0.03050806858505903
0.1;76;68;1226;197;0.030170990787791084
0.1;77;75;1255;188;0.03041801334159149
0.1;78;71;1241;206;0.02937405124563935
0.1;79;60;1196;198;0.030533711290091567
0.1;80;81;1253;194;0.029231380615082094
0.1;81;74;1262;218;0.02985707429088736
0.1;82;76;1259;205;0.029172287974390178
0.1;83;76;1207;213;0.030642557805013147
0.1;84;79;1251;208;0.02906433929484819
0.1;85;61;1236;189;0.030792688736237982
0.1;86;60;1255;190;0.030127178979426624
0.1;87;61;1210;193;0.029414382289244458
0.1;88;79;1259;219;0.030303211947705973
0.1;89;73;1223;201;0.029939266990466996
0.1;90;77;1211;220;0.02940451027021522
0.1;91;83;1174;231;0.03010517554089715
0.1;92;69;1134;195;0.029446822192897414
0.1;93;60;1230;202;0.028586270543487016
0.1;94;73;1209;209;0.02951177843927838
0.1;95;84;1189;244;0.029502256619921716
0.1;96;75;1199;211;0.029129209165163508
0.1;97;57;1237;173;0.03002662591534498
0.1;98;73;1229;186;0.03061989167421499
0.1;99;75;1222;211;0.03073916399090362
0.1;100;59;1220;179;0.02919844616507263
0.1;101;75;1189;211;0.029663023453629332
0.1;102;68;1186;222;0.030533556992692265
0.1;103;75;1238;187;0.02933981848923384
0.1;104;69;1227;213;0.02985999313892313
0.1;105;72;1212;200;0.029566943308441465
0.1;106;74;1225;211;0.029709665832466023
0.1;107;75;1203;209;0.030071073780901368
0.1;108;66;1248;202;0.029079694695743286
0.1;109;78;1211;207;0.029657675925711113
0.1;110;92;1178;220;0.03002205338520102
0.1;111;81;1204;219;0.030240034176112558
0.1;112;78;1198;192;0.028839311062100505
0.1;113;57;1226;176;0.029374433184444104
0.1;114;62;1228;196;0.030336164047328654
0.1;115;80;1249;215;0.028623268519579175
0.1;116;71;1214;209;0.030171557560949427
0.1;117;74;1247;227;0.030012261188916155
0.1;118;68;1199;224;0.02998645898751322
0.1;119;72;1208;209;0.028288036282620478
0.1;120;76;1204;195;0.030415416001544335
0.1;121;77;1278;211;0.030094348928417114
0.1;122;82;1224;227;0.0302100278581346
0.1;123;76;1215;219;0.029159199410012476
0.1;124;71;1227;199;0.029744010663948765
0.1;125;58;1188;156;0.029616086342814662
0.1;126;56;1200;177;0.029947927185117757
0.1;127;72;1203;207;0.02951142898544427
0.1;128;81;1217;204;0.02814017581027474
0.1;129;63;1180;197;0.03094697481246587
0.1;130;84;1219;217;0.02944140201333471
0.1;131;88;1222;226;0.03041901863939636
0.1;132;77;1160;180;0.029595738904124952
0.1;133;73;1239;204;0.030172323183624505
0.1;134;72;1211;196;0.028648614501561104
0.1;135;73;1191;197;0.03002748620059272
0.1;136;76;1212;208;0.029604792972479328
0.1;137;83;1263;225;0.030565769260387336
0.1;138;82;1223;207;0.03070894402414932
0.1;139;92;1218;232;0.029752455257826233
0.1;140;71;1203;194;0.029538436479769357
0.1;141;75;1210;210;0.0287917912923203
0.1;142;85;1212;209;0.03026181046673922
0.1;143;79;1211;218;0.029317891250281582
0.1;144;75;1190;203;0.030925974847677996
0.1;145;77;1206;207;0.030342475384114335
0.1;146;77;1256;210;0.03000592236425421
0.1;147;64;1194;186;0.02921491706702174
0.1;148;75;1287;239;0.03022777596968209
0.1;149;65;1225;195;0.030320685858553752
0.1;150;77;1278;230;0.029491686564741878
0.1;151;70;1190;204;0.03021729209433568
0.1;152;77;1237;215;0.03005908554382748
0.1;153;78;1276;207;0.029365558073788822
0.1;154;84;1204;226;0.029876848082540434
0.1;155;71;1224;218;0.02971703324116901
0.1;156;66;1198;185;0.0286496998392913
0.1;157;78;1217;194;0.030070647965424246
0.1;158;66;1162;197;0.02955371904970777
0.1;159;83;1207;218;0.02959522900097141
0.1;160;93;1191;214;0.030676828897867943
0.1;161;67;1200;197;0.030047892725246342
0.1;162;77;1232;216;0.029546335273619117
0.1;163;66;1234;211;0.029699765614803288
0.1;164;82;1203;184;0.02974476288840768
0.1;165;65;1254;185;0.030092363556374273
0.1;166;72;1205;209;0.030943600739842734
0.1;167;73;1218;209;0.030300130345557445
0.1;168;72;1226;178;0.03017435731763384
0.1;169;82;1200;225;0.030046829938962606
0.1;170;69;1187;190;0.029784930917300924
0.1;171;63;1194;189;0.03046508841610088
0.1;172;83;1240;217;0.029277753105485853
0.1;173;82;1231;234;0.03051984638775561
0.1;174;71;1241;201;0.029237311912811634
0.1;175;71;1255;211;0.029559394741453218
0.1;176;57;1239;181;0.029933683741374933
0.1;177;85;1259;224;0.03034090748973035
0.1;178;64;1281;199;0.030608380349420095
0.1;179;67;1234;199;0.02954895291927811
0.1;180;73;1214;208;0.030019342818023573
0.1;181;75;1224;224;0.029623881958724518
0.1;182;68;1167;193;0.02998766575594942
0.1;183;70;1259;200;0.02985168091097311
0.1;184;69;1206;194;0.030548646671931013
0.1;185;70;1220;215;0.029091534164387072
0.1;186;73;1194;212;0.02905059186618582
0.1;187;101;1254;251;0.029696107350063755
0.1;188;78;1240;208;0.029461908619665102
0.1;189;75;1253;214;0.02998092086854421
0.1;190;72;1206;200;0.029484468526329858
0.1;191;75;1220;205;0.02989891773523682
0.1;192;81;1278;229;0.028516686022730123
0.1;193;83;1244;244;0.028937708119656545
0.1;194;83;1212;220;0.029644857584660934
0.1;195;55;1190;165;0.0289365767163218
0.1;196;83;1176;210;0.029287414255512907
0.1;197;74;1234;201;0.02984359748427211
0.1;198;78;1210;210;0.028985825903527242
0.1;199;67;1223;207;0.03031599704978635
0.2142857142857143;200;64;1202;199;0.029624369963167974
0.2142857142857143;201;74;1189;216;0.030496041960178168
0.2142857142857143;202;61;1223;182;0.02963303225635671
0.2142857142857143;203;83;1192;222;0.03154595810523497
0.2142857142857143;204;83;1203;229;0.030623512422431175
0.2142857142857143;205;66;1250;191;0.029393422020476394
0.2142857142857143;206;83;1173;210;0.03025495705806799
0.2142857142857143;207;66;1249;202;0.030142575149512928
0.2142857142857143;208;80;1267;211;0.030298237706210034
0.2142857142857143;209;86;1244;210;0.029673474155973167
0.2142857142857143;210;73;1222;205;0.0303919212723422
0.2142857142857143;211;74;1223;188;0.03044289230178266
0.2142857142857143;212;81;1223;200;0.03000482595103893
0.2142857142857143;213;75;1200;228;0.0300105389398555
0.2142857142857143;214;85;1238;214;0.029190382600366813
0.2142857142857143;215;63;1206;184;0.030446585298780485
0.2142857142857143;216;67;1228;192;0.031012553449473495
0.2142857142857143;217;84;1197;205;0.030657276943910093
0.2142857142857143;218;74;1257;219;0.03105829737928794
0.2142857142857143;219;77;1205;195;0.02975360896279408
0.2142857142857143;220;79;1221;211;0.029188529118149033
0.2142857142857143;221;96;1219;265;0.030627418228796343
0.2142857142857143;222;86;1202;232;0.029826718278871844
0.2142857142857143;223;67;1209;197;0.029583602741443792
0.2142857142857143;224;64;1179;164;0.02989112977480501
0.2142857142857143;225;71;1237;188;0.02926832884668773
0.2142857142857143;226;73;1211;220;0.03004264340035837
0.2142857142857143;227;68;1185;211;0.030160675075717173
0.2142857142857143;228;58;1188;192;0.029385601401020412
0.2142857142857143;229;84;1165;241;0.028805566166174523
0.2142857142857143;230;87;1193;213;0.029744073603336474
0.2142857142857143;231;68;1158;207;0.029301407964924153
0.2142857142857143;232;72;1212;207;0.029270579970781675
0.2142857142857143;233;71;1204;212;0.030248567253605436
0.2142857142857143;234;71;1282;195;0.02994662079041586
0.2142857142857143;235;66;1225;182;0.030040282277689043
0.2142857142857143;236;73;1196;202;0.02979962136117376
0.2142857142857143;237;75;1164;206;0.029498151735439352
0.2142857142857143;238;62;1194;208;0.02893059841163136
0.2142857142857143;239;91;1253;227;0.02944262887178215
0.2142857142857143;240;67;1241;211;0.030694840032179815
0.2142857142857143;241;94;1222;221;0.02908835263563307
0.2142857142857143;242;69;1191;205;0.030028971132833007
0.2142857142857143;243;73;1236;230;0.029064539997502633
0.2142857142857143;244;85;1200;235;0.02981765147582738
0.2142857142857143;245;75;1190;212;0.030063947623210487
0.2142857142857143;246;75;1183;235;0.029871826945047354
0.2142857142857143;247;74;1221;205;0.029470954814695707
0.2142857142857143;248;73;1192;220;0.029999997843984022
0.2142857142857143;249;62;1183;209;0.029625803238647892
0.2142857142857143;250;82;1177;200;0.03077494534132244
0.2142857142857143;251;64;1199;216;0.029927216966978625
0.2142857142857143;252;80;1225;181;0.029839106906279153
0.2142857142857143;253;74;1232;212;0.031480109576915404
0.2142857142857143;254;84;1202;231;0.029607409435409005
0.2142857142857143;255;63;1216;218;0.030134904034703335
0.2142857142857143;256;73;1259;202;0.028343716584231602
0.2142857142857143;257;73;1216;214;0.02944639663661556
0.2142857142857143;258;72;1228;201;0.029344614005097195
0.2142857142857143;259;67;1208;185;0.03102699009517521
0.2142857142857143;260;75;1180;197;0.029721097245669827
0.2142857142857143;261;69;1201;207;0.029010610600919244
0.2142857142857143;262;79;1223;193;0.029142877510890574
0.2142857142857143;263;82;1237;202;0.028834789182062413
0.2142857142857143;264;74;1196;200;0.029902414688374183
0.2142857142857143;265;75;1236;198;0.029805078881680682
0.2142857142857143;266;86;1247;205;0.0293459122929262
0.2142857142857143;267;73;1209;197;0.029560134695486382
0.2142857142857143;268;69;1222;192;0.028625745998068018
0.2142857142857143;269;75;1217;222;0.030361992391089256
0.2142857142857143;270;72;1205;216;0.029056069208756877
0.2142857142857143;271;80;1190;232;0.03017955975060806
0.2142857142857143;272;72;1216;173;0.02892450701920595
0.2142857142857143;273;75;1217;208;0.029651673279088624
0.2142857142857143;274;81;1236;200;0.030044221437512307
0.2142857142857143;275;70;1287;217;0.029662281388683338
0.2142857142857143;276;83;1243;216;0.0308034397067851
0.2142857142857143;277;58;1162;179;0.029923833124402152
0.2142857142857143;278;79;1190;208;0.029843618636721244
0.2142857142857143;279;68;1195;197;0.03013223943676411
0.2142857142857143;280;78;1251;201;0.02924998946314265
0.2142857142857143;281;64;1198;205;0.029512291097610915
0.2142857142857143;282;72;1208;184;0.02978325837180239
0.2142857142857143;283;70;1227;204;0.0297510450025036
0.2142857142857143;284;83;1175;221;0.02996664702772906
0.2142857142857143;285;69;1260;217;0.029974817122257635
0.2142857142857143;286;66;1275;191;0.02958491567420751
0.2142857142857143;287;60;1221;172;0.030825119301947583
0.2142857142857143;288;74;1210;183;0.02988094089097576
0.2142857142857143;289;79;1184;225;0.030463594091280945
0.2142857142857143;290;69;1216;201;0.029803852471905458
0.2142857142857143;291;83;1178;202;0.02982085890046675
0.2142857142857143;292;84;1213;213;0.028932736889510792
0.2142857142857143;293;64;1208;196;0.030366301648822782
0.2142857142857143;294;64;1229;202;0.0299696109705882
0.2142857142857143;295;80;1209;181;0.029883674120504772
0.2142857142857143;296;66;1202;187;0.029346618061923044
0.2142857142857143;297;75;1330;230;0.029434394355245027
0.2142857142857143;298;75;1221;226;0.030147018345047075
0.2142857142857143;299;75;1211;188;0.028525412638263598
0.2142857142857143;300;87;1191;215;0.031070134264518445
0.2142857142857143;301;79;1179;189;0.029969555532095897
0.2142857142857143;302;85;1241;226;0.029963378405780974
0.2142857142857143;303;68;1245;206;0.02974136739630131
0.2142857142857143;304;74;1226;253;0.03243292095049826
0.2142857142857143;305;78;1156;216;0.02987112939009716
0.2142857142857143;306;68;1216;199;0.029983746983814327
0.2142857142857143;307;77;1230;213;0.030355595720609967
0.2142857142857143;308;76;1272;196;0.02952112528184083
0.2142857142857143;309;60;1269;186;0.030456594328588237
0.2142857142857143;310;84;1212;237;0.029269300228876426
0.2142857142857143;311;86;1186;224;0.029712107365089665
0.2142857142857143;312;71;1277;204;0.02815730371707202
0.2142857142857143;313;59;1194;160;0.030916004687220815
0.2142857142857143;314;67;1211;187;0.029000891074715516
0.2142857142857143;315;70;1241;204;0.029839937141453318
0.2142857142857143;316;70;1181;216;0.029359881895106747
0.2142857142857143;317;76;1263;234;0.0292571595103736
0.2142857142857143;318;79;1217;212;0.030404400090382602
0.2142857142857143;319;65;1250;201;0.030174675584827927
0.2142857142857143;320;85;1242;238;0.029451411322348645
0.2142857142857143;321;100;1189;236;0.029816588069288403
0.2142857142857143;322;61;1201;197;0.02959312952239173
0.2142857142857143;323;78;1241;232;0.03043304351707461
0.2142857142857143;324;84;1195;206;0.029738768826673846
0.2142857142857143;325;77;1211;208;0.029835472492851102
0.2142857142857143;326;83;1203;201;0.029565942906298822
0.2142857142857143;327;68;1242;201;0.03042992836734585
0.2142857142857143;328;78;1177;200;0.029919534203739377
0.2142857142857143;329;71;1251;213;0.030179247887262367
0.2142857142857143;330;69;1184;188;0.030132824725027308
0.2142857142857143;331;66;1207;191;0.029847665343840823
0.2142857142857143;332;84;1201;216;0.03073538935213508
0.2142857142857143;333;79;1205;229;0.02927608042056697
0.2142857142857143;334;62;1209;188;0.030308446984910805
0.2142857142857143;335;83;1252;214;0.029298540043681404
0.2142857142857143;336;79;1191;210;0.029907495680966564
0.2142857142857143;337;62;1216;198;0.03062288159827417
0.2142857142857143;338;74;1207;201;0.02970168490230079
0.2142857142857143;339;82;1188;226;0.030278155445934096
0.2142857142857143;340;77;1268;212;0.03053528350715366
0.2142857142857143;341;72;1225;193;0.029265465260418913
0.2142857142857143;342;76;1215;221;0.029501172541283937
0.2142857142857143;343;84;1192;190;0.02961625040130905
0.2142857142857143;344;80;1203;199;0.02918665256484909
0.2142857142857143;345;70;1230;223;0.02986354635719515
0.2142857142857143;346;74;1185;183;0.029931264673085475
0.2142857142857143;347;72;1224;186;0.029868644749927703
0.2142857142857143;348;62;1190;191;0.029220907798557315
0.2142857142857143;349;77;1243;238;0.030621063277049883
0.2142857142857143;350;62;1190;201;0.02961178022228036
0.2142857142857143;351;80;1262;227;0.031016775744309003
0.2142857142857143;352;71;1214;208;0.02943552979148563
0.2142857142857143;353;73;1216;210;0.02968942396524505
0.2142857142857143;354;81;1205;213;0.029710994044151263
0.2142857142857143;355;80;1234;197;0.02938080409673565
0.2142857142857143;356;66;1234;187;0.028872736884431992
0.2142857142857143;357;63;1251;208;0.029198683033816127
0.2142857142857143;358;73;1256;218;0.029080454793158246
0.2142857142857143;359;81;1173;203;0.03064119750825681
0.2142857142857143;360;87;1217;204;0.02936057071619292
0.2142857142857143;361;65;1262;218;0.0299734112974606
0.2142857142857143;362;81;1228;243;0.029912620201139273
0.2142857142857143;363;73;1181;201;0.030452571694262208
0.2142857142857143;364;83;1214;207;0.029636617443945315
0.2142857142857143;365;76;1195;209;0.0311058224193163
0.2142857142857143;366;63;1216;189;0.029021265609098255
0.2142857142857143;367;81;1188;210;0.029291449308608296
0.2142857142857143;368;76;1212;200;0.030143708580560816
0.2142857142857143;369;72;1211;181;0.030319450411702337
0.2142857142857143;370;79;1225;207;0.029087792510233135
0.2142857142857143;371;85;1142;205;0.029580024647763457
0.2142857142857143;372;80;1199;194;0.029135430606707362
0.2142857142857143;373;82;1230;186;0.029226256064030925
0.2142857142857143;374;70;1227;197;0.030821297298711692
0.2142857142857143;375;83;1215;204;0.028827982164515955
0.2142857142857143;376;100;1231;221;0.02941847648638099
0.2142857142857143;377;75;1241;208;0.028833232082773406
0.2142857142857143;378;82;1224;219;0.03108449462845219
0.2142857142857143;379;78;1189;194;0.029198157344232943
0.2142857142857143;380;75;1230;204;0.028814170319438094
0.2142857142857143;381;90;1280;221;0.029584368974812456
0.2142857142857143;382;81;1240;204;0.029922264742201582
0.2142857142857143;383;80;1253;220;0.029241565383625462
0.2142857142857143;384;77;1210;224;0.029911637855951075
0.2142857142857143;385;60;1211;195;0.030909571922125772
0.2142857142857143;386;55;1199;176;0.028866365728653406
0.2142857142857143;387;75;1283;208;0.029388941340748726
0.2142857142857143;388;77;1215;230;0.03050064604105911
0.2142857142857143;389;66;1221;203;0.02949964469545802
0.2142857142857143;390;85;1192;209;0.030212628125083536
0.2142857142857143;391;82;1200;225;0.030439803433101167
0.2142857142857143;392;72;1236;195;0.029307021746060365
0.2142857142857143;393;70;1177;216;0.030234120853434774
0.2142857142857143;394;93;1242;233;0.02916988579830409
0.2142857142857143;395;67;1238;192;0.029843909071240095
0.2142857142857143;396;92;1224;227;0.030226616922629526
0.2142857142857143;397;70;1238;190;0.029094118418537866
0.2142857142857143;398;74;1206;224;0.029950143742122445
0.2142857142857143;399;71;1269;214;0.031202333223347364
0.3285714285714286;400;66;1222;206;0.030383913987777032
0.3285714285714286;401;67;1255;177;0.030148443689871334
0.3285714285714286;402;84;1219;228;0.030623484957855673
0.3285714285714286;403;82;1176;185;0.030623343469642208
0.3285714285714286;404;69;1178;212;0.030482823009800198
0.3285714285714286;405;70;1260;225;0.02986050405111462
0.3285714285714286;406;68;1203;185;0.029909840857844327
0.3285714285714286;407;87;1210;213;0.02896600372916369
0.3285714285714286;408;73;1202;210;0.029885107756387714
0.3285714285714286;409;90;1220;233;0.029660564521582406
0.3285714285714286;410;69;1159;214;0.02922397265870939
0.3285714285714286;411;79;1215;180;0.02990034282055078
0.3285714285714286;412;70;1239;203;0.028438684188700505
0.3285714285714286;413;61;1253;211;0.029187114681439395
0.3285714285714286;414;75;1192;208;0.030260272767422876
0.3285714285714286;415;77;1212;213;0.03024728986865286
0.3285714285714286;416;71;1201;199;0.029591904672940105
0.3285714285714286;417;80;1224;230;0.030672863204021638
0.3285714285714286;418;77;1232;227;0.02926950947925808
0.3285714285714286;419;58;1184;181;0.0307938366582321
0.3285714285714286;420;69;1188;192;0.030307212272257508
0.3285714285714286;421;81;1199;219;0.03006720720748662
0.3285714285714286;422;82;1276;221;0.030514027289389428
0.3285714285714286;423;73;1221;206;0.030805795365336258
0.3285714285714286;424;72;1233;221;0.02918226938707732
0.3285714285714286;425;84;1187;209;0.03103251823257868
0.3285714285714286;426;74;1244;198;0.028924862806866715
0.3285714285714286;427;79;1230;206;0.029919992386756245
0.3285714285714286;428;74;1179;180;0.029636165689812533
0.3285714285714286;429;86;1243;218;0.030334541403325744
0.3285714285714286;430;82;1232;240;0.03003396836628674
0.3285714285714286;431;91;1217;228;0.03033054661112346
0.3285714285714286;432;67;1214;202;0.029370603914186062
0.3285714285714286;433;81;1236;213;0.029008574345133906
0.3285714285714286;434;79;1239;219;0.03002055842439084
0.3285714285714286;435;72;1242;204;0.029997946314117365
0.3285714285714286;436;74;1226;177;0.029689685177434717
0.3285714285714286;437;82;1212;220;0.0300147898766339
0.3285714285714286;438;82;1222;216;0.029148624747647983
0.3285714285714286;439;74;1209;220;0.03115817279715829
0.3285714285714286;440;69;1215;234;0.02972580516493427
0.3285714285714286;441;71;1155;206;0.03085351369812559
0.3285714285714286;442;87;1212;229;0.030505696222342154
0.3285714285714286;443;73;1245;218;0.029602698720059623
0.3285714285714286;444;67;1241;195;0.030287410412599147
0.3285714285714286;445;72;1275;190;0.028895760595827345
0.3285714285714286;446;72;1225;193;0.028600021123357466
0.3285714285714286;447;73;1239;218;0.029760708403715995
0.3285714285714286;448;62;1250;192;0.030653923139535005
0.3285714285714286;449;55;1227;188;0.029549256365472572
0.3285714285714286;450;72;1190;200;0.02955158517281528
0.3285714285714286;451;71;1230;197;0.03012823123035254
0.3285714285714286;452;84;1190;210;0.029375845441831836
0.3285714285714286;453;73;1184;192;0.02912596775073241
0.3285714285714286;454;77;1186;190;0.029712005979094982
0.3285714285714286;455;68;1217;195;0.029436804954152376
0.3285714285714286;456;75;1277;198;0.029405252800134705
0.3285714285714286;457;65;1226;192;0.029897175568485777
0.3285714285714286;458;77;1194;209;0.029516226868208494
0.3285714285714286;459;71;1257;191;0.028612934666290484
0.3285714285714286;460;72;1231;210;0.030456354101287546
0.3285714285714286;461;66;1234;197;0.03011969750007908
0.3285714285714286;462;63;1217;198;0.02876727051828772
0.3285714285714286;463;78;1229;189;0.028824452867894385
0.3285714285714286;464;77;1206;194;0.02907340380438842
0.3285714285714286;465;73;1188;232;0.02973981256776168
0.3285714285714286;466;80;1256;196;0.02959637332567394
0.3285714285714286;467;73;1222;193;0.029616069608686256
0.3285714285714286;468;56;1217;193;0.029636817938455278
0.3285714285714286;469;73;1220;204;0.030493433707081623
0.3285714285714286;470;86;1218;214;0.02997973150505685
0.3285714285714286;471;76;1254;195;0.029829042917899253
0.3285714285714286;472;52;1224;184;0.029828551603966868
0.3285714285714286;473;69;1202;189;0.029652707223413743
0.3285714285714286;474;62;1216;205;0.02854155763982389
0.3285714285714286;475;67;1270;213;0.029934484627223396
0.3285714285714286;476;60;1221;189;0.03027590769156259
0.3285714285714286;477;62;1231;205;0.02956453243886806
0.3285714285714286;478;78;1180;208;0.030267554223478082
0.3285714285714286;479;63;1239;187;0.03002093090852443
0.3285714285714286;480;76;1169;222;0.03091078355596434
0.3285714285714286;481;84;1180;223;0.030378448800214657
0.3285714285714286;482;73;1238;236;0.029450751516372234
0.3285714285714286;483;79;1220;210;0.030056435778593342
0.3285714285714286;484;82;1230;208;0.029433498476297698
0.3285714285714286;485;74;1203;223;0.030435836414719288
0.3285714285714286;486;64;1221;212;0.029992829033399268
0.3285714285714286;487;64;1197;187;0.02947682887712488
0.3285714285714286;488;70;1230;209;0.029273589173646194
0.3285714285714286;489;82;1219;223;0.029700451564049865
0.3285714285714286;490;73;1230;198;0.030165722036906224
0.3285714285714286;491;84;1193;222;0.030036804716417377
0.3285714285714286;492;76;1198;211;0.030235596015501496
0.3285714285714286;493;72;1190;213;0.03042087851860324
0.3285714285714286;494;66;1200;201;0.030379759172962928
0.3285714285714286;495;76;1246;226;0.030256117183166755
0.3285714285714286;496;72;1228;205;0.0299200147707743
0.3285714285714286;497;77;1245;214;0.029992474598819832
0.3285714285714286;498;58;1245;194;0.030200992958078935
0.3285714285714286;499;61;1192;189;0.029977014203535716
0.3285714285714286;500;82;1236;204;0.030247633956091213
0.3285714285714286;501;70;1202;178;0.02964715334684069
0.3285714285714286;502;83;1244;236;0.02992337173363447
0.3285714285714286;503;84;1241;220;0.03036959293326225
0.3285714285714286;504;71;1228;201;0.02923574132382563
0.3285714285714286;505;74;1221;198;0.030262099367073213
0.3285714285714286;506;71;1230;212;0.02873688662831664
0.3285714285714286;507;71;1193;190;0.030187479534199885
0.3285714285714286;508;91;1212;223;0.03023885625869156
0.3285714285714286;509;89;1234;218;0.03007633678100804
0.3285714285714286;510;77;1167;190;0.0298029777395764
0.3285714285714286;511;70;1215;231;0.029262562219684065
0.3285714285714286;512;77;1226;226;0.029920659135063688
0.3285714285714286;513;65;1220;181;0.02981434040789051
0.3285714285714286;514;79;1236;208;0.029483252504122013
0.3285714285714286;515;65;1130;185;0.030295715925376623
0.3285714285714286;516;83;1166;232;0.030460967004783554
0.3285714285714286;517;63;1217;179;0.029002121611802045
0.3285714285714286;518;72;1219;209;0.029688686962966993
0.3285714285714286;519;80;1206;234;0.02895140321312284
0.3285714285714286;520;82;1235;211;0.03094294546078837
0.3285714285714286;521;73;1207;215;0.030901600030682735
0.3285714285714286;522;82;1214;218;0.03133864633309025
0.3285714285714286;523;73;1269;205;0.03036658724778626
0.3285714285714286;524;68;1167;196;0.02928552071675826
0.3285714285714286;525;77;1251;233;0.030141039347639103
0.3285714285714286;526;77;1200;197;0.02928983203801276
0.3285714285714286;527;75;1219;185;0.03020026862648932
0.3285714285714286;528;74;1228;226;0.030389812128621824
0.3285714285714286;529;76;1197;198;0.029264846650067004
0.3285714285714286;530;83;1247;255;0.030645445676772746
0.3285714285714286;531;87;1223;200;0.030188042260679046
0.3285714285714286;532;67;1202;196;0.029911485197617337
0.3285714285714286;533;76;1268;186;0.0288671464706782
0.3285714285714286;534;69;1217;205;0.0297457526162182
0.3285714285714286;535;72;1227;239;0.030106274548552598
0.3285714285714286;536;77;1239;194;0.03022933193088039
0.3285714285714286;537;70;1237;219;0.02964272465085366
0.3285714285714286;538;87;1206;207;0.029442407737186323
0.3285714285714286;539;67;1208;211;0.030780639794703968
0.3285714285714286;540;62;1242;205;0.03002266399916876
0.3285714285714286;541;56;1216;181;0.028921431338284963
0.3285714285714286;542;83;1216;222;0.029125558881098298
0.3285714285714286;543;78;1169;208;0.028679297635465166
0.3285714285714286;544;82;1204;232;0.030842250107327024
0.3285714285714286;545;90;1262;223;0.030026917221382104
0.3285714285714286;546;73;1185;216;0.029850169680020595
0.3285714285714286;547;81;1217;206;0.03098575320422163
0.3285714285714286;548;76;1229;226;0.03004599005509559
0.3285714285714286;549;76;1225;190;0.029510064535681405
0.3285714285714286;550;74;1233;195;0.02994093659239172
0.3285714285714286;551;80;1227;238;0.03099205242287948
0.3285714285714286;552;80;1216;195;0.030695307196328653
0.3285714285714286;553;80;1224;227;0.029104335784616065
0.3285714285714286;554;79;1243;223;0.030738641315013006
0.3285714285714286;555;76;1185;213;0.030052436172187197
0.3285714285714286;556;68;1220;211;0.029619110243377923
0.3285714285714286;557;91;1261;220;0.029402063840039013
0.3285714285714286;558;66;1224;210;0.02997177053398322
0.3285714285714286;559;81;1213;228;0.028951473866062175
0.3285714285714286;560;81;1218;225;0.03017172676747577
0.3285714285714286;561;85;1217;244;0.03065789554807913
0.3285714285714286;562;76;1266;210;0.02947320032289002
0.3285714285714286;563;76;1205;204;0.029792622262318835
0.3285714285714286;564;74;1208;216;0.03026210835825404
0.3285714285714286;565;77;1175;215;0.030174672934116138
0.3285714285714286;566;78;1217;218;0.029646642836000422
0.3285714285714286;567;65;1188;188;0.030162506983155545
0.3285714285714286;568;72;1216;189;0.02929796526635797
0.3285714285714286;569;69;1256;209;0.02978492864035954
0.3285714285714286;570;74;1257;209;0.03141609057080186
0.3285714285714286;571;70;1207;187;0.029671001179138352
0.3285714285714286;572;88;1224;258;0.031186775081868973
0.3285714285714286;573;72;1191;208;0.02972673984929185
0.3285714285714286;574;73;1154;191;0.029101903440876008
0.3285714285714286;575;68;1264;227;0.03118597311224057
0.3285714285714286;576;75;1181;214;0.030783303830423398
0.3285714285714286;577;80;1223;205;0.029463312062104993
0.3285714285714286;578;67;1208;198;0.02983631659309805
0.3285714285714286;579;65;1262;195;0.028977772080774036
0.3285714285714286;580;81;1249;228;0.029436685711894974
0.3285714285714286;581;76;1200;207;0.029758254098179372
0.3285714285714286;582;73;1221;182;0.030535336543528295
0.3285714285714286;583;65;1204;202;0.030147657027682264
0.3285714285714286;584;72;1232;212;0.030829032027324076
0.3285714285714286;585;78;1191;201;0.029996965346892623
0.3285714285714286;586;61;1208;193;0.03066617428846496
0.3285714285714286;587;79;1259;224;0.03116268196045799
0.3285714285714286;588;82;1192;197;0.030228273900332506
0.3285714285714286;589;86;1214;217;0.02949849129165449
0.3285714285714286;590;74;1165;197;0.031193908380821332
0.3285714285714286;591;59;1202;174;0.029621352832388224
0.3285714285714286;592;65;1197;178;0.030342120373369533
0.3285714285714286;593;62;1256;173;0.030205433725961493
0.3285714285714286;594;77;1212;220;0.029898274633251138
0.3285714285714286;595;85;1235;203;0.02946563949734127
0.3285714285714286;596;82;1221;214;0.030868208476536207
0.3285714285714286;597;66;1204;191;0.029671323750491554
0.3285714285714286;598;79;1205;216;0.03071873357328351
0.3285714285714286;599;77;1177;205;0.030344467472500403
0.44285714285714284;600;73;1225;218;0.03008777753891644
0.44285714285714284;601;75;1197;228;0.03009867076255009
0.44285714285714284;602;77;1211;206;0.029584712423746665
0.44285714285714284;603;73;1207;194;0.030473212460671265
0.44285714285714284;604;85;1227;225;0.03065816365698597
0.44285714285714284;605;70;1207;218;0.031060016180389872
0.44285714285714284;606;85;1194;217;0.03023440544663342
0.44285714285714284;607;73;1273;196;0.029967681762207134
0.44285714285714284;608;74;1218;201;0.030335871185765563
0.44285714285714284;609;81;1271;198;0.02964122418091726
0.44285714285714284;610;63;1213;189;0.029504271438950333
0.44285714285714284;611;84;1228;230;0.03021672891637109
0.44285714285714284;612;71;1256;211;0.03031215880252802
0.44285714285714284;613;81;1215;226;0.029765090209409602
0.44285714285714284;614;84;1203;214;0.03012349600854357
0.44285714285714284;615;80;1192;207;0.029994460953091478
0.44285714285714284;616;77;1245;208;0.03044414506337829
0.44285714285714284;617;78;1203;208;0.029876411560468514
0.44285714285714284;618;79;1183;208;0.029788900752183815
0.44285714285714284;619;71;1212;228;0.030471351273919697
0.44285714285714284;620;79;1197;224;0.03018651956050104
0.44285714285714284;621;70;1159;187;0.030336904208364174
0.44285714285714284;622;85;1194;228;0.030086643919874746
0.44285714285714284;623;79;1231;194;0.02902660160108118
0.44285714285714284;624;83;1178;210;0.03030985192014542
0.44285714285714284;625;92;1184;215;0.03022379271277593
0.44285714285714284;626;76;1209;217;0.030529146915717204
0.44285714285714284;627;63;1200;177;0.0304537194387526
0.44285714285714284;628;77;1215;209;0.029882583892181246
0.44285714285714284;629;82;1189;208;0.030565813067088242
0.44285714285714284;630;79;1200;210;0.029521382148699326
0.44285714285714284;631;68;1171;201;0.02988983001219714
0.44285714285714284;632;81;1231;222;0.028890750510555462
0.44285714285714284;633;78;1255;217;0.028889324682553633
0.44285714285714284;634;76;1197;208;0.02911736621478359
0.44285714285714284;635;79;1220;221;0.031059628640963965
0.44285714285714284;636;67;1222;191;0.029234537721368598
0.44285714285714284;637;74;1243;212;0.029382001157149253
0.44285714285714284;638;67;1254;190;0.029009354128507955
0.44285714285714284;639;82;1261;205;0.029280575342587586
0.44285714285714284;640;77;1260;198;0.029382358767710365
0.44285714285714284;641;79;1233;214;0.029959355302731513
0.44285714285714284;642;64;1212;204;0.03002547653737679
0.44285714285714284;643;76;1274;206;0.029893084239844214
0.44285714285714284;644;79;1235;223;0.029681544824512778
0.44285714285714284;645;74;1255;234;0.031096175216171945
0.44285714285714284;646;73;1226;229;0.030740629345197355
0.44285714285714284;647;88;1195;203;0.030351778311479026
0.44285714285714284;648;62;1229;186;0.02956674231532283
0.44285714285714284;649;82;1198;195;0.02837422608002732
0.44285714285714284;650;65;1259;189;0.029709290536105555
0.44285714285714284;651;75;1242;207;0.029758585148918396
0.44285714285714284;652;64;1224;219;0.030937505319012813
0.44285714285714284;653;65;1262;215;0.03028974834630298
0.44285714285714284;654;72;1177;210;0.02993455855641796
0.44285714285714284;655;77;1227;206;0.03010436855207901
0.44285714285714284;656;71;1233;192;0.028929138051456013
0.44285714285714284;657;73;1251;207;0.030060504046169088
0.44285714285714284;658;84;1200;208;0.029706464109268377
0.44285714285714284;659;73;1251;224;0.02986659829270605
0.44285714285714284;660;85;1240;210;0.030431366682908616
0.44285714285714284;661;70;1184;224;0.030532552833334187
0.44285714285714284;662;74;1207;234;0.03075897030405482
0.44285714285714284;663;59;1220;181;0.029991308948814355
0.44285714285714284;664;71;1227;176;0.029129771900675838
0.44285714285714284;665;59;1198;207;0.030469250717709492
0.44285714285714284;666;76;1205;219;0.029351673386408456
0.44285714285714284;667;74;1238;217;0.029249266843723414
0.44285714285714284;668;67;1257;202;0.03035681959766364
0.44285714285714284;669;78;1187;206;0.030476597829146676
0.44285714285714284;670;67;1193;203;0.029490747277635728
0.44285714285714284;671;71;1211;209;0.030527345787612015
0.44285714285714284;672;90;1228;242;0.030065179990373926
0.44285714285714284;673;75;1219;222;0.029791301028922527
0.44285714285714284;674;59;1242;191;0.03025182955484149
0.44285714285714284;675;80;1222;207;0.02931560776512594
0.44285714285714284;676;84;1234;239;0.030430229254769018
0.44285714285714284;677;86;1228;241;0.03076412533111775
0.44285714285714284;678;70;1173;190;0.029647546764760824
0.44285714285714284;679;65;1258;195;0.030576029645501858
0.44285714285714284;680;96;1240;242;0.03080639743438343
0.44285714285714284;681;81;1198;208;0.03005900555451476
0.44285714285714284;682;79;1234;209;0.03017083331303464
0.44285714285714284;683;81;1183;212;0.030665929769789647
0.44285714285714284;684;66;1210;202;0.028792364513783072
0.44285714285714284;685;72;1172;197;0.03095490373451968
0.44285714285714284;686;71;1228;219;0.029471408194602852
0.44285714285714284;687;72;1218;211;0.029225534516431936
0.44285714285714284;688;72;1233;207;0.029792283430077993
0.44285714285714284;689;81;1205;234;0.030312268319861196
0.44285714285714284;690;74;1270;208;0.029351052865671988
0.44285714285714284;691;82;1241;214;0.030650921548145815
0.44285714285714284;692;77;1193;212;0.029755216343499334
0.44285714285714284;693;82;1229;225;0.0297524460517497
0.44285714285714284;694;80;1202;215;0.030642656353317452
0.44285714285714284;695;68;1185;203;0.02922353162281097
0.44285714285714284;696;80;1271;212;0.03022275968558166
0.44285714285714284;697;69;1296;183;0.029197334520031856
0.44285714285714284;698;60;1181;197;0.03028246853217132
0.44285714285714284;699;77;1214;214;0.030377107502609118
0.44285714285714284;700;71;1221;194;0.029483076772463996
0.44285714285714284;701;75;1236;197;0.029874685080643445
0.44285714285714284;702;68;1205;205;0.031078134820244224
0.44285714285714284;703;88;1241;223;0.0300300907285411
0.44285714285714284;704;85;1233;226;0.029520946865147633
0.44285714285714284;705;71;1166;213;0.030269407760426383
0.44285714285714284;706;78;1229;201;0.029825765836838252
0.44285714285714284;707;81;1184;204;0.029788491088127717
0.44285714285714284;708;71;1252;200;0.03030170339663744
0.44285714285714284;709;74;1195;226;0.0290245490946067
0.44285714285714284;710;79;1183;229;0.030281924916889313
0.44285714285714284;711;83;1156;232;0.029284279016366564
0.44285714285714284;712;76;1217;227;0.029759321750178855
0.44285714285714284;713;77;1173;213;0.030381982285170243
0.44285714285714284;714;77;1232;238;0.030321133966408127
0.44285714285714284;715;67;1248;194;0.028948107515338488
0.44285714285714284;716;78;1214;228;0.029988091876085435
0.44285714285714284;717;76;1254;221;0.029541715539370274
0.44285714285714284;718;67;1236;190;0.030790743153858803
0.44285714285714284;719;85;1196;232;0.029923072949880156
0.44285714285714284;720;68;1228;235;0.030322188956826732
0.44285714285714284;721;63;1192;202;0.030880046901359665
0.44285714285714284;722;67;1199;204;0.029664493459966128
0.44285714285714284;723;61;1224;198;0.03007417257617356
0.44285714285714284;724;69;1194;220;0.02981827960717513
0.44285714285714284;725;88;1256;215;0.031010163805888176
0.44285714285714284;726;70;1252;207;0.029718239087193225
0.44285714285714284;727;77;1180;196;0.030472957207227896
0.44285714285714284;728;67;1208;197;0.02912422122088363
0.44285714285714284;729;85;1239;236;0.028419202871499426
0.44285714285714284;730;76;1229;201;0.030100585949548654
0.44285714285714284;731;91;1275;215;0.03045793644255907
0.44285714285714284;732;76;1229;188;0.029934699795921452
0.44285714285714284;733;74;1221;206;0.02911573337710878
0.44285714285714284;734;71;1233;206;0.030878050802878077
0.44285714285714284;735;85;1222;222;0.02902465063371978
0.44285714285714284;736;82;1226;212;0.03075003341233973
0.44285714285714284;737;70;1279;211;0.02949948103759154
0.44285714285714284;738;75;1216;212;0.030233423763989176
0.44285714285714284;739;87;1225;211;0.02974327199116004
0.44285714285714284;740;67;1193;214;0.029157733380297802
0.44285714285714284;741;79;1230;218;0.029357756052659643
0.44285714285714284;742;77;1209;217;0.030078503238971616
0.44285714285714284;743;51;1242;167;0.029331402948296722
0.44285714285714284;744;92;1195;239;0.02963673749856978
0.44285714285714284;745;78;1231;206;0.02948230904451647
0.44285714285714284;746;77;1203;216;0.030506904582593485
0.44285714285714284;747;74;1191;200;0.03028652237950902
0.44285714285714284;748;77;1199;194;0.03080987845931051
0.44285714285714284;749;71;1239;209;0.02860166655429538
0.44285714285714284;750;66;1150;204;0.030131963346207265
0.44285714285714284;751;70;1190;218;0.02925915482864714
0.44285714285714284;752;82;1240;224;0.030617528284825765
0.44285714285714284;753;77;1223;250;0.02970582590780493
0.44285714285714284;754;89;1161;196;0.03063606810663036
0.44285714285714284;755;76;1261;231;0.030527257747584465
0.44285714285714284;756;82;1217;231;0.03021640142046215
0.44285714285714284;757;78;1161;191;0.028763870329459235
0.44285714285714284;758;85;1248;234;0.03081041183019534
0.44285714285714284;759;67;1172;202;0.029821302868245875
0.44285714285714284;760;69;1236;207;0.02958932051731363
0.44285714285714284;761;72;1204;189;0.030126068277265584
0.44285714285714284;762;83;1234;206;0.0298737430501752
0.44285714285714284;763;67;1260;221;0.029296176859865446
0.44285714285714284;764;73;1228;208;0.028691127578022703
0.44285714285714284;765;85;1254;227;0.030563273697114892
0.44285714285714284;766;77;1215;216;0.030249090365664453
0.44285714285714284;767;66;1201;186;0.02968437263469414
0.44285714285714284;768;84;1207;219;0.0302700928162178
0.44285714285714284;769;83;1227;212;0.030933710255337286
0.44285714285714284;770;76;1193;189;0.029298326076038026
0.44285714285714284;771;66;1212;205;0.03127421423846966
0.44285714285714284;772;64;1247;190;0.029813905307526197
0.44285714285714284;773;79;1231;211;0.028578598376788944
0.44285714285714284;774;68;1251;219;0.029753128388327697
0.44285714285714284;775;93;1212;207;0.03046467041098376
0.44285714285714284;776;75;1193;193;0.031270926647982714
0.44285714285714284;777;71;1252;200;0.03145274739708216
0.44285714285714284;778;81;1215;193;0.030117177941788795
0.44285714285714284;779;64;1168;207;0.03013481259859791
0.44285714285714284;780;71;1247;196;0.030597883083947213
0.44285714285714284;781;71;1226;213;0.029218593132918986
0.44285714285714284;782;72;1224;184;0.029697558747097594
0.44285714285714284;783;72;1187;209;0.0302690558389779
0.44285714285714284;784;68;1199;200;0.029732285946227482
0.44285714285714284;785;72;1248;219;0.029347791545183338
0.44285714285714284;786;74;1253;196;0.029940012305218942
0.44285714285714284;787;67;1236;188;0.029960575016053474
0.44285714285714284;788;72;1231;212;0.028818202783620215
0.44285714285714284;789;75;1186;230;0.02926232108104048
0.44285714285714284;790;83;1236;219;0.029622396733617416
0.44285714285714284;791;78;1171;197;0.030323227887817997
0.44285714285714284;792;85;1191;204;0.02928791002946158
0.44285714285714284;793;64;1256;194;0.029878257593630993
0.44285714285714284;794;87;1192;240;0.02998120910539022
0.44285714285714284;795;73;1240;213;0.029490359614059925
0.44285714285714284;796;73;1242;222;0.030598345762667206
0.44285714285714284;797;64;1193;198;0.029379262038038038
0.44285714285714284;798;78;1185;192;0.03014277808516246
0.44285714285714284;799;72;1222;213;0.03027242038425
0.5571428571428572;800;82;1221;232;0.029186970566543985
0.5571428571428572;801;83;1207;215;0.029448941145102586
0.5571428571428572;802;81;1206;236;0.030580941437803495
0.5571428571428572;803;78;1232;223;0.02887219089994583
0.5571428571428572;804;67;1240;189;0.029418151580079595
0.5571428571428572;805;91;1217;259;0.029992261119810994
0.5571428571428572;806;72;1214;197;0.02976904426040147
0.5571428571428572;807;75;1207;220;0.03024723300491566
0.5571428571428572;808;69;1207;205;0.029773743495930944
0.5571428571428572;809;75;1264;218;0.030204581137802042
0.5571428571428572;810;74;1189;229;0.030496220264953813
0.5571428571428572;811;73;1195;193;0.030044750390708776
0.5571428571428572;812;71;1241;229;0.029056859430310476
0.5571428571428572;813;81;1199;244;0.02913179837917002
0.5571428571428572;814;72;1178;237;0.03138994836176002
0.5571428571428572;815;72;1225;192;0.03138426944863968
0.5571428571428572;816;69;1179;211;0.02920950139818638
0.5571428571428572;817;71;1190;206;0.02955843711739599
0.5571428571428572;818;70;1235;214;0.03013876683639389
0.5571428571428572;819;70;1208;218;0.030739221672600712
0.5571428571428572;820;68;1195;207;0.029485907410195737
0.5571428571428572;821;69;1212;215;0.03025390370096946
0.5571428571428572;822;65;1233;194;0.029930104844335753
0.5571428571428572;823;71;1226;179;0.029453982654300152
0.5571428571428572;824;79;1247;222;0.030753687403468146
0.5571428571428572;825;84;1198;209;0.030217654342468127
0.5571428571428572;826;60;1235;179;0.0286785287259352
0.5571428571428572;827;60;1187;195;0.030245223517936008
0.5571428571428572;828;66;1200;189;0.0301280134484517
0.5571428571428572;829;90;1210;216;0.03012020994225497
0.5571428571428572;830;93;1193;231;0.02872625074307125
0.5571428571428572;831;83;1237;188;0.03007101322828144
0.5571428571428572;832;68;1230;249;0.031171592230141442
0.5571428571428572;833;66;1219;200;0.029550687299493707
0.5571428571428572;834;70;1190;202;0.02902857366954749
0.5571428571428572;835;71;1189;215;0.02936659058748116
0.5571428571428572;836;84;1237;202;0.03001986118358143
0.5571428571428572;837;75;1194;195;0.030842088229160607
0.5571428571428572;838;84;1240;227;0.030729611694191087
0.5571428571428572;839;80;1204;207;0.030562554126560792
0.5571428571428572;840;72;1225;197;0.030242705760467486
0.5571428571428572;841;82;1203;205;0.03070940467584032
0.5571428571428572;842;59;1236;181;0.029241222981036534
0.5571428571428572;843;79;1235;207;0.03018525265253076
0.5571428571428572;844;63;1180;201;0.030621681785773697
0.5571428571428572;845;80;1267;207;0.029678430884816746
0.5571428571428572;846;64;1242;219;0.03093558852473957
0.5571428571428572;847;59;1258;183;0.029872339191807557
0.5571428571428572;848;75;1180;216;0.029215924633417947
0.5571428571428572;849;74;1196;199;0.02937305306405915
0.5571428571428572;850;72;1223;220;0.029599286932839444
0.5571428571428572;851;73;1250;192;0.029550501230037357
0.5571428571428572;852;78;1212;197;0.030154691395661695
0.5571428571428572;853;69;1194;199;0.028912596234919086
0.5571428571428572;854;77;1205;206;0.03009722888067099
0.5571428571428572;855;69;1257;217;0.030179846022317252
0.5571428571428572;856;94;1229;241;0.030589764289090292
0.5571428571428572;857;72;1253;202;0.030167842797089173
0.5571428571428572;858;83;1186;209;0.02990679614758432
0.5571428571428572;859;80;1218;213;0.029119859838402342
0.5571428571428572;860;68;1167;206;0.029711913855601676
0.5571428571428572;861;87;1222;209;0.02968330552271277
0.5571428571428572;862;90;1219;234;0.029681302840496897
0.5571428571428572;863;71;1221;184;0.029919020543546435
0.5571428571428572;864;70;1207;177;0.030195347254563524
0.5571428571428572;865;78;1216;207;0.030215490592344494
0.5571428571428572;866;94;1257;222;0.02994467572894205
0.5571428571428572;867;63;1206;179;0.02928745607755553
0.5571428571428572;868;79;1209;218;0.03001240355576408
0.5571428571428572;869;72;1214;214;0.029322183839473118
0.5571428571428572;870;82;1244;218;0.030449035914350393
0.5571428571428572;871;67;1197;224;0.029874585847895947
0.5571428571428572;872;87;1256;212;0.029605082616606354
0.5571428571428572;873;81;1226;218;0.031102298964988572
0.5571428571428572;874;64;1225;186;0.030349696712709286
0.5571428571428572;875;71;1167;200;0.030400793602802078
0.5571428571428572;876;80;1213;211;0.030779761673097077
0.5571428571428572;877;63;1280;191;0.030167684032786548
0.5571428571428572;878;74;1243;211;0.030355314673215283
0.5571428571428572;879;71;1229;222;0.02955783113276353
0.5571428571428572;880;63;1276;204;0.02995978434675372
0.5571428571428572;881;58;1192;193;0.030435743855532965
0.5571428571428572;882;85;1206;221;0.03073460022930836
0.5571428571428572;883;80;1225;205;0.030064991279691713
0.5571428571428572;884;66;1207;216;0.03066961657495214
0.5571428571428572;885;97;1194;213;0.02869908560021948
0.5571428571428572;886;76;1212;188;0.030293496066027378
0.5571428571428572;887;77;1226;227;0.030347715581163993
0.5571428571428572;888;89;1212;228;0.030158064515031273
0.5571428571428572;889;68;1214;203;0.02988444770732768
0.5571428571428572;890;80;1204;202;0.03103631456464567
0.5571428571428572;891;75;1197;218;0.02950261773141602
0.5571428571428572;892;87;1224;231;0.02982973516875732
0.5571428571428572;893;67;1212;188;0.03054326602297221
0.5571428571428572;894;67;1199;197;0.031960101312356826
0.5571428571428572;895;73;1210;231;0.030658489546000048
0.5571428571428572;896;72;1223;213;0.030877056768480966
0.5571428571428572;897;74;1164;200;0.030090543157343597
0.5571428571428572;898;83;1240;201;0.02926616094572556
0.5571428571428572;899;76;1260;219;0.030952813048907714
0.5571428571428572;900;80;1230;225;0.030029816290286542
0.5571428571428572;901;64;1223;210;0.030672725229418264
0.5571428571428572;902;75;1159;201;0.03092793705727796
0.5571428571428572;903;79;1253;196;0.030429553577831555
0.5571428571428572;904;76;1187;220;0.029749964137974306
0.5571428571428572;905;78;1217;216;0.029498578016304417
0.5571428571428572;906;88;1211;207;0.030308474581692366
0.5571428571428572;907;70;1212;203;0.03000425927797856
0.5571428571428572;908;68;1175;192;0.029159166517300536
0.5571428571428572;909;79;1267;212;0.02994191245164567
0.5571428571428572;910;77;1198;216;0.03134431071354293
0.5571428571428572;911;71;1258;200;0.03011416620347714
0.5571428571428572;912;63;1196;194;0.029715077759324693
0.5571428571428572;913;71;1238;185;0.030036083924037702
0.5571428571428572;914;58;1231;191;0.029797902630566742
0.5571428571428572;915;82;1269;213;0.029246057656312736
0.5571428571428572;916;68;1157;199;0.031141472146216296
0.5571428571428572;917;61;1230;190;0.0296099856176836
0.5571428571428572;918;76;1222;209;0.02952644955668576
0.5571428571428572;919;75;1223;194;0.029195613086199373
0.5571428571428572;920;79;1185;212;0.029929398019719146
0.5571428571428572;921;78;1219;210;0.02982898902996436
0.5571428571428572;922;76;1185;209;0.030051785225903366
0.5571428571428572;923;79;1220;208;0.030176114196924335
0.5571428571428572;924;90;1193;214;0.029902915766924082
0.5571428571428572;925;70;1226;209;0.029879860922576766
0.5571428571428572;926;68;1135;191;0.030550190683543813
0.5571428571428572;927;74;1253;222;0.02984239368908965
0.5571428571428572;928;77;1241;198;0.029254315868770538
0.5571428571428572;929;82;1194;227;0.029971172996953403
0.5571428571428572;930;84;1218;200;0.029011277719588655
0.5571428571428572;931;81;1183;199;0.030198257976593278
0.5571428571428572;932;74;1208;211;0.030901945557496747
0.5571428571428572;933;66;1254;209;0.02997808770316909
0.5571428571428572;934;71;1240;205;0.029660859362181043
0.5571428571428572;935;65;1200;214;0.029723732245644088
0.5571428571428572;936;75;1217;196;0.02991330603657612
0.5571428571428572;937;70;1252;221;0.030411682954277094
0.5571428571428572;938;78;1271;199;0.029776750141201062
0.5571428571428572;939;97;1226;235;0.02937965646168499
0.5571428571428572;940;81;1207;190;0.029952985290731565
0.5571428571428572;941;74;1189;200;0.03016078181321121
0.5571428571428572;942;74;1193;204;0.029062493347420944
0.5571428571428572;943;76;1212;198;0.031130950253613673
0.5571428571428572;944;74;1208;199;0.0305199511134291
0.5571428571428572;945;71;1202;229;0.029514267748210078
0.5571428571428572;946;82;1202;218;0.02982126452518324
0.5571428571428572;947;71;1238;214;0.031064982102943364
0.5571428571428572;948;66;1200;185;0.030508849432184085
0.5571428571428572;949;80;1195;225;0.030216293895095742
0.5571428571428572;950;92;1230;223;0.028398289559063504
0.5571428571428572;951;80;1235;221;0.03049269322124137
0.5571428571428572;952;77;1201;211;0.030525025932405865
0.5571428571428572;953;77;1211;211;0.0307798915214987
0.5571428571428572;954;84;1182;239;0.030096785533846968
0.5571428571428572;955;86;1239;205;0.030486662269586517
0.5571428571428572;956;81;1219;211;0.030579812636043226
0.5571428571428572;957;61;1200;200;0.03082036886469367
0.5571428571428572;958;64;1158;182;0.029696895873771986
0.5571428571428572;959;75;1233;206;0.029846253109897865
0.5571428571428572;960;88;1298;241;0.029373619071875315
0.5571428571428572;961;82;1184;225;0.029481319446729902
0.5571428571428572;962;70;1209;175;0.028998016520532025
0.5571428571428572;963;71;1252;197;0.030511668040636482
0.5571428571428572;964;80;1206;221;0.02951229848279572
0.5571428571428572;965;82;1239;215;0.030370303075523214
0.5571428571428572;966;79;1188;197;0.03040503649887349
0.5571428571428572;967;76;1182;204;0.030018359976133224
0.5571428571428572;968;66;1181;221;0.02920359163130607
0.5571428571428572;969;71;1236;196;0.029282116594148384
0.5571428571428572;970;58;1214;229;0.030598195161979626
0.5571428571428572;971;67;1190;203;0.028538041554703807
0.5571428571428572;972;81;1202;231;0.030311400267620227
0.5571428571428572;973;70;1253;218;0.030738617856508124
0.5571428571428572;974;69;1300;197;0.030131218059268893
0.5571428571428572;975;65;1240;207;0.02960719429729834
0.5571428571428572;976;84;1210;216;0.029377460282517635
0.5571428571428572;977;85;1241;205;0.030195231595576882
0.5571428571428572;978;84;1254;216;0.029829434659464277
0.5571428571428572;979;81;1229;215;0.030477907692725407
0.5571428571428572;980;76;1270;225;0.029745955395331158
0.5571428571428572;981;73;1210;220;0.030244145953554416
0.5571428571428572;982;70;1244;221;0.030169447494100145
0.5571428571428572;983;82;1228;230;0.029783016160182058
0.5571428571428572;984;74;1229;210;0.029366531238760644
0.5571428571428572;985;74;1230;216;0.029708403296126097
0.5571428571428572;986;73;1207;195;0.028806069783843306
0.5571428571428572;987;68;1220;191;0.029938115021694484
0.5571428571428572;988;73;1214;212;0.03041070796394794
0.5571428571428572;989;89;1181;228;0.03050557866974093
0.5571428571428572;990;65;1251;192;0.03043551891901351
0.5571428571428572;991;92;1217;260;0.03039811800243831
0.5571428571428572;992;66;1225;214;0.029949415802360817
0.5571428571428572;993;74;1261;212;0.031105658227012927
0.5571428571428572;994;57;1187;191;0.029360360143360808
0.5571428571428572;995;65;1258;187;0.030042692998317237
0.5571428571428572;996;90;1238;217;0.030164694639410294
0.5571428571428572;997;72;1234;179;0.02984679386196375
0.5571428571428572;998;81;1214;227;0.029990991741538665
0.5571428571428572;999;90;1185;206;0.030525327721124793
0.6714285714285715;1000;78;1220;234;0.030216284775723287
0.6714285714285715;1001;76;1185;207;0.030208141877524353
0.6714285714285715;1002;71;1259;217;0.029636833550649447
0.6714285714285715;1003;70;1244;221;0.029211482839593003
0.6714285714285715;1004;77;1236;207;0.030878390464266506
0.6714285714285715;1005;68;1241;204;0.03100768048296504
0.6714285714285715;1006;87;1195;219;0.030173523097061818
0.6714285714285715;1007;89;1237;220;0.030853058070017425
0.6714285714285715;1008;57;1220;186;0.029716034563143003
0.6714285714285715;1009;71;1193;204;0.029626802445749605
0.6714285714285715;1010;75;1195;208;0.03053562212367268
0.6714285714285715;1011;64;1231;192;0.029594780250416022
0.6714285714285715;1012;70;1227;214;0.03129452186792859
0.6714285714285715;1013;84;1201;206;0.030145531763539894
0.6714285714285715;1014;73;1226;183;0.029573234305432555
0.6714285714285715;1015;92;1203;244;0.029314996448415752
0.6714285714285715;1016;78;1195;199;0.030200939536950692
0.6714285714285715;1017;83;1250;231;0.030261351192940066
0.6714285714285715;1018;76;1264;225;0.030364697284826055
0.6714285714285715;1019;72;1215;190;0.030434931887885826
0.6714285714285715;1020;81;1231;212;0.030054459430316472
0.6714285714285715;1021;78;1187;222;0.029964448377859353
0.6714285714285715;1022;74;1244;214;0.030327533417893397
0.6714285714285715;1023;75;1166;231;0.02948313295293419
0.6714285714285715;1024;73;1241;183;0.030704424402932005
0.6714285714285715;1025;89;1267;234;0.029895831398825273
0.6714285714285715;1026;82;1216;242;0.03005085621958473
0.6714285714285715;1027;73;1237;202;0.030887983231651747
0.6714285714285715;1028;79;1248;216;0.030262954928729584
0.6714285714285715;1029;78;1256;209;0.030497398217045044
0.6714285714285715;1030;72;1208;205;0.02897279765190884
0.6714285714285715;1031;84;1236;227;0.03017301358134303
0.6714285714285715;1032;92;1236;218;0.030915191705408022
0.6714285714285715;1033;63;1240;223;0.030093542263793478
0.6714285714285715;1034;71;1196;205;0.029791887230083098
0.6714285714285715;1035;81;1206;218;0.029533801353579102
0.6714285714285715;1036;78;1228;213;0.031230707101401255
0.6714285714285715;1037;78;1244;213;0.029442497460908088
0.6714285714285715;1038;83;1210;220;0.030270959886396696
0.6714285714285715;1039;74;1203;191;0.02986272993345965
0.6714285714285715;1040;71;1243;201;0.029541681589318664
0.6714285714285715;1041;70;1159;216;0.030477393293207037
0.6714285714285715;1042;82;1244;204;0.02880253943339072
0.6714285714285715;1043;84;1218;207;0.0292413575169471
0.6714285714285715;1044;71;1201;183;0.02942933326059957
0.6714285714285715;1045;72;1196;212;0.030058550770491983
0.6714285714285715;1046;81;1191;236;0.0287734357333892
0.6714285714285715;1047;85;1189;216;0.03130526642436272
0.6714285714285715;1048;81;1202;235;0.030536984251568085
0.6714285714285715;1049;78;1235;221;0.030062689173844036
0.6714285714285715;1050;69;1246;202;0.030303963194642503
0.6714285714285715;1051;71;1179;200;0.029927998052345976
0.6714285714285715;1052;80;1175;209;0.02923156491321044
0.6714285714285715;1053;68;1254;195;0.029275355825609462
0.6714285714285715;1054;73;1212;190;0.02956538909519114
0.6714285714285715;1055;83;1202;232;0.029925850389512305
0.6714285714285715;1056;73;1193;203;0.03130092870936392
0.6714285714285715;1057;65;1197;196;0.02934428359390093
0.6714285714285715;1058;77;1212;240;0.03014773559970747
0.6714285714285715;1059;67;1219;208;0.029157046559266053
0.6714285714285715;1060;87;1190;210;0.02968538953080904
0.6714285714285715;1061;75;1261;232;0.030258207812694976
0.6714285714285715;1062;78;1215;206;0.02905444090210775
0.6714285714285715;1063;75;1243;203;0.030117362356789946
0.6714285714285715;1064;76;1240;197;0.029892972549202413
0.6714285714285715;1065;77;1258;210;0.029810972032275694
0.6714285714285715;1066;93;1208;263;0.030600015144903278
0.6714285714285715;1067;61;1220;200;0.0294272818328569
0.6714285714285715;1068;75;1184;201;0.030250543824899483
0.6714285714285715;1069;81;1262;194;0.02935683795720865
0.6714285714285715;1070;68;1181;190;0.030832640203716708
0.6714285714285715;1071;59;1241;205;0.030018823020930722
0.6714285714285715;1072;69;1249;205;0.03023440159977683
0.6714285714285715;1073;73;1250;195;0.029880794567766652
0.6714285714285715;1074;85;1227;193;0.030559179028298793
0.6714285714285715;1075;73;1188;203;0.030648813910986773
0.6714285714285715;1076;86;1223;214;0.030140471594144222
0.6714285714285715;1077;78;1217;236;0.029577703983954404
0.6714285714285715;1078;91;1194;218;0.02999513164421002
0.6714285714285715;1079;89;1207;217;0.029904763009793806
0.6714285714285715;1080;70;1219;196;0.031096010684345324
0.6714285714285715;1081;63;1219;206;0.030497687548307617
0.6714285714285715;1082;69;1277;187;0.0307216033257735
0.6714285714285715;1083;64;1232;192;0.030487801779190412
0.6714285714285715;1084;72;1213;195;0.03025620216026626
0.6714285714285715;1085;85;1166;224;0.030324315396211388
0.6714285714285715;1086;63;1172;190;0.02941228592835149
0.6714285714285715;1087;73;1207;207;0.031209302935192744
0.6714285714285715;1088;82;1191;216;0.03054784851489836
0.6714285714285715;1089;73;1245;209;0.03023003824274687
0.6714285714285715;1090;62;1238;220;0.03021029659956737
0.6714285714285715;1091;76;1187;216;0.02903897701686554
0.6714285714285715;1092;75;1149;193;0.030468261374439615
0.6714285714285715;1093;62;1164;183;0.029646575111643352
0.6714285714285715;1094;59;1245;184;0.030362810906878424
0.6714285714285715;1095;71;1184;202;0.02885502592881182
0.6714285714285715;1096;61;1236;187;0.030113550174027996
0.6714285714285715;1097;84;1276;221;0.03066903208092758
0.6714285714285715;1098;70;1199;219;0.03081026616538563
0.6714285714285715;1099;81;1203;226;0.029691105699533992
0.6714285714285715;1100;76;1196;223;0.03041901157892368
0.6714285714285715;1101;76;1220;200;0.03106650317325182
0.6714285714285715;1102;86;1258;229;0.030294468242898567
0.6714285714285715;1103;68;1260;218;0.030385562678294294
0.6714285714285715;1104;62;1234;194;0.03071401029954943
0.6714285714285715;1105;86;1200;216;0.030677720806188895
0.6714285714285715;1106;79;1208;233;0.02959646356944259
0.6714285714285715;1107;73;1205;217;0.029289839916744772
0.6714285714285715;1108;67;1234;198;0.03025393596641649
0.6714285714285715;1109;71;1222;209;0.03022340869709149
0.6714285714285715;1110;84;1185;203;0.029970613394042625
0.6714285714285715;1111;87;1211;211;0.03025332413001472
0.6714285714285715;1112;73;1230;200;0.030244331869384977
0.6714285714285715;1113;75;1253;225;0.030398331907622603
0.6714285714285715;1114;76;1256;242;0.02990151020561132
0.6714285714285715;1115;94;1239;229;0.03131997243694298
0.6714285714285715;1116;65;1225;205;0.030743198872190215
0.6714285714285715;1117;76;1197;208;0.030441404508462996
0.6714285714285715;1118;74;1193;212;0.02999464854949238
0.6714285714285715;1119;86;1195;216;0.030368103393467294
0.6714285714285715;1120;69;1174;221;0.02977321004945925
0.6714285714285715;1121;66;1220;210;0.02953860815831378
0.6714285714285715;1122;71;1232;211;0.030644890716761998
0.6714285714285715;1123;69;1233;179;0.030079380716298412
0.6714285714285715;1124;71;1232;200;0.030174652432715488
0.6714285714285715;1125;79;1242;214;0.02911666362038106
0.6714285714285715;1126;68;1175;203;0.030169213003915916
0.6714285714285715;1127;66;1256;211;0.029289613276552412
0.6714285714285715;1128;62;1195;197;0.029952289748086974
0.6714285714285715;1129;75;1263;187;0.029663667132519007
0.6714285714285715;1130;69;1208;208;0.030151740463560322
0.6714285714285715;1131;90;1237;230;0.029834628857460972
0.6714285714285715;1132;88;1229;222;0.030422963594411108
0.6714285714285715;1133;89;1251;223;0.02987157495519149
0.6714285714285715;1134;73;1192;211;0.03026944401610649
0.6714285714285715;1135;77;1186;206;0.030736754414551686
0.6714285714285715;1136;90;1230;254;0.030431738046623892
0.6714285714285715;1137;71;1219;201;0.0304221750603855
0.6714285714285715;1138;70;1204;200;0.030221397138646595
0.6714285714285715;1139;78;1231;185;0.029347584142440996
0.6714285714285715;1140;83;1211;199;0.030485272693377016
0.6714285714285715;1141;79;1185;199;0.030860635160072872
0.6714285714285715;1142;72;1287;190;0.029195284090739362
0.6714285714285715;1143;94;1211;226;0.0308575330772428
0.6714285714285715;1144;82;1226;215;0.029895735543040567
0.6714285714285715;1145;81;1231;217;0.03012820066580905
0.6714285714285715;1146;70;1204;192;0.03040003351819295
0.6714285714285715;1147;73;1183;206;0.03004396130464748
0.6714285714285715;1148;67;1250;203;0.02946364898534518
0.6714285714285715;1149;81;1239;240;0.02987160182333188
0.6714285714285715;1150;74;1177;213;0.0301031346029449
0.6714285714285715;1151;83;1237;227;0.030349270012893545
0.6714285714285715;1152;94;1259;218;0.03006642304572359
0.6714285714285715;1153;69;1208;204;0.02981925154025688
0.6714285714285715;1154;65;1228;198;0.029897578472374342
0.6714285714285715;1155;79;1189;216;0.0306074394580352
0.6714285714285715;1156;83;1218;237;0.03144644971248655
0.6714285714285715;1157;68;1234;203;0.03147335659355844
0.6714285714285715;1158;75;1206;201;0.030725948656472487
0.6714285714285715;1159;71;1231;213;0.030027041307352134
0.6714285714285715;1160;72;1207;188;0.030971681031623816
0.6714285714285715;1161;82;1250;208;0.029363095504549686
0.6714285714285715;1162;80;1220;237;0.029216438857867694
0.6714285714285715;1163;77;1202;225;0.029894820213110896
0.6714285714285715;1164;91;1190;257;0.03024590210904849
0.6714285714285715;1165;72;1240;220;0.029322374060313607
0.6714285714285715;1166;74;1195;224;0.02996245521947823
0.6714285714285715;1167;94;1226;227;0.030548909068560372
0.6714285714285715;1168;75;1288;232;0.03136565380859946
0.6714285714285715;1169;62;1194;196;0.030970050189028774
0.6714285714285715;1170;77;1215;184;0.02911620069454756
0.6714285714285715;1171;68;1202;201;0.029430260159712358
0.6714285714285715;1172;72;1231;207;0.03059136710103364
0.6714285714285715;1173;70;1264;216;0.030055324592644213
0.6714285714285715;1174;68;1262;212;0.030441995550086462
0.6714285714285715;1175;64;1242;200;0.030014023060140876
0.6714285714285715;1176;81;1233;213;0.030174706783636825
0.6714285714285715;1177;71;1238;192;0.030217880087721246
0.6714285714285715;1178;81;1223;226;0.029182719620415225
0.6714285714285715;1179;73;1283;211;0.03000376167056874
0.6714285714285715;1180;73;1228;206;0.03060219989978631
0.6714285714285715;1181;77;1205;209;0.02984498418411724
0.6714285714285715;1182;85;1230;207;0.02949731093204255
0.6714285714285715;1183;83;1195;218;0.030074452821803842
0.6714285714285715;1184;82;1246;209;0.03110284479518492
0.6714285714285715;1185;78;1166;228;0.02936793038048728
0.6714285714285715;1186;73;1185;204;0.029994520017575188
0.6714285714285715;1187;81;1194;215;0.030141736388908845
0.6714285714285715;1188;74;1237;199;0.02986865983076376
0.6714285714285715;1189;84;1250;205;0.029701475479673604
0.6714285714285715;1190;64;1182;183;0.031311599043980724
0.6714285714285715;1191;74;1204;193;0.030442829146268825
0.6714285714285715;1192;79;1199;211;0.02979593483797366
0.6714285714285715;1193;83;1226;203;0.029386918817380304
0.6714285714285715;1194;62;1231;176;0.03021353227661772
0.6714285714285715;1195;77;1223;202;0.029873712995126134
0.6714285714285715;1196;74;1208;220;0.03007619563656436
0.6714285714285715;1197;77;1154;197;0.0289883107696211
0.6714285714285715;1198;73;1191;191;0.03139306554350703
0.6714285714285715;1199;73;1256;192;0.0290846922341215
0.7857142857142857;1200;76;1182;207;0.029855638137148036
0.7857142857142857;1201;74;1253;212;0.030978871959156804
0.7857142857142857;1202;75;1170;203;0.030584341428962034
0.7857142857142857;1203;78;1162;192;0.029238422790701216
0.7857142857142857;1204;83;1245;248;0.030980741808995713
0.7857142857142857;1205;76;1258;207;0.03005474901448978
0.7857142857142857;1206;75;1274;210;0.03003557032303173
0.7857142857142857;1207;73;1231;210;0.030500715048243796
0.7857142857142857;1208;84;1205;244;0.030282975192271945
0.7857142857142857;1209;72;1197;182;0.029260966275479014
0.7857142857142857;1210;78;1187;214;0.03038406456377342
0.7857142857142857;1211;65;1150;193;0.029909237830142803
0.7857142857142857;1212;69;1139;196;0.0300511561146937
0.7857142857142857;1213;76;1227;210;0.030442972255661525
0.7857142857142857;1214;68;1219;197;0.030332715550444624
0.7857142857142857;1215;82;1255;225;0.030911533357693154
0.7857142857142857;1216;61;1180;191;0.030368424512519126
0.7857142857142857;1217;73;1247;205;0.029887618087099197
0.7857142857142857;1218;79;1219;222;0.03008648880001438
0.7857142857142857;1219;82;1195;214;0.03014024056059112
0.7857142857142857;1220;76;1220;214;0.030387828065658557
0.7857142857142857;1221;68;1236;239;0.029973989355628408
0.7857142857142857;1222;82;1230;199;0.03008477696645336
0.7857142857142857;1223;86;1252;231;0.030365589307993233
0.7857142857142857;1224;68;1200;173;0.029410193457480284
0.7857142857142857;1225;84;1246;228;0.030430247348504063
0.7857142857142857;1226;84;1210;198;0.029105279593188548
0.7857142857142857;1227;75;1182;198;0.03013237887959385
0.7857142857142857;1228;63;1233;167;0.02932115596506673
0.7857142857142857;1229;73;1229;232;0.030500027908655164
0.7857142857142857;1230;84;1229;236;0.029963087725976608
0.7857142857142857;1231;95;1232;214;0.03082460569070126
0.7857142857142857;1232;80;1243;251;0.029606921990684307
0.7857142857142857;1233;82;1182;212;0.0300057572537113
0.7857142857142857;1234;84;1207;218;0.029659249632176577
0.7857142857142857;1235;77;1200;215;0.0308741200982047
0.7857142857142857;1236;72;1184;208;0.030176509875717062
0.7857142857142857;1237;77;1194;208;0.03136241837828871
0.7857142857142857;1238;88;1230;221;0.03067205527905336
0.7857142857142857;1239;77;1221;224;0.030427599915409834
0.7857142857142857;1240;73;1230;221;0.030220727040178277
0.7857142857142857;1241;64;1242;212;0.031396668599582615
0.7857142857142857;1242;66;1214;186;0.029288124551467443
0.7857142857142857;1243;72;1156;199;0.03155982203077282
0.7857142857142857;1244;73;1216;182;0.030857759228036914
0.7857142857142857;1245;64;1229;203;0.02920820104113432
0.7857142857142857;1246;77;1274;207;0.029090826266662036
0.7857142857142857;1247;85;1174;200;0.03052312029609191
0.7857142857142857;1248;72;1232;208;0.029248510123899278
0.7857142857142857;1249;86;1163;206;0.03060264748170763
0.7857142857142857;1250;74;1205;203;0.029961623169309518
0.7857142857142857;1251;71;1237;187;0.030871658920189535
0.7857142857142857;1252;62;1244;171;0.030748237428129665
0.7857142857142857;1253;80;1277;179;0.02948314131294335
0.7857142857142857;1254;73;1204;204;0.02942583955961315
0.7857142857142857;1255;81;1226;227;0.03148518466204773
0.7857142857142857;1256;75;1266;217;0.03049082924786589
0.7857142857142857;1257;86;1201;231;0.03006175269890698
0.7857142857142857;1258;82;1161;204;0.030027342882904262
0.7857142857142857;1259;78;1226;209;0.030363031723055985
0.7857142857142857;1260;71;1238;186;0.029557884205809622
0.7857142857142857;1261;77;1180;224;0.02996359931777717
0.7857142857142857;1262;78;1216;189;0.02959976987767487
0.7857142857142857;1263;85;1199;216;0.02923604678079098
0.7857142857142857;1264;66;1236;182;0.03098705878570351
0.7857142857142857;1265;86;1234;245;0.029555990963801265
0.7857142857142857;1266;77;1232;235;0.030839701249812487
0.7857142857142857;1267;90;1177;236;0.03084099880814549
0.7857142857142857;1268;79;1253;217;0.029978180215635218
0.7857142857142857;1269;68;1199;179;0.02970742063164251
0.7857142857142857;1270;69;1197;209;0.031358749038213354
0.7857142857142857;1271;64;1206;179;0.029929764481237683
0.7857142857142857;1272;80;1239;209;0.030283779341246823
0.7857142857142857;1273;76;1227;230;0.030642370090906836
0.7857142857142857;1274;75;1225;206;0.02966783512004922
0.7857142857142857;1275;78;1254;219;0.030089536104425246
0.7857142857142857;1276;84;1185;201;0.029644486784581595
0.7857142857142857;1277;72;1227;229;0.030312060618071714
0.7857142857142857;1278;77;1226;210;0.02989574781464816
0.7857142857142857;1279;72;1139;204;0.030311953536403688
0.7857142857142857;1280;85;1212;213;0.030349964972244983
0.7857142857142857;1281;76;1258;188;0.030466367925947892
0.7857142857142857;1282;84;1221;230;0.03106442896890328
0.7857142857142857;1283;91;1221;243;0.02951967453469407
0.7857142857142857;1284;67;1222;210;0.030928030033514277
0.7857142857142857;1285;63;1274;214;0.028906914275724255
0.7857142857142857;1286;80;1225;220;0.029857962897735704
0.7857142857142857;1287;72;1152;209;0.029180931227743012
0.7857142857142857;1288;75;1288;212;0.031672799685497376
0.7857142857142857;1289;53;1210;182;0.030026771999604976
0.7857142857142857;1290;68;1234;211;0.030392302732946238
0.7857142857142857;1291;70;1181;209;0.03072203676323585
0.7857142857142857;1292;72;1220;225;0.029734209030375047
0.7857142857142857;1293;74;1240;189;0.030038039374573666
0.7857142857142857;1294;81;1218;207;0.02961184994028913
0.7857142857142857;1295;78;1231;237;0.030208023289961656
0.7857142857142857;1296;64;1274;188;0.029965965132708675
0.7857142857142857;1297;84;1242;223;0.030119239366195514
0.7857142857142857;1298;76;1210;198;0.02968049209202424
0.7857142857142857;1299;78;1214;189;0.030270981338681793
0.7857142857142857;1300;68;1234;190;0.03041094889462541
0.7857142857142857;1301;85;1226;226;0.030072853997707642
0.7857142857142857;1302;63;1217;236;0.029942581055365423
0.7857142857142857;1303;88;1209;231;0.03126254921162159
0.7857142857142857;1304;63;1166;203;0.03149974457931956
0.7857142857142857;1305;70;1249;202;0.030010211466196958
0.7857142857142857;1306;75;1220;203;0.03028522902828591
0.7857142857142857;1307;71;1242;210;0.03071660311560637
0.7857142857142857;1308;70;1234;183;0.030177237851966153
0.7857142857142857;1309;80;1196;212;0.030908626478967582
0.7857142857142857;1310;81;1236;212;0.02974300923488614
0.7857142857142857;1311;73;1193;188;0.029638740755490812
0.7857142857142857;1312;74;1235;204;0.030047071215539616
0.7857142857142857;1313;56;1202;181;0.029464004622235276
0.7857142857142857;1314;79;1184;217;0.029654652850012782
0.7857142857142857;1315;63;1202;193;0.029738717866736646
0.7857142857142857;1316;75;1235;209;0.02894806148516648
0.7857142857142857;1317;69;1225;211;0.03125348857079117
0.7857142857142857;1318;60;1206;196;0.028953661204271865
0.7857142857142857;1319;87;1250;226;0.030572413162282732
0.7857142857142857;1320;71;1206;224;0.029048832640054423
0.7857142857142857;1321;73;1213;224;0.029699235083533355
0.7857142857142857;1322;74;1207;212;0.029930747182028414
0.7857142857142857;1323;56;1226;191;0.029300121804794094
0.7857142857142857;1324;72;1167;229;0.030316186869178034
0.7857142857142857;1325;81;1197;224;0.030078889236865074
0.7857142857142857;1326;68;1228;207;0.030019109106922487
0.7857142857142857;1327;65;1244;208;0.030397682314164228
0.7857142857142857;1328;75;1214;204;0.029565214476605043
0.7857142857142857;1329;77;1269;219;0.03174596574992567
0.7857142857142857;1330;82;1201;215;0.030375608599559442
0.7857142857142857;1331;73;1197;227;0.03020421184161864
0.7857142857142857;1332;63;1187;204;0.029569747887389804
0.7857142857142857;1333;68;1202;204;0.030092399408498106
0.7857142857142857;1334;57;1248;191;0.03022647119714887
0.7857142857142857;1335;73;1208;202;0.0308780803310132
0.7857142857142857;1336;80;1215;223;0.030277058947242436
0.7857142857142857;1337;81;1194;231;0.029777424210373094
0.7857142857142857;1338;77;1221;196;0.030265319798840153
0.7857142857142857;1339;79;1242;238;0.029539305409142565
0.7857142857142857;1340;75;1230;219;0.02968696602442201
0.7857142857142857;1341;78;1225;205;0.03088292732000534
0.7857142857142857;1342;74;1244;210;0.030518812043257442
0.7857142857142857;1343;77;1219;197;0.029497614174073084
0.7857142857142857;1344;91;1200;221;0.03052316277341122
0.7857142857142857;1345;84;1288;210;0.029554102973821113
0.7857142857142857;1346;88;1182;230;0.029860656894025183
0.7857142857142857;1347;55;1244;198;0.02985244635620469
0.7857142857142857;1348;64;1240;182;0.03006828629339967
0.7857142857142857;1349;74;1204;210;0.02963903512786454
0.7857142857142857;1350;88;1191;226;0.03158414232306979
0.7857142857142857;1351;75;1169;216;0.029602522559934025
0.7857142857142857;1352;70;1224;213;0.029943200853429684
0.7857142857142857;1353;88;1207;217;0.030139415664963205
0.7857142857142857;1354;68;1247;219;0.029161634827656463
0.7857142857142857;1355;71;1225;209;0.029756338618528562
0.7857142857142857;1356;68;1237;169;0.029353196726666562
0.7857142857142857;1357;72;1217;195;0.029886305974697668
0.7857142857142857;1358;83;1216;198;0.029630487212124176
0.7857142857142857;1359;73;1186;188;0.028840774398125244
0.7857142857142857;1360;73;1186;208;0.03077763698593948
0.7857142857142857;1361;58;1194;171;0.02931529611472847
0.7857142857142857;1362;75;1280;203;0.028938948233652714
0.7857142857142857;1363;99;1225;218;0.029885312246801642
0.7857142857142857;1364;70;1209;196;0.02983654603966383
0.7857142857142857;1365;73;1244;209;0.03133488709162743
0.7857142857142857;1366;77;1219;207;0.030569857753794834
0.7857142857142857;1367;68;1215;205;0.03004696755022145
0.7857142857142857;1368;92;1260;221;0.030062478655684673
0.7857142857142857;1369;65;1179;200;0.0305442558522352
0.7857142857142857;1370;94;1208;272;0.03066926762672707
0.7857142857142857;1371;90;1211;239;0.03024603838835941
0.7857142857142857;1372;87;1219;218;0.030674125136813495
0.7857142857142857;1373;77;1276;216;0.03059251926005582
0.7857142857142857;1374;74;1294;203;0.029994886129699846
0.7857142857142857;1375;74;1248;206;0.02983084058277505
0.7857142857142857;1376;63;1225;202;0.029633850939126762
0.7857142857142857;1377;79;1264;242;0.028842630767019255
0.7857142857142857;1378;73;1232;229;0.030029519596170916
0.7857142857142857;1379;62;1179;192;0.03017049171266404
0.7857142857142857;1380;67;1258;182;0.029095166512158974
0.7857142857142857;1381;66;1213;221;0.030065506801946865
0.7857142857142857;1382;70;1229;210;0.03082448235096317
0.7857142857142857;1383;71;1218;196;0.029931268965009798
0.7857142857142857;1384;67;1217;188;0.03099377551138931
0.7857142857142857;1385;64;1215;172;0.030204968733711195
0.7857142857142857;1386;70;1218;206;0.030712505218286515
0.7857142857142857;1387;81;1206;218;0.031457871441604716
0.7857142857142857;1388;91;1209;234;0.0291939239312096
0.7857142857142857;1389;79;1209;220;0.03071550278824719
0.7857142857142857;1390;85;1252;226;0.030227956871863047
0.7857142857142857;1391;91;1225;225;0.030535538695476455
0.7857142857142857;1392;81;1240;216;0.031225768360709043
0.7857142857142857;1393;87;1227;211;0.0299935329632542
0.7857142857142857;1394;70;1175;211;0.029309425310633266
0.7857142857142857;1395;74;1209;197;0.03007626532691687
0.7857142857142857;1396;61;1244;188;0.030545597173256434
0.7857142857142857;1397;59;1197;192;0.029876296050006135
0.7857142857142857;1398;76;1266;196;0.03039536451064017
0.7857142857142857;1399;77;1210;219;0.03036811785961187
0.9;1400;79;1197;223;0.0294880268402273
0.9;1401;80;1257;218;0.03035288807054788
0.9;1402;77;1230;210;0.031052220026381194
0.9;1403;92;1211;228;0.030027891923610887
0.9;1404;73;1214;222;0.029940058285856174
0.9;1405;69;1197;199;0.02995656823911139
0.9;1406;64;1210;207;0.03179550982933424
0.9;1407;68;1237;193;0.029574636279831413
0.9;1408;76;1191;207;0.029967876046914796
0.9;1409;71;1188;204;0.03045218660505619
0.9;1410;66;1229;213;0.029383910398757186
0.9;1411;79;1186;230;0.02976888806808477
0.9;1412;75;1205;219;0.03068650656320796
0.9;1413;71;1194;222;0.02959701813897549
0.9;1414;69;1228;222;0.0306147817809736
0.9;1415;83;1216;216;0.030682114127688037
0.9;1416;84;1205;203;0.030417000104820433
0.9;1417;78;1305;212;0.029719219917150555
0.9;1418;67;1170;201;0.02924372173019267
0.9;1419;70;1176;191;0.031185297401480145
0.9;1420;87;1225;215;0.030628158970320455
0.9;1421;72;1220;215;0.02997708345740012
0.9;1422;89;1252;250;0.030111872349269053
0.9;1423;64;1219;212;0.03000756915322792
0.9;1424;82;1188;230;0.03115766871765069
0.9;1425;67;1208;230;0.030938271096628497
0.9;1426;79;1239;232;0.030142137439418303
0.9;1427;70;1232;207;0.029133512972035286
0.9;1428;77;1224;212;0.029692105107793177
0.9;1429;68;1164;170;0.029955958412346367
0.9;1430;60;1218;200;0.030497517911668978
0.9;1431;73;1190;203;0.030758136316049973
0.9;1432;78;1126;199;0.030156689005476467
0.9;1433;77;1215;230;0.030454124457712527
0.9;1434;81;1226;240;0.030593658105163405
0.9;1435;82;1272;222;0.030479521767994597
0.9;1436;75;1187;233;0.03097293528747927
0.9;1437;71;1193;204;0.031304892642297674
0.9;1438;77;1234;208;0.03018945101708408
0.9;1439;68;1264;194;0.030103128310508744
0.9;1440;79;1199;221;0.029411616108594652
0.9;1441;79;1270;206;0.030658566558169186
0.9;1442;61;1218;195;0.029943760849649136
0.9;1443;78;1210;204;0.030088030835128215
0.9;1444;97;1160;219;0.0300370854635085
0.9;1445;76;1216;199;0.030827323318360716
0.9;1446;71;1188;210;0.029641191514571286
0.9;1447;81;1208;208;0.029241034692111166
0.9;1448;58;1220;205;0.030176511449656565
0.9;1449;89;1241;240;0.03005455068487128
0.9;1450;73;1210;221;0.03143264090341289
0.9;1451;68;1214;208;0.02903415607948277
0.9;1452;78;1203;204;0.03075971206480346
0.9;1453;64;1214;193;0.031020645967128873
0.9;1454;64;1160;187;0.030242293617578193
0.9;1455;76;1234;199;0.029419247577014748
0.9;1456;90;1195;229;0.028743735505960034
0.9;1457;66;1235;195;0.031383674780102774
0.9;1458;84;1231;215;0.03099747831239123
0.9;1459;79;1212;223;0.029786638929947623
0.9;1460;70;1244;203;0.030213727460245247
0.9;1461;74;1191;198;0.030022894461847086
0.9;1462;66;1199;189;0.03127829589624922
0.9;1463;71;1233;206;0.030181443162466685
0.9;1464;78;1249;227;0.03097449986072254
0.9;1465;62;1209;208;0.030497198734269725
0.9;1466;74;1246;230;0.029525753286595128
0.9;1467;79;1224;203;0.029968045056946148
0.9;1468;86;1173;239;0.0297100614321465
0.9;1469;67;1217;195;0.029711844405096346
0.9;1470;65;1209;192;0.030629522864148055
0.9;1471;62;1197;214;0.03051920650380082
0.9;1472;70;1220;199;0.030831668929284475
0.9;1473;90;1196;213;0.029920458733100813
0.9;1474;60;1202;200;0.030567951757393925
0.9;1475;81;1233;218;0.02976601561041332
0.9;1476;68;1208;186;0.03070389905069938
0.9;1477;88;1205;233;0.030259231823044498
0.9;1478;79;1239;217;0.030275574210797726
0.9;1479;72;1219;211;0.0294309786707781
0.9;1480;72;1200;205;0.0302598185704236
0.9;1481;76;1229;230;0.02911238452438665
0.9;1482;86;1207;219;0.029551429795169316
0.9;1483;76;1184;201;0.03044926498178349
0.9;1484;83;1242;222;0.03042223120517304
0.9;1485;71;1218;221;0.028916406503195248
0.9;1486;63;1260;181;0.029589564048398173
0.9;1487;69;1217;205;0.03075779700193349
0.9;1488;86;1202;211;0.028812742778245977
0.9;1489;85;1183;207;0.029444697331182587
0.9;1490;75;1185;204;0.029996398774732324
0.9;1491;86;1298;215;0.03050615768145417
0.9;1492;93;1217;232;0.03018152903233963
0.9;1493;79;1228;231;0.03117403958298653
0.9;1494;86;1233;222;0.030341483541441693
0.9;1495;74;1201;215;0.03003625937360987
0.9;1496;78;1205;218;0.02999370170828261
0.9;1497;74;1177;230;0.031250217728723544
0.9;1498;78;1179;218;0.029909143054107017
0.9;1499;62;1247;192;0.028914666981769657
0.9;1500;80;1224;210;0.029939648590725933
0.9;1501;70;1212;203;0.030131529979407386
0.9;1502;77;1233;216;0.030231025714491228
0.9;1503;78;1231;213;0.030390566054619088
0.9;1504;70;1149;174;0.03149663736491391
0.9;1505;76;1223;209;0.031039836266479777
0.9;1506;75;1152;228;0.030275487917027184
0.9;1507;81;1162;237;0.030914324455041057
0.9;1508;63;1229;184;0.029402386838568113
0.9;1509;86;1207;201;0.02997233854847902
0.9;1510;72;1265;206;0.030475676372641595
0.9;1511;77;1238;198;0.029308082503077464
0.9;1512;91;1202;204;0.02934118788526167
0.9;1513;71;1185;222;0.029799139548391654
0.9;1514;70;1255;196;0.03011390387025604
0.9;1515;77;1210;222;0.029885380901113284
0.9;1516;64;1228;207;0.029242762764667803
0.9;1517;72;1215;218;0.03027887942700943
0.9;1518;74;1167;184;0.0295337660908667
0.9;1519;59;1200;199;0.029671800907029724
0.9;1520;81;1181;207;0.02931795176703486
0.9;1521;89;1233;243;0.03084203898911026
0.9;1522;73;1195;218;0.03010123940120618
0.9;1523;77;1228;233;0.03098679083348232
0.9;1524;58;1201;191;0.028796820943877123
0.9;1525;70;1194;205;0.02958973922631467
0.9;1526;82;1214;214;0.0308146259068081
0.9;1527;82;1282;209;0.03000608005870077
0.9;1528;91;1231;200;0.03084215988207714
0.9;1529;68;1181;218;0.029214950290930995
0.9;1530;74;1198;186;0.02989938576509381
0.9;1531;72;1219;224;0.03075414599900337
0.9;1532;74;1216;206;0.02946422189968181
0.9;1533;79;1222;218;0.029618846964153265
0.9;1534;89;1206;226;0.029288498272464616
0.9;1535;86;1231;212;0.02918844747595883
0.9;1536;75;1207;195;0.03028291851953179
0.9;1537;74;1240;218;0.030104357625454953
0.9;1538;84;1215;222;0.029963869783113863
0.9;1539;72;1231;205;0.030801009847199586
0.9;1540;70;1207;195;0.02978121481507077
0.9;1541;70;1191;193;0.030041522159771305
0.9;1542;71;1245;223;0.03134967537473536
0.9;1543;74;1206;220;0.030296186299379812
0.9;1544;72;1231;194;0.02988578180539715
0.9;1545;63;1140;171;0.029724930147446576
0.9;1546;69;1221;205;0.030202340284123476
0.9;1547;59;1229;204;0.029871241573560026
0.9;1548;59;1211;207;0.029959989616380328
0.9;1549;67;1221;184;0.02999013222769788
0.9;1550;82;1258;224;0.030142536708088048
0.9;1551;72;1239;220;0.03104342109915828
0.9;1552;71;1241;217;0.02939129281150053
0.9;1553;66;1266;216;0.029990239124608842
0.9;1554;81;1210;220;0.02939075599876308
0.9;1555;85;1202;229;0.03046373312324994
0.9;1556;75;1191;187;0.030508806809620523
0.9;1557;76;1241;211;0.03034370592378771
0.9;1558;60;1214;186;0.02962751248394619
0.9;1559;57;1250;186;0.029586966081805114
0.9;1560;85;1178;238;0.03014844633557463
0.9;1561;64;1184;203;0.030003350769204937
0.9;1562;80;1215;216;0.029681487403643632
0.9;1563;68;1218;199;0.030248800299292986
0.9;1564;84;1269;214;0.028954310496353917
0.9;1565;60;1240;202;0.03003493375640821
0.9;1566;68;1216;204;0.03129741907091355
0.9;1567;71;1237;196;0.02992827886889007
0.9;1568;74;1201;206;0.030774879677364995
0.9;1569;72;1219;205;0.030654743550062997
0.9;1570;69;1238;226;0.029873086587896357
0.9;1571;76;1242;195;0.03006675113592396
0.9;1572;73;1246;213;0.03093681079509048
0.9;1573;74;1216;218;0.030907753113332142
0.9;1574;77;1277;198;0.02995090398023823
0.9;1575;75;1267;214;0.03079533834089714
0.9;1576;82;1208;221;0.029411497215444157
0.9;1577;75;1259;236;0.02966212714041557
0.9;1578;82;1252;217;0.02958824874136083
0.9;1579;68;1201;190;0.030402141942696453
0.9;1580;68;1221;169;0.030082501888475444
0.9;1581;68;1235;200;0.030427077082465316
0.9;1582;71;1198;193;0.0299438931248268
0.9;1583;77;1253;214;0.031336741493605186
0.9;1584;77;1142;196;0.030407967162869552
0.9;1585;84;1239;230;0.030770596941134452
0.9;1586;63;1171;207;0.03097087574382728
0.9;1587;69;1176;217;0.030586592314118415
0.9;1588;94;1239;249;0.030509688596940483
0.9;1589;81;1196;250;0.030754905816735977
0.9;1590;102;1247;235;0.02997027899327736
0.9;1591;76;1224;212;0.028945697401132266
0.9;1592;75;1207;189;0.03087581200627891
0.9;1593;71;1250;240;0.03038622062623026
0.9;1594;87;1223;239;0.029542356090051316
0.9;1595;74;1193;211;0.030208512313924022
0.9;1596;74;1223;205;0.029387730275357724
0.9;1597;74;1212;219;0.029990219740878277
0.9;1598;81;1189;210;0.030845446238926304
0.9;1599;80;1210;210;0.030156441952692147
