pct_change_wage;Run;Denounce;Females;Got attacked;Stress
0.01;0;73;1215;194;0.029081218023373556
0.01;1;83;1233;229;0.03063201812481938
0.01;2;86;1217;223;0.029272898635491675
0.01;3;72;1192;201;0.03039671207023003
0.01;4;72;1171;212;0.030124782844655387
0.01;5;81;1239;215;0.030134956689982208
0.01;6;82;1241;219;0.03032528936836337
0.01;7;68;1257;183;0.02998872505783751
0.01;8;72;1192;229;0.03033841569878336
0.01;9;87;1210;213;0.03103039816999678
0.01;10;74;1191;237;0.029667750342627745
0.01;11;80;1213;192;0.030395860215883416
0.01;12;69;1224;199;0.03114219761752956
0.01;13;63;1185;198;0.030046870554770743
0.01;14;73;1186;220;0.030509757120664293
0.01;15;81;1175;215;0.030346576862985756
0.01;16;88;1213;229;0.030486680868289127
0.01;17;89;1254;215;0.029667322149825422
0.01;18;74;1232;222;0.030977054671708932
0.01;19;78;1251;198;0.03043615360351208
0.01;20;85;1190;212;0.03034041000933817
0.01;21;74;1271;201;0.030020102440573068
0.01;22;81;1194;217;0.02982067337572614
0.01;23;83;1212;204;0.02999901610058567
0.01;24;72;1224;211;0.029139118563301487
0.01;25;68;1198;206;0.029740222684530117
0.01;26;66;1250;202;0.029092318784728826
0.01;27;72;1192;202;0.029343711920365716
0.01;28;81;1240;234;0.030153826257623438
0.01;29;75;1191;207;0.030855634687565053
0.01;30;76;1172;200;0.02922113075250089
0.01;31;80;1189;209;0.0301417345149912
0.01;32;70;1227;201;0.029591663170166326
0.01;33;84;1260;203;0.030200461052098372
0.01;34;92;1267;241;0.030630577260132578
0.01;35;75;1249;206;0.03045729759528542
0.01;36;71;1232;203;0.029819493851222297
0.01;37;87;1281;232;0.03046734157880517
0.01;38;74;1220;207;0.03079281944240186
0.01;39;69;1216;192;0.03038732704385239
0.01;40;59;1193;191;0.03010457040941696
0.01;41;79;1196;241;0.030752238477475685
0.01;42;72;1268;201;0.030769285694695683
0.01;43;70;1182;185;0.029682564319634966
0.01;44;65;1221;195;0.029928797201400063
0.01;45;98;1203;240;0.031354855394156535
0.01;46;81;1235;229;0.030906744569602577
0.01;47;54;1206;179;0.030441648783042792
0.01;48;74;1195;225;0.03017898409143079
0.01;49;74;1234;186;0.030146994427202554
0.01;50;76;1212;203;0.030572504801742287
0.01;51;71;1155;224;0.0304896835484325
0.01;52;83;1256;208;0.029717048111087503
0.01;53;66;1243;183;0.02970334562568373
0.01;54;80;1192;212;0.03015721868110829
0.01;55;77;1202;242;0.031598788025454294
0.01;56;77;1206;224;0.030746655097146258
0.01;57;68;1174;190;0.029918896555638938
0.01;58;78;1194;234;0.030223932995261504
0.01;59;74;1167;238;0.0293696199198486
0.01;60;70;1208;208;0.03003861268052915
0.01;61;74;1174;207;0.030640590130660058
0.01;62;76;1227;203;0.030419252501270408
0.01;63;83;1230;202;0.029612049922761643
0.01;64;83;1237;202;0.02968888090453623
0.01;65;75;1190;198;0.029886238389304626
0.01;66;82;1219;219;0.030025259889096795
0.01;67;88;1194;225;0.030836961462312573
0.01;68;73;1237;207;0.02848494200907431
0.01;69;82;1262;198;0.029376202867505526
0.01;70;75;1223;213;0.029674561280858443
0.01;71;83;1212;215;0.03080205421228339
0.01;72;61;1195;186;0.030092031842605227
0.01;73;71;1214;203;0.03113451555613469
0.01;74;75;1246;205;0.029712260898936287
0.01;75;95;1282;237;0.030047974349702782
0.01;76;82;1242;213;0.030150949584864195
0.01;77;69;1249;185;0.03019264206333682
0.01;78;79;1195;210;0.030697580616381618
0.01;79;78;1205;204;0.02920328106586926
0.01;80;98;1240;234;0.030540355405238227
0.01;81;71;1163;199;0.03029589168104878
0.01;82;72;1234;200;0.029669769054951594
0.01;83;82;1238;227;0.02983200568704684
0.01;84;64;1184;186;0.029395954278754646
0.01;85;78;1172;201;0.03145798630654452
0.01;86;96;1223;233;0.030407160219236205
0.01;87;89;1263;238;0.030409321876901166
0.01;88;81;1255;219;0.030136125302035053
0.01;89;87;1225;207;0.03039364051862905
0.01;90;62;1231;185;0.030628394891321884
0.01;91;84;1240;244;0.030451767642638756
0.01;92;77;1219;219;0.029812232969716083
0.01;93;81;1262;213;0.029900672885426128
0.01;94;82;1192;214;0.029484844504228384
0.01;95;72;1242;188;0.029441813487554553
0.01;96;81;1244;232;0.03038670252345212
0.01;97;64;1231;207;0.031617598579665014
0.01;98;65;1209;223;0.029468597009311957
0.01;99;76;1211;173;0.02997444413711904
0.01;100;69;1234;178;0.030253259861590623
0.01;101;72;1205;201;0.030370322486879313
0.01;102;73;1232;199;0.03219023368711028
0.01;103;75;1160;224;0.029923357729439038
0.01;104;76;1240;203;0.030454668072410283
0.01;105;63;1227;186;0.02913100258123676
0.01;106;74;1245;207;0.030138881191529653
0.01;107;82;1243;226;0.029942383881819055
0.01;108;62;1253;191;0.02999550605985323
0.01;109;79;1238;203;0.03114368494627249
0.01;110;67;1220;190;0.030763522463971894
0.01;111;81;1238;229;0.03011737940078121
0.01;112;77;1201;218;0.030499238056990754
0.01;113;71;1232;218;0.030154909392929443
0.01;114;58;1228;184;0.028900477002188292
0.01;115;76;1236;197;0.029581135133349784
0.01;116;82;1273;231;0.02938490672614527
0.01;117;73;1207;199;0.031151007733968686
0.01;118;84;1218;212;0.030229695238993423
0.01;119;80;1242;209;0.02931415446311571
0.01;120;67;1192;217;0.02993715954081579
0.01;121;82;1237;231;0.030568008931472133
0.01;122;67;1180;219;0.030945765237105804
0.01;123;100;1162;249;0.030304610815693182
0.01;124;63;1252;215;0.030222150860866548
0.01;125;83;1247;209;0.031191881568646544
0.01;126;63;1196;180;0.029770165916732705
0.01;127;74;1218;226;0.030388343822791163
0.01;128;81;1228;223;0.02998073446395472
0.01;129;59;1239;222;0.030219539699421583
0.01;130;84;1252;211;0.030030171120340895
0.01;131;74;1215;213;0.029916195126289173
0.01;132;84;1251;223;0.03087849181398452
0.01;133;73;1150;229;0.029731065880441995
0.01;134;85;1246;237;0.02979669977117805
0.01;135;78;1277;217;0.028986393233582246
0.01;136;76;1199;230;0.031150611873025397
0.01;137;89;1187;212;0.02990397744933308
0.01;138;95;1238;229;0.029430863183925952
0.01;139;77;1272;212;0.029913556767820936
0.01;140;93;1240;211;0.030319079620891597
0.01;141;61;1207;165;0.02911815936505315
0.01;142;56;1195;176;0.03169321015798468
0.01;143;80;1207;240;0.03007088785387624
0.01;144;65;1228;203;0.03058405435602894
0.01;145;56;1199;191;0.030970738794318466
0.01;146;68;1175;191;0.029567600136964082
0.01;147;62;1188;186;0.02936131014860699
0.01;148;82;1205;228;0.02921868794987541
0.01;149;68;1264;201;0.029575061207018045
0.01;150;84;1214;249;0.030139465592282904
0.01;151;85;1232;234;0.030719970600825923
0.01;152;70;1277;215;0.029471258509860883
0.01;153;59;1219;218;0.03175460105280162
0.01;154;88;1240;220;0.030564833214767214
0.01;155;61;1148;192;0.029269120061581205
0.01;156;77;1228;206;0.030161848162166525
0.01;157;75;1198;216;0.029919495177619247
0.01;158;81;1196;200;0.03070647748764965
0.01;159;65;1265;198;0.030363934021176986
0.01;160;72;1193;193;0.029447823289290475
0.01;161;59;1181;204;0.030394613394776632
0.01;162;71;1219;196;0.029897358669610987
0.01;163;68;1206;177;0.029869117329471267
0.01;164;73;1211;222;0.02917915221287433
0.01;165;80;1233;202;0.02999394647924321
0.01;166;82;1175;212;0.02953491679803536
0.01;167;89;1235;236;0.02971135549626999
0.01;168;80;1229;216;0.03091741344375501
0.01;169;80;1218;189;0.029854208011670453
0.01;170;96;1211;212;0.028739738463605287
0.01;171;82;1277;213;0.03048537719857266
0.01;172;73;1200;191;0.03036103345951203
0.01;173;82;1263;233;0.03090071191100936
0.01;174;83;1239;199;0.030220456201926895
0.01;175;61;1259;194;0.02978826461502939
0.01;176;75;1244;215;0.029135588426857317
0.01;177;81;1189;208;0.03034604652343283
0.01;178;71;1226;222;0.029475489676599596
0.01;179;97;1235;231;0.028998959242413986
0.01;180;73;1244;221;0.02901886209933294
0.01;181;86;1179;199;0.03013916509619024
0.01;182;68;1237;195;0.03030342986158792
0.01;183;64;1256;204;0.029962892711695412
0.01;184;70;1181;199;0.02999202357285496
0.01;185;71;1235;199;0.02937632351412427
0.01;186;64;1232;215;0.030369045955571765
0.01;187;81;1201;224;0.029956993368040693
0.01;188;78;1284;203;0.030206647072831164
0.01;189;82;1233;221;0.030515552949894807
0.01;190;66;1287;207;0.03098998757530776
0.01;191;68;1211;217;0.029529570174906435
0.01;192;84;1179;200;0.028557328485451127
0.01;193;73;1186;210;0.03030649453278378
0.01;194;69;1213;213;0.030735190810102436
0.01;195;66;1171;196;0.029487149316825546
0.01;196;79;1224;206;0.03019915608394027
0.01;197;72;1229;205;0.02916813017243066
0.01;198;77;1220;212;0.02969734381044566
0.01;199;85;1204;220;0.02996278102875529
0.07999999999999999;200;83;1180;225;0.029402193887261893
0.07999999999999999;201;84;1205;215;0.030744812798046636
0.07999999999999999;202;68;1239;208;0.030022467304677388
0.07999999999999999;203;82;1200;200;0.029419317665026767
0.07999999999999999;204;68;1198;192;0.030761306192041017
0.07999999999999999;205;66;1234;205;0.03110892735751839
0.07999999999999999;206;85;1245;211;0.030157032318298378
0.07999999999999999;207;78;1239;214;0.030287140847807703
0.07999999999999999;208;73;1269;199;0.030500782671020975
0.07999999999999999;209;67;1223;197;0.030839702376352546
0.07999999999999999;210;77;1219;212;0.03005921491282016
0.07999999999999999;211;82;1215;240;0.030430622038876812
0.07999999999999999;212;72;1255;216;0.030688986240315845
0.07999999999999999;213;80;1170;252;0.03073202059085465
0.07999999999999999;214;78;1181;187;0.030499020770645875
0.07999999999999999;215;72;1208;194;0.029870893266232018
0.07999999999999999;216;83;1242;230;0.030613194860699963
0.07999999999999999;217;70;1191;206;0.029980559496577252
0.07999999999999999;218;68;1219;200;0.030393567748108728
0.07999999999999999;219;67;1253;209;0.031512337393083886
0.07999999999999999;220;72;1198;212;0.03079294629932939
0.07999999999999999;221;59;1240;213;0.030904549497890732
0.07999999999999999;222;74;1226;227;0.029911935000211463
0.07999999999999999;223;78;1244;228;0.03100914083325901
0.07999999999999999;224;96;1280;220;0.02972162862871919
0.07999999999999999;225;92;1200;240;0.030948843444468174
0.07999999999999999;226;92;1224;220;0.029478858096701966
0.07999999999999999;227;87;1205;216;0.029881899150867013
0.07999999999999999;228;91;1241;229;0.029690585855448974
0.07999999999999999;229;80;1199;207;0.02961302362670213
0.07999999999999999;230;82;1181;203;0.03011985301258882
0.07999999999999999;231;93;1223;213;0.030577773260283825
0.07999999999999999;232;71;1186;206;0.030773992174339387
0.07999999999999999;233;75;1227;195;0.030572917087145806
0.07999999999999999;234;84;1252;233;0.029937576849530058
0.07999999999999999;235;69;1183;223;0.030593183497252947
0.07999999999999999;236;91;1187;213;0.02941616430606561
0.07999999999999999;237;63;1250;171;0.030260023203014512
0.07999999999999999;238;85;1229;224;0.029044941791122787
0.07999999999999999;239;76;1213;210;0.03009398395626157
0.07999999999999999;240;89;1227;245;0.030796678727397626
0.07999999999999999;241;76;1238;198;0.030630831724760516
0.07999999999999999;242;89;1195;225;0.03063263916523416
0.07999999999999999;243;75;1218;204;0.03025488232721018
0.07999999999999999;244;65;1252;204;0.030255682373949114
0.07999999999999999;245;80;1182;190;0.029803098545850077
0.07999999999999999;246;83;1177;203;0.029989870204224545
0.07999999999999999;247;76;1240;226;0.031073602106088626
0.07999999999999999;248;66;1241;204;0.029428056640980606
0.07999999999999999;249;69;1207;178;0.030192199362534547
0.07999999999999999;250;75;1261;241;0.030277913744879602
0.07999999999999999;251;63;1247;200;0.029880374905160413
0.07999999999999999;252;70;1201;199;0.0292939076780564
0.07999999999999999;253;81;1232;239;0.030592761865624842
0.07999999999999999;254;75;1177;205;0.030116081611431117
0.07999999999999999;255;66;1208;206;0.030443070386734536
0.07999999999999999;256;85;1247;238;0.030656478438555217
0.07999999999999999;257;79;1229;206;0.03000770787134629
0.07999999999999999;258;81;1220;197;0.030428834576293067
0.07999999999999999;259;74;1217;212;0.029501192107518948
0.07999999999999999;260;81;1254;204;0.029892792946727264
0.07999999999999999;261;65;1223;206;0.029891826961536888
0.07999999999999999;262;82;1195;231;0.03022681194691707
0.07999999999999999;263;74;1215;233;0.030393146018376237
0.07999999999999999;264;66;1190;195;0.030540128887024735
0.07999999999999999;265;87;1230;229;0.030118967927344534
0.07999999999999999;266;80;1228;201;0.029255523774509035
0.07999999999999999;267;84;1233;216;0.03055700385255361
0.07999999999999999;268;87;1215;208;0.029453148840725137
0.07999999999999999;269;63;1263;196;0.02960453722643337
0.07999999999999999;270;65;1225;199;0.029894545377290006
0.07999999999999999;271;84;1231;227;0.030965737110153057
0.07999999999999999;272;82;1212;201;0.03002563074471189
0.07999999999999999;273;82;1229;231;0.030486950488348187
0.07999999999999999;274;66;1229;191;0.029529901339597105
0.07999999999999999;275;72;1269;219;0.03071903325331607
0.07999999999999999;276;78;1257;224;0.02974814608647085
0.07999999999999999;277;83;1238;251;0.03132707369745224
0.07999999999999999;278;77;1230;208;0.029693264287930555
0.07999999999999999;279;61;1232;183;0.02971184210267499
0.07999999999999999;280;85;1219;221;0.029399184400776723
0.07999999999999999;281;76;1222;207;0.029572626905728264
0.07999999999999999;282;83;1245;217;0.029839914692018413
0.07999999999999999;283;77;1214;200;0.029624737861908026
0.07999999999999999;284;76;1229;236;0.030774333920931304
0.07999999999999999;285;69;1245;197;0.030194635613925856
0.07999999999999999;286;77;1225;231;0.029690943137317353
0.07999999999999999;287;72;1212;224;0.0300573624298814
0.07999999999999999;288;67;1295;213;0.030293422215106943
0.07999999999999999;289;70;1209;206;0.02996816798495789
0.07999999999999999;290;88;1245;217;0.029776262857837712
0.07999999999999999;291;87;1264;216;0.029723232640349106
0.07999999999999999;292;79;1222;202;0.03091771156578257
0.07999999999999999;293;88;1212;202;0.03149954822408451
0.07999999999999999;294;61;1219;205;0.03095704298045267
0.07999999999999999;295;73;1213;202;0.02935007178787574
0.07999999999999999;296;68;1249;207;0.030866902419690517
0.07999999999999999;297;70;1251;205;0.030360460275276127
0.07999999999999999;298;71;1200;194;0.03056070592109021
0.07999999999999999;299;72;1212;198;0.029698490970099814
0.07999999999999999;300;78;1186;209;0.028912093941547437
0.07999999999999999;301;65;1189;195;0.02931041396706148
0.07999999999999999;302;72;1175;202;0.03057942525730014
0.07999999999999999;303;86;1237;212;0.03174184809271457
0.07999999999999999;304;74;1176;204;0.030342919163686248
0.07999999999999999;305;85;1185;219;0.030650313185451673
0.07999999999999999;306;75;1212;192;0.030654961607711
0.07999999999999999;307;77;1250;205;0.02976409855741493
0.07999999999999999;308;66;1256;207;0.030953161912714043
0.07999999999999999;309;70;1183;233;0.0295901842347773
0.07999999999999999;310;79;1218;219;0.02948008011985905
0.07999999999999999;311;72;1203;200;0.02988996003838963
0.07999999999999999;312;62;1250;188;0.03089140067829456
0.07999999999999999;313;83;1188;215;0.03085535269047879
0.07999999999999999;314;75;1252;211;0.03036210654266058
0.07999999999999999;315;70;1194;202;0.03038962602999497
0.07999999999999999;316;81;1219;226;0.03056574876614589
0.07999999999999999;317;76;1216;202;0.02989861307494832
0.07999999999999999;318;70;1264;196;0.029434433924603345
0.07999999999999999;319;66;1254;203;0.0293969479139621
0.07999999999999999;320;82;1231;234;0.03063037931159878
0.07999999999999999;321;66;1184;213;0.030172798585479325
0.07999999999999999;322;73;1190;201;0.030731412356504836
0.07999999999999999;323;76;1223;202;0.029276792805039253
0.07999999999999999;324;66;1198;202;0.03156652306568835
0.07999999999999999;325;80;1256;215;0.0303937941654647
0.07999999999999999;326;84;1232;244;0.029875028615129567
0.07999999999999999;327;77;1183;202;0.030626093835439308
0.07999999999999999;328;81;1202;206;0.030645945163945656
0.07999999999999999;329;74;1251;210;0.029525685804357132
0.07999999999999999;330;78;1247;215;0.030182764716525368
0.07999999999999999;331;81;1192;201;0.030332789328586063
0.07999999999999999;332;80;1195;196;0.029552570411248626
0.07999999999999999;333;71;1207;195;0.03048979036509253
0.07999999999999999;334;93;1201;225;0.029871197481031356
0.07999999999999999;335;66;1208;189;0.029680817316596404
0.07999999999999999;336;77;1179;223;0.02975283875514678
0.07999999999999999;337;69;1226;196;0.029603747296279227
0.07999999999999999;338;82;1263;234;0.03078676233728985
0.07999999999999999;339;73;1191;178;0.030641049718405554
0.07999999999999999;340;68;1230;181;0.03003724263114574
0.07999999999999999;341;79;1241;210;0.030522619458049953
0.07999999999999999;342;78;1200;222;0.030775626797567363
0.07999999999999999;343;77;1262;218;0.03029363804755578
0.07999999999999999;344;74;1180;214;0.029703739894453587
0.07999999999999999;345;66;1191;198;0.030097416549214905
0.07999999999999999;346;62;1240;196;0.030694788256177247
0.07999999999999999;347;75;1194;208;0.029249271409220325
0.07999999999999999;348;65;1187;194;0.030999753122465036
0.07999999999999999;349;74;1254;202;0.029939866412986373
0.07999999999999999;350;69;1203;210;0.030497767027260685
0.07999999999999999;351;74;1232;224;0.030804379630847954
0.07999999999999999;352;70;1180;202;0.03030297774757304
0.07999999999999999;353;78;1186;195;0.030319343319053164
0.07999999999999999;354;77;1196;216;0.030452704075399475
0.07999999999999999;355;75;1209;211;0.029545915720820628
0.07999999999999999;356;82;1195;224;0.02960904938712479
0.07999999999999999;357;68;1237;209;0.029286803400474477
0.07999999999999999;358;79;1174;224;0.030683862337153783
0.07999999999999999;359;70;1225;191;0.030394573083722537
0.07999999999999999;360;87;1220;228;0.030670310574607656
0.07999999999999999;361;82;1222;210;0.03069375175044387
0.07999999999999999;362;85;1182;231;0.031167402581254854
0.07999999999999999;363;71;1198;201;0.03152690842031402
0.07999999999999999;364;71;1234;223;0.029936685748821697
0.07999999999999999;365;84;1238;223;0.030816557113975136
0.07999999999999999;366;69;1193;178;0.02943669228898903
0.07999999999999999;367;85;1239;220;0.03050628196324464
0.07999999999999999;368;72;1235;222;0.03015643642692269
0.07999999999999999;369;75;1213;208;0.029554151521197152
0.07999999999999999;370;76;1213;208;0.030651079458172206
0.07999999999999999;371;83;1174;221;0.029202728573765237
0.07999999999999999;372;81;1203;198;0.03013773399542309
0.07999999999999999;373;76;1214;239;0.030022739456265938
0.07999999999999999;374;86;1226;226;0.029554514214455773
0.07999999999999999;375;77;1219;210;0.030883751312852533
0.07999999999999999;376;73;1172;196;0.030278586748800896
0.07999999999999999;377;73;1183;185;0.03146216560847683
0.07999999999999999;378;66;1246;195;0.02998707884297877
0.07999999999999999;379;66;1254;190;0.029925368972766597
0.07999999999999999;380;71;1155;192;0.03015668770789826
0.07999999999999999;381;66;1250;211;0.030520649720952992
0.07999999999999999;382;75;1269;199;0.029203827514366013
0.07999999999999999;383;73;1216;212;0.030686659256591912
0.07999999999999999;384;77;1220;214;0.029094693700367234
0.07999999999999999;385;62;1211;197;0.03134598161123795
0.07999999999999999;386;77;1215;233;0.0307672618861714
0.07999999999999999;387;84;1229;196;0.02985023759242694
0.07999999999999999;388;75;1220;213;0.03128551511901059
0.07999999999999999;389;75;1261;208;0.030194614890887074
0.07999999999999999;390;72;1230;213;0.029313290422553456
0.07999999999999999;391;74;1251;218;0.02980692889785733
0.07999999999999999;392;65;1225;188;0.030396715610649286
0.07999999999999999;393;74;1209;196;0.028939281646486695
0.07999999999999999;394;57;1251;184;0.029699821639600454
0.07999999999999999;395;75;1216;229;0.029937073766773507
0.07999999999999999;396;74;1237;201;0.030837879164502317
0.07999999999999999;397;66;1202;211;0.030741341699988836
0.07999999999999999;398;71;1168;205;0.031380138429928914
0.07999999999999999;399;92;1243;239;0.030243419686838694
0.15;400;73;1207;233;0.0311304684284705
0.15;401;82;1227;216;0.030463024125459277
0.15;402;79;1193;202;0.030221032990232436
0.15;403;79;1174;219;0.030277812885618257
0.15;404;82;1185;212;0.02991180413926531
0.15;405;81;1213;219;0.029204320417991526
0.15;406;61;1203;193;0.030534699629902757
0.15;407;69;1237;230;0.029966170781944523
0.15;408;79;1217;220;0.030398835755483126
0.15;409;87;1212;223;0.030167107231925387
0.15;410;79;1214;215;0.029882771690153707
0.15;411;76;1225;198;0.030159801099510674
0.15;412;55;1189;182;0.030213656708070545
0.15;413;65;1257;187;0.03069684072467819
0.15;414;69;1215;202;0.030595599849879255
0.15;415;64;1256;194;0.030467979889477404
0.15;416;70;1147;198;0.02957339098459741
0.15;417;80;1270;230;0.029342568836110857
0.15;418;66;1177;228;0.030230786494625086
0.15;419;87;1277;246;0.030212560775189305
0.15;420;82;1183;198;0.029321476152479087
0.15;421;70;1202;198;0.030576116118056634
0.15;422;73;1220;195;0.030610023875670973
0.15;423;90;1197;219;0.029585642826696356
0.15;424;96;1229;238;0.029025443295714097
0.15;425;91;1199;244;0.03053055777499956
0.15;426;71;1230;196;0.02995300525451127
0.15;427;80;1219;217;0.03104453140765745
0.15;428;66;1216;185;0.030470124111549583
0.15;429;83;1185;206;0.03089640454227829
0.15;430;61;1212;191;0.028825425249483463
0.15;431;72;1202;208;0.029735566981325273
0.15;432;69;1203;202;0.03059640502162982
0.15;433;71;1206;227;0.03125106436173256
0.15;434;67;1252;199;0.03063814675450873
0.15;435;75;1236;205;0.029625513040900255
0.15;436;80;1224;219;0.03007925294303402
0.15;437;78;1156;199;0.030666414297615005
0.15;438;73;1242;198;0.03082967400619474
0.15;439;88;1166;200;0.029755966157054066
0.15;440;72;1208;211;0.03019375885035239
0.15;441;66;1198;189;0.0300994260545226
0.15;442;76;1215;191;0.03013473109221843
0.15;443;88;1234;233;0.030313639601967948
0.15;444;66;1218;208;0.03011109136923996
0.15;445;56;1242;192;0.03042965685282465
0.15;446;69;1180;195;0.03133705957619127
0.15;447;66;1195;186;0.029719305728037
0.15;448;80;1233;225;0.02854764058759578
0.15;449;63;1187;201;0.03043770173626899
0.15;450;78;1202;203;0.030214776427977118
0.15;451;76;1156;219;0.030654003914142646
0.15;452;68;1225;205;0.030223606612760974
0.15;453;79;1215;219;0.029972239076688757
0.15;454;87;1217;221;0.030877020844146227
0.15;455;86;1226;226;0.02995275304801188
0.15;456;77;1265;230;0.029867736687295178
0.15;457;69;1260;189;0.030098165070158108
0.15;458;84;1196;225;0.030610965894591224
0.15;459;93;1213;230;0.02978033151741185
0.15;460;81;1197;217;0.02911692628825313
0.15;461;74;1208;235;0.030115986991569282
0.15;462;64;1227;210;0.03014706384034362
0.15;463;79;1180;223;0.03232943320175814
0.15;464;72;1191;196;0.030159143186614036
0.15;465;83;1232;191;0.03037952484562582
0.15;466;75;1219;218;0.02998747244434716
0.15;467;86;1254;217;0.029699410661475186
0.15;468;72;1248;210;0.02909131156052782
0.15;469;78;1248;185;0.029779702744496296
0.15;470;76;1253;223;0.03041141893035075
0.15;471;66;1230;184;0.029994902845508823
0.15;472;70;1180;196;0.029234896990302486
0.15;473;65;1246;181;0.030162125644121664
0.15;474;79;1199;219;0.030904904411037958
0.15;475;75;1196;214;0.029941926559430898
0.15;476;74;1237;219;0.030112661865881917
0.15;477;74;1218;215;0.03184321413768124
0.15;478;68;1253;190;0.030645849900620598
0.15;479;89;1160;235;0.02930828816435279
0.15;480;93;1167;229;0.029071420969700352
0.15;481;68;1242;200;0.03140771627242329
0.15;482;78;1252;214;0.03013713531568936
0.15;483;84;1246;214;0.031164201398480883
0.15;484;82;1237;203;0.030112033100513292
0.15;485;71;1246;179;0.02950402731467785
0.15;486;92;1233;237;0.03050622960927223
0.15;487;84;1222;203;0.030184541335856324
0.15;488;78;1185;215;0.030740687015844606
0.15;489;89;1206;238;0.03113976458270988
0.15;490;75;1234;200;0.030307795669090285
0.15;491;63;1176;206;0.030367374574033944
0.15;492;75;1210;222;0.03150569195533107
0.15;493;71;1183;203;0.02972116640822778
0.15;494;85;1237;198;0.0306142662475145
0.15;495;65;1238;201;0.02940196427294005
0.15;496;72;1244;203;0.030192573894232872
0.15;497;72;1238;212;0.029544881465602343
0.15;498;78;1182;193;0.029799851038839812
0.15;499;70;1172;213;0.029559667610445015
0.15;500;79;1195;200;0.029713572236944766
0.15;501;73;1209;211;0.029752959565684484
0.15;502;78;1186;192;0.03005203050682272
0.15;503;90;1176;241;0.030550498765251254
0.15;504;59;1209;195;0.03022239571762264
0.15;505;72;1230;208;0.030436333454145533
0.15;506;98;1210;250;0.030037444754867523
0.15;507;75;1170;206;0.03059276628711746
0.15;508;83;1230;214;0.02857311897264662
0.15;509;79;1191;211;0.029841760224087632
0.15;510;84;1177;207;0.030532737414990078
0.15;511;90;1222;225;0.029923752719465745
0.15;512;69;1186;202;0.029798644723355503
0.15;513;66;1227;193;0.02936909338061949
0.15;514;69;1210;200;0.029728724295427368
0.15;515;73;1213;212;0.030862179327936556
0.15;516;63;1161;185;0.030695452331793452
0.15;517;78;1276;217;0.029804416276592634
0.15;518;68;1219;192;0.030035955383779532
0.15;519;81;1193;242;0.030249881224317657
0.15;520;70;1213;205;0.03148744088819162
0.15;521;68;1223;197;0.030903888641711178
0.15;522;83;1146;212;0.02954828029899514
0.15;523;67;1174;187;0.030234461758329598
0.15;524;70;1262;227;0.02923727259140864
0.15;525;81;1261;221;0.03141553416390407
0.15;526;73;1176;195;0.030508357397732506
0.15;527;77;1229;208;0.029572769406649047
0.15;528;87;1209;229;0.030854926255593662
0.15;529;60;1266;199;0.029144420896533397
0.15;530;87;1248;220;0.030328796541387572
0.15;531;57;1215;172;0.030112827761465663
0.15;532;62;1258;195;0.030276123663642008
0.15;533;70;1209;203;0.030004603195334944
0.15;534;81;1223;220;0.029647015524925643
0.15;535;70;1236;226;0.03001664588792407
0.15;536;83;1241;198;0.029531372018910762
0.15;537;85;1212;242;0.030394512919977943
0.15;538;63;1204;223;0.030801584295040135
0.15;539;69;1228;209;0.030548815868803682
0.15;540;83;1184;224;0.030361595144036656
0.15;541;73;1184;220;0.03072324102546996
0.15;542;90;1220;235;0.030787676447711236
0.15;543;74;1232;231;0.03069058785427909
0.15;544;66;1219;175;0.030603793786768915
0.15;545;86;1240;215;0.028252778842666932
0.15;546;73;1240;204;0.030630004579914043
0.15;547;94;1243;231;0.029879644402910847
0.15;548;63;1247;206;0.030337264257505058
0.15;549;75;1255;215;0.029799261866372807
0.15;550;68;1244;209;0.029817708245925705
0.15;551;68;1233;217;0.030105494600132014
0.15;552;78;1240;197;0.030225874562088466
0.15;553;77;1250;207;0.0293546512537673
0.15;554;72;1213;212;0.030338786072766823
0.15;555;70;1211;210;0.029651894723507845
0.15;556;86;1237;246;0.029498724731520116
0.15;557;73;1184;183;0.03004865714127509
0.15;558;80;1190;222;0.03009019901881335
0.15;559;83;1198;225;0.031446899193411655
0.15;560;63;1152;198;0.029884361360700037
0.15;561;89;1240;240;0.03072763905418197
0.15;562;75;1241;222;0.030228926521671057
0.15;563;76;1199;201;0.02973624737301325
0.15;564;74;1210;205;0.02986598722887899
0.15;565;81;1200;225;0.030511169827186328
0.15;566;80;1181;202;0.02956027239344022
0.15;567;84;1232;202;0.0298211053985383
0.15;568;83;1221;209;0.02935733655727
0.15;569;86;1255;243;0.03053073928031314
0.15;570;70;1233;211;0.029948455516412488
0.15;571;69;1238;198;0.030224003420985624
0.15;572;87;1235;214;0.029486922282560137
0.15;573;67;1207;205;0.030812658524819805
0.15;574;71;1246;216;0.03116237828651974
0.15;575;72;1231;214;0.031304247807518434
0.15;576;83;1168;207;0.02999238475977412
0.15;577;76;1177;206;0.030637369979865162
0.15;578;81;1263;223;0.030469114674970897
0.15;579;74;1183;228;0.029034734582308857
0.15;580;75;1222;211;0.030011910451911008
0.15;581;69;1205;200;0.030803615955532358
0.15;582;70;1197;196;0.029921471526779066
0.15;583;72;1225;200;0.030068251059250324
0.15;584;71;1283;194;0.028135497561578435
0.15;585;81;1231;233;0.03046799994573899
0.15;586;72;1223;187;0.03005625307184523
0.15;587;59;1209;172;0.029976228954283236
0.15;588;67;1203;207;0.02983046387303963
0.15;589;70;1197;217;0.029897602807705884
0.15;590;70;1223;214;0.029898463930816903
0.15;591;70;1238;202;0.029699505851891954
0.15;592;86;1215;241;0.03159095347452132
0.15;593;80;1236;226;0.02986343136745668
0.15;594;77;1251;233;0.02972618632536794
0.15;595;73;1210;210;0.03008927701720948
0.15;596;89;1196;257;0.030725036797490238
0.15;597;74;1249;184;0.02977801970184546
0.15;598;71;1262;214;0.031206216525979734
0.15;599;71;1251;191;0.029916515222465585
0.21999999999999997;600;75;1214;218;0.02909183580101458
0.21999999999999997;601;95;1202;211;0.030155474566036865
0.21999999999999997;602;66;1255;193;0.029073223219493523
0.21999999999999997;603;77;1227;203;0.02878778625021286
0.21999999999999997;604;84;1218;211;0.029630195646311037
0.21999999999999997;605;76;1230;209;0.02996500135195232
0.21999999999999997;606;68;1202;181;0.03062932620316415
0.21999999999999997;607;84;1242;220;0.030281901632297544
0.21999999999999997;608;63;1230;207;0.03050214166388006
0.21999999999999997;609;66;1203;189;0.029988784998471473
0.21999999999999997;610;60;1188;214;0.030134402817872344
0.21999999999999997;611;56;1210;188;0.03069292257061339
0.21999999999999997;612;74;1178;228;0.03044978694124077
0.21999999999999997;613;73;1213;206;0.029769469157131707
0.21999999999999997;614;80;1229;211;0.03027302630756524
0.21999999999999997;615;67;1206;196;0.029421353190908044
0.21999999999999997;616;72;1230;201;0.030799934727718446
0.21999999999999997;617;82;1251;244;0.02987183390040305
0.21999999999999997;618;72;1261;206;0.02997234532486094
0.21999999999999997;619;68;1220;210;0.0296900139234654
0.21999999999999997;620;70;1230;206;0.030005700915149265
0.21999999999999997;621;71;1242;221;0.029411577040787847
0.21999999999999997;622;68;1192;205;0.029133188501683692
0.21999999999999997;623;93;1250;210;0.03081821086059408
0.21999999999999997;624;77;1223;200;0.030512863906617862
0.21999999999999997;625;70;1230;211;0.029824493178377855
0.21999999999999997;626;91;1241;244;0.03122975892506588
0.21999999999999997;627;76;1213;205;0.029479659347794743
0.21999999999999997;628;87;1254;239;0.030419833419550773
0.21999999999999997;629;92;1238;231;0.030841883201472832
0.21999999999999997;630;60;1303;197;0.03133648574682273
0.21999999999999997;631;73;1175;220;0.02864555477634784
0.21999999999999997;632;90;1184;213;0.03003952462520542
0.21999999999999997;633;68;1240;219;0.029339660752764413
0.21999999999999997;634;71;1275;195;0.029017578173047613
0.21999999999999997;635;74;1206;210;0.029992172140318223
0.21999999999999997;636;69;1251;193;0.029477477618340665
0.21999999999999997;637;73;1185;185;0.030433344529653912
0.21999999999999997;638;60;1270;195;0.02916055605758091
0.21999999999999997;639;60;1221;203;0.029497578436241276
0.21999999999999997;640;80;1231;210;0.030364934030958322
0.21999999999999997;641;69;1151;177;0.02951183193201115
0.21999999999999997;642;60;1231;170;0.029737731661575496
0.21999999999999997;643;73;1208;233;0.029641070730391367
0.21999999999999997;644;64;1201;189;0.030604676301280487
0.21999999999999997;645;75;1222;236;0.030435870485019837
0.21999999999999997;646;69;1270;232;0.030473281845424745
0.21999999999999997;647;80;1260;229;0.029844247534723128
0.21999999999999997;648;82;1207;205;0.03015501827178364
0.21999999999999997;649;89;1228;210;0.030227898732860817
0.21999999999999997;650;85;1263;183;0.0298667165033697
0.21999999999999997;651;73;1251;213;0.02821730414408095
0.21999999999999997;652;89;1223;217;0.030733045840105635
0.21999999999999997;653;78;1221;234;0.030096382835681966
0.21999999999999997;654;73;1190;220;0.030516047263998935
0.21999999999999997;655;71;1214;192;0.030070125449651517
0.21999999999999997;656;85;1218;223;0.030697561141077002
0.21999999999999997;657;72;1188;218;0.030714993605774777
0.21999999999999997;658;85;1189;212;0.029232245147873055
0.21999999999999997;659;89;1201;248;0.03043417630318064
0.21999999999999997;660;65;1229;212;0.02991326757804371
0.21999999999999997;661;77;1252;203;0.02964860900321027
0.21999999999999997;662;61;1241;196;0.03168291384751789
0.21999999999999997;663;90;1199;223;0.0299305156104517
0.21999999999999997;664;86;1190;232;0.030103894893692862
0.21999999999999997;665;98;1219;241;0.030778252067052026
0.21999999999999997;666;77;1196;202;0.03009414197116071
0.21999999999999997;667;76;1182;233;0.03115764057046491
0.21999999999999997;668;71;1223;202;0.030238331280161936
0.21999999999999997;669;74;1245;217;0.029294572871696366
0.21999999999999997;670;89;1202;195;0.02999574046256467
0.21999999999999997;671;85;1212;227;0.03037347358761043
0.21999999999999997;672;79;1206;209;0.028605471921163923
0.21999999999999997;673;74;1209;189;0.02939501140491701
0.21999999999999997;674;84;1210;205;0.029259071748946187
0.21999999999999997;675;80;1231;228;0.03040289340000833
0.21999999999999997;676;78;1179;206;0.02925199396769431
0.21999999999999997;677;83;1207;205;0.03077173658284564
0.21999999999999997;678;67;1174;204;0.029459386816685088
0.21999999999999997;679;76;1212;219;0.0295961433107389
0.21999999999999997;680;80;1241;223;0.03018666165008805
0.21999999999999997;681;81;1249;211;0.02989814031826923
0.21999999999999997;682;71;1249;207;0.029891472629719796
0.21999999999999997;683;79;1232;222;0.02899761232937834
0.21999999999999997;684;80;1233;216;0.029739649873699453
0.21999999999999997;685;75;1242;206;0.030516840164471908
0.21999999999999997;686;88;1243;219;0.031557429140700734
0.21999999999999997;687;62;1225;199;0.030017170857958568
0.21999999999999997;688;59;1205;178;0.02971738046789488
0.21999999999999997;689;70;1232;204;0.02986153678958106
0.21999999999999997;690;85;1198;214;0.030338382979507996
0.21999999999999997;691;90;1212;204;0.030750699181061315
0.21999999999999997;692;77;1225;214;0.029960586619650138
0.21999999999999997;693;70;1211;206;0.02979669469182122
0.21999999999999997;694;72;1214;203;0.030011918424227062
0.21999999999999997;695;78;1260;224;0.031235500739921096
0.21999999999999997;696;84;1216;216;0.03141192406885638
0.21999999999999997;697;68;1217;216;0.031415101868218255
0.21999999999999997;698;76;1263;223;0.02982173964088894
0.21999999999999997;699;67;1221;189;0.02979835971739779
0.21999999999999997;700;81;1218;229;0.030677597245505228
0.21999999999999997;701;72;1261;210;0.030673203071038057
0.21999999999999997;702;65;1221;206;0.03050548037967791
0.21999999999999997;703;66;1182;209;0.030828184411103795
0.21999999999999997;704;76;1191;199;0.029314925529558434
0.21999999999999997;705;87;1239;228;0.030743410191228077
0.21999999999999997;706;88;1205;218;0.030131715262785474
0.21999999999999997;707;87;1207;220;0.029355154373742837
0.21999999999999997;708;71;1214;230;0.030711919969264305
0.21999999999999997;709;65;1220;198;0.031064341075878445
0.21999999999999997;710;76;1190;196;0.031019938547253118
0.21999999999999997;711;85;1212;241;0.030058812681625018
0.21999999999999997;712;73;1198;209;0.028545887321509488
0.21999999999999997;713;83;1220;221;0.030606595761769093
0.21999999999999997;714;84;1210;228;0.029089827657601243
0.21999999999999997;715;70;1229;204;0.03049695549411872
0.21999999999999997;716;67;1260;176;0.02962383899676814
0.21999999999999997;717;70;1219;216;0.030296370300580782
0.21999999999999997;718;77;1216;224;0.029858148908079783
0.21999999999999997;719;74;1231;215;0.03009218632441639
0.21999999999999997;720;74;1169;217;0.030596411474839942
0.21999999999999997;721;79;1210;206;0.029149003931973425
0.21999999999999997;722;75;1215;203;0.030239742884653985
0.21999999999999997;723;73;1194;214;0.02961976592070161
0.21999999999999997;724;79;1261;206;0.03112834386635879
0.21999999999999997;725;70;1247;192;0.03032678523675331
0.21999999999999997;726;61;1176;194;0.030629872074695808
0.21999999999999997;727;71;1214;212;0.03110197930015295
0.21999999999999997;728;72;1195;220;0.03014151359505423
0.21999999999999997;729;69;1230;192;0.030702793452113526
0.21999999999999997;730;89;1184;222;0.030481286314827424
0.21999999999999997;731;58;1174;186;0.03001297770915245
0.21999999999999997;732;69;1234;192;0.030416504530867312
0.21999999999999997;733;76;1268;191;0.030312076256447253
0.21999999999999997;734;79;1235;201;0.030121467022902713
0.21999999999999997;735;76;1218;219;0.029677559607784086
0.21999999999999997;736;77;1226;203;0.03086664822862863
0.21999999999999997;737;67;1236;180;0.030879800595188703
0.21999999999999997;738;72;1208;185;0.02996973170610552
0.21999999999999997;739;71;1269;207;0.03002308545450235
0.21999999999999997;740;84;1189;227;0.02961553980427084
0.21999999999999997;741;83;1199;219;0.029152206063411786
0.21999999999999997;742;74;1190;216;0.02968940732228696
0.21999999999999997;743;78;1191;207;0.029943783914347332
0.21999999999999997;744;74;1226;219;0.030589397416899172
0.21999999999999997;745;80;1228;230;0.031028634053342573
0.21999999999999997;746;62;1227;183;0.03090288076164574
0.21999999999999997;747;65;1239;174;0.03122889511011282
0.21999999999999997;748;72;1157;179;0.03011375399894412
0.21999999999999997;749;68;1189;204;0.030090346189673798
0.21999999999999997;750;73;1195;181;0.029772597607260205
0.21999999999999997;751;78;1201;221;0.03080769657099854
0.21999999999999997;752;53;1221;170;0.02975132034868463
0.21999999999999997;753;73;1218;214;0.030081651777742333
0.21999999999999997;754;75;1223;224;0.03029185137519882
0.21999999999999997;755;80;1205;204;0.029765469233667654
0.21999999999999997;756;72;1181;190;0.030150491494807235
0.21999999999999997;757;81;1196;240;0.029957176781410993
0.21999999999999997;758;71;1234;200;0.030742647721757554
0.21999999999999997;759;79;1235;204;0.029424014925389284
0.21999999999999997;760;67;1190;195;0.02967856529580743
0.21999999999999997;761;77;1241;202;0.02930717539971129
0.21999999999999997;762;67;1265;193;0.029289403757706705
0.21999999999999997;763;70;1226;224;0.030137236640707086
0.21999999999999997;764;65;1253;214;0.03223395486608749
0.21999999999999997;765;82;1195;210;0.030318306647827444
0.21999999999999997;766;81;1145;237;0.03010054422685999
0.21999999999999997;767;67;1230;191;0.029986731218569138
0.21999999999999997;768;74;1249;203;0.03065753029445328
0.21999999999999997;769;73;1229;203;0.03060744918259248
0.21999999999999997;770;76;1243;222;0.030350363289585732
0.21999999999999997;771;62;1190;198;0.030162805792270715
0.21999999999999997;772;68;1230;192;0.030220813833903366
0.21999999999999997;773;67;1223;189;0.028737771977768427
0.21999999999999997;774;59;1162;161;0.029248036948399
0.21999999999999997;775;78;1230;212;0.029940905097423864
0.21999999999999997;776;78;1230;202;0.030083710564355194
0.21999999999999997;777;70;1196;224;0.029529933918940834
0.21999999999999997;778;78;1158;227;0.02913549910509005
0.21999999999999997;779;75;1233;230;0.030006786456609928
0.21999999999999997;780;74;1250;207;0.030233869270299446
0.21999999999999997;781;76;1222;205;0.029754201792315926
0.21999999999999997;782;78;1232;200;0.030090090013284873
0.21999999999999997;783;74;1204;197;0.03041221432984868
0.21999999999999997;784;90;1220;223;0.030730801516307672
0.21999999999999997;785;86;1248;220;0.03113369152033666
0.21999999999999997;786;80;1220;228;0.029231333848027095
0.21999999999999997;787;85;1202;219;0.02945322896436446
0.21999999999999997;788;66;1237;228;0.029492701970570846
0.21999999999999997;789;67;1224;184;0.029395773549159714
0.21999999999999997;790;82;1235;236;0.03086414559454833
0.21999999999999997;791;80;1179;210;0.03010430476855868
0.21999999999999997;792;82;1227;222;0.03142243560016312
0.21999999999999997;793;80;1218;206;0.029975037218696692
0.21999999999999997;794;80;1263;226;0.030697705817726493
0.21999999999999997;795;68;1207;214;0.03061018436269266
0.21999999999999997;796;73;1193;208;0.030869945099510434
0.21999999999999997;797;81;1225;210;0.030704789294283018
0.21999999999999997;798;88;1267;218;0.029893238039852957
0.21999999999999997;799;77;1226;212;0.030892289246683788
0.29;800;70;1220;204;0.03049789299282563
0.29;801;70;1188;190;0.030415311961405535
0.29;802;84;1218;214;0.03014219909850758
0.29;803;84;1198;217;0.03092943584954907
0.29;804;81;1185;202;0.029680049265852687
0.29;805;89;1239;211;0.030128947031989237
0.29;806;67;1296;199;0.030176944910724094
0.29;807;81;1199;252;0.031438392913628925
0.29;808;74;1225;203;0.029884750326874862
0.29;809;82;1233;229;0.030374783159236717
0.29;810;69;1241;192;0.03090100635338069
0.29;811;80;1180;215;0.031453407085447374
0.29;812;54;1196;174;0.02992668820541153
0.29;813;67;1214;201;0.030255221197578612
0.29;814;78;1237;228;0.030143376292999437
0.29;815;69;1252;207;0.030305710222262416
0.29;816;79;1186;194;0.0296345977885713
0.29;817;79;1234;214;0.030692889371402857
0.29;818;76;1218;219;0.03042675963680126
0.29;819;77;1256;224;0.030703357395229194
0.29;820;82;1238;202;0.030280436914903158
0.29;821;78;1210;199;0.02971352603309258
0.29;822;80;1181;214;0.029950405719475718
0.29;823;76;1258;208;0.02940825702848114
0.29;824;73;1191;208;0.029829410237592058
0.29;825;92;1202;232;0.03088119984108578
0.29;826;66;1254;199;0.030292383301270032
0.29;827;75;1196;223;0.030377408095277326
0.29;828;68;1239;227;0.0296604670874309
0.29;829;72;1199;207;0.03137581446410114
0.29;830;98;1196;226;0.029610545689938088
0.29;831;69;1160;220;0.029481572255367464
0.29;832;82;1281;227;0.029679700039635656
0.29;833;62;1235;218;0.030889898101962073
0.29;834;67;1201;213;0.030515594707837577
0.29;835;66;1219;193;0.029937487494234576
0.29;836;73;1269;198;0.030199527813760476
0.29;837;68;1217;196;0.03061810295341278
0.29;838;79;1213;201;0.030360527680570747
0.29;839;68;1184;207;0.03094172307740768
0.29;840;65;1207;201;0.030561385882471048
0.29;841;75;1208;206;0.030011984177853866
0.29;842;77;1217;205;0.029043382927504306
0.29;843;80;1247;223;0.0305092345767731
0.29;844;70;1252;234;0.03085380021721873
0.29;845;69;1225;209;0.03070184542041473
0.29;846;84;1248;228;0.02902858504590491
0.29;847;78;1202;217;0.030351266463501062
0.29;848;80;1213;215;0.03069167181862706
0.29;849;68;1222;210;0.030512319747081917
0.29;850;74;1183;203;0.029422768039532178
0.29;851;49;1187;194;0.030284380916589682
0.29;852;77;1245;201;0.030701293912944592
0.29;853;74;1170;200;0.02990758239633387
0.29;854;71;1259;214;0.030225370579564384
0.29;855;70;1220;215;0.030160482781193997
0.29;856;72;1220;214;0.030393214341978173
0.29;857;87;1216;233;0.029781598679779305
0.29;858;100;1247;235;0.030370941787024746
0.29;859;84;1230;225;0.030289976979791203
0.29;860;71;1208;210;0.029895836854199397
0.29;861;70;1200;215;0.030354611906557503
0.29;862;76;1222;186;0.030172093818494533
0.29;863;80;1235;198;0.03076495697769123
0.29;864;55;1236;182;0.03003487844549054
0.29;865;84;1234;212;0.030495877660657325
0.29;866;79;1246;193;0.029923963207291474
0.29;867;73;1188;199;0.02932576133624636
0.29;868;71;1237;187;0.030274816713823382
0.29;869;74;1243;228;0.02993369322489501
0.29;870;81;1228;218;0.02984925260422151
0.29;871;78;1222;208;0.03042370232326866
0.29;872;75;1197;211;0.030136701636990965
0.29;873;80;1250;224;0.03061459669956055
0.29;874;92;1188;226;0.030306609664865095
0.29;875;69;1235;204;0.030380483046783844
0.29;876;85;1208;227;0.029061773591547147
0.29;877;79;1284;189;0.029929258536700212
0.29;878;79;1241;199;0.030103593627766517
0.29;879;82;1189;219;0.029693979881058454
0.29;880;59;1185;190;0.029978126563315496
0.29;881;87;1209;227;0.029726543998213648
0.29;882;64;1256;202;0.031157293894664432
0.29;883;64;1270;218;0.030596651870957312
0.29;884;69;1247;200;0.0311872256366173
0.29;885;71;1236;205;0.030918524159123308
0.29;886;69;1226;194;0.03024317933039204
0.29;887;82;1204;224;0.030008251960797233
0.29;888;85;1232;230;0.030354157373052505
0.29;889;71;1264;179;0.031168246752934368
0.29;890;72;1159;225;0.030629593775600344
0.29;891;68;1236;207;0.030473946564362447
0.29;892;80;1184;218;0.029251779252002386
0.29;893;64;1258;201;0.03048344943456825
0.29;894;60;1190;180;0.02917197073940951
0.29;895;71;1292;205;0.030735817433822882
0.29;896;75;1230;212;0.03165131641443911
0.29;897;59;1245;228;0.030624970555401154
0.29;898;75;1180;208;0.030204337552196554
0.29;899;69;1178;186;0.03051237616597012
0.29;900;74;1236;210;0.030514334092613192
0.29;901;74;1241;220;0.03009765565943743
0.29;902;85;1162;218;0.031202751792300545
0.29;903;71;1196;219;0.03004255147894558
0.29;904;77;1201;188;0.030931899139509954
0.29;905;71;1244;224;0.029309456439277123
0.29;906;77;1264;193;0.030040079421477107
0.29;907;78;1225;209;0.029618568700654234
0.29;908;76;1231;201;0.03013211941407101
0.29;909;95;1211;235;0.029934457747159585
0.29;910;70;1208;203;0.03063505036796708
0.29;911;79;1200;222;0.030674588677839617
0.29;912;92;1241;233;0.030848279003977658
0.29;913;86;1241;242;0.03100608538246325
0.29;914;85;1209;225;0.03021929115052871
0.29;915;70;1223;212;0.0303858584574844
0.29;916;81;1243;222;0.030978474369812818
0.29;917;76;1247;225;0.030353997545867314
0.29;918;64;1247;189;0.03058226331061207
0.29;919;59;1231;192;0.029454043629434344
0.29;920;57;1199;185;0.029347645837553435
0.29;921;67;1258;202;0.029821425753050558
0.29;922;74;1210;222;0.029923634151440958
0.29;923;81;1226;219;0.03091130480990296
0.29;924;83;1234;216;0.029653004797703043
0.29;925;76;1187;214;0.030127365812312467
0.29;926;84;1230;221;0.030769554220090572
0.29;927;89;1217;247;0.030276247439663867
0.29;928;77;1179;203;0.029051794987404924
0.29;929;81;1222;230;0.02990331845645064
0.29;930;55;1179;184;0.029608236297676862
0.29;931;81;1181;203;0.02957713618388494
0.29;932;66;1215;198;0.030361909547993206
0.29;933;80;1197;231;0.030401375645326634
0.29;934;54;1209;197;0.03111970385060983
0.29;935;79;1200;214;0.029975591168002712
0.29;936;80;1220;234;0.02997868477064753
0.29;937;92;1248;222;0.030607556919897607
0.29;938;76;1216;243;0.030558497539617906
0.29;939;73;1194;209;0.030630253228196628
0.29;940;76;1186;207;0.030172745426483245
0.29;941;87;1207;205;0.029430585302893567
0.29;942;75;1203;214;0.030213573867428373
0.29;943;65;1204;204;0.030837960797220086
0.29;944;80;1251;230;0.030788974293041498
0.29;945;86;1206;220;0.030127224998687637
0.29;946;85;1233;243;0.030704177273529126
0.29;947;74;1221;208;0.029653690010624977
0.29;948;71;1244;210;0.029733660819935885
0.29;949;75;1185;198;0.029577347950285177
0.29;950;64;1207;191;0.030531868112583866
0.29;951;84;1216;216;0.030095477432215852
0.29;952;85;1249;242;0.030823276428874804
0.29;953;73;1194;224;0.03004518132244399
0.29;954;80;1182;215;0.03094163408811395
0.29;955;89;1242;227;0.029941925626831706
0.29;956;63;1218;209;0.03061615918629754
0.29;957;72;1210;205;0.030048478835647697
0.29;958;75;1268;224;0.03125481249636956
0.29;959;78;1178;187;0.030496222346647932
0.29;960;71;1226;201;0.029839672860819528
0.29;961;69;1279;223;0.029854481466721036
0.29;962;79;1242;241;0.030929580980281722
0.29;963;73;1190;219;0.03016017933171037
0.29;964;83;1263;222;0.030081302856921076
0.29;965;81;1231;218;0.030822341573844725
0.29;966;82;1214;202;0.030132658804810385
0.29;967;81;1187;180;0.02923284686326856
0.29;968;74;1226;230;0.030117519542730276
0.29;969;78;1186;216;0.030796431506258905
0.29;970;69;1184;196;0.030342144060058526
0.29;971;78;1243;207;0.030868864341099832
0.29;972;81;1261;238;0.030247340087503516
0.29;973;62;1232;207;0.029494319763586473
0.29;974;77;1223;198;0.029915373358353106
0.29;975;88;1231;245;0.029736764055570037
0.29;976;72;1227;209;0.030104788028303783
0.29;977;74;1188;214;0.030508009279415917
0.29;978;67;1239;226;0.030893682289620236
0.29;979;85;1205;223;0.031093067174600267
0.29;980;72;1208;237;0.030348332577298454
0.29;981;68;1238;214;0.029339113938024367
0.29;982;60;1212;185;0.030679464282465464
0.29;983;76;1231;234;0.03158788090346656
0.29;984;83;1212;229;0.030148441946568495
0.29;985;62;1235;205;0.031200917262462765
0.29;986;84;1143;203;0.030176630003367517
0.29;987;73;1176;201;0.02911932721979819
0.29;988;70;1297;211;0.0314800318337913
0.29;989;73;1232;185;0.03034108013352118
0.29;990;82;1223;213;0.03048121458336522
0.29;991;76;1218;226;0.029957328028059827
0.29;992;79;1192;209;0.03048269692227353
0.29;993;73;1237;216;0.03162051368225059
0.29;994;73;1201;184;0.0305229972047668
0.29;995;72;1209;220;0.030301810240152608
0.29;996;72;1209;201;0.02984944884328808
0.29;997;80;1185;197;0.030261411376669316
0.29;998;80;1238;201;0.03013936228802534
0.29;999;75;1281;226;0.03200843523221121
0.36;1000;67;1194;196;0.030802223971946697
0.36;1001;92;1231;238;0.03039485606009346
0.36;1002;78;1218;199;0.029620556271515632
0.36;1003;84;1162;230;0.030585863834205855
0.36;1004;75;1215;216;0.030319676179095676
0.36;1005;77;1238;207;0.030555824030842914
0.36;1006;66;1196;209;0.029883064154138994
0.36;1007;78;1176;212;0.030286810489916067
0.36;1008;78;1205;221;0.030115546115078613
0.36;1009;82;1250;221;0.030500620569770275
0.36;1010;89;1178;223;0.031149644378842115
0.36;1011;75;1231;220;0.03093592434617343
0.36;1012;75;1263;217;0.029384389055363485
0.36;1013;71;1211;201;0.030456880220214668
0.36;1014;81;1273;210;0.028446910729997575
0.36;1015;88;1202;235;0.03014382343018714
0.36;1016;79;1216;233;0.030357454864459926
0.36;1017;63;1244;196;0.030201961611626645
0.36;1018;76;1225;200;0.02949287750669891
0.36;1019;73;1238;213;0.02961476283638401
0.36;1020;81;1224;261;0.03128930897401559
0.36;1021;79;1184;223;0.03000867720820542
0.36;1022;82;1158;222;0.029902543497938357
0.36;1023;65;1226;206;0.03151142501685529
0.36;1024;77;1215;196;0.030464036044866846
0.36;1025;72;1197;189;0.029374961706970383
0.36;1026;69;1211;199;0.029664081356964567
0.36;1027;87;1193;232;0.030309270881933432
0.36;1028;62;1206;184;0.03028277942384309
0.36;1029;86;1235;221;0.03046205210508008
0.36;1030;71;1190;201;0.031227004814427767
0.36;1031;71;1222;200;0.03027176064610352
0.36;1032;65;1251;212;0.030097367283145146
0.36;1033;84;1220;234;0.03062839452643468
0.36;1034;79;1232;218;0.03078562155375782
0.36;1035;85;1219;237;0.030913191582582402
0.36;1036;53;1166;197;0.030812660165905108
0.36;1037;70;1227;227;0.030221132809565694
0.36;1038;77;1210;212;0.0293974921820271
0.36;1039;77;1240;207;0.030459907077379507
0.36;1040;67;1240;208;0.029192925447758315
0.36;1041;70;1242;215;0.028895599563277037
0.36;1042;62;1214;187;0.02992924561370816
0.36;1043;77;1180;226;0.029448484696109025
0.36;1044;74;1197;192;0.028779007802716413
0.36;1045;72;1232;224;0.029362509361671462
0.36;1046;66;1207;215;0.03074458053613423
0.36;1047;61;1263;202;0.030023059448862726
0.36;1048;66;1149;198;0.030377885160231956
0.36;1049;65;1191;201;0.02982733878709995
0.36;1050;72;1180;202;0.031061763311461724
0.36;1051;67;1225;210;0.031060887175373385
0.36;1052;85;1171;227;0.030430043469152363
0.36;1053;59;1223;200;0.030371693290289437
0.36;1054;69;1235;198;0.03072203740286774
0.36;1055;62;1194;184;0.030112750814024307
0.36;1056;70;1229;207;0.030301741124026796
0.36;1057;79;1236;202;0.028947419153924552
0.36;1058;66;1226;219;0.02927062983633705
0.36;1059;85;1221;202;0.029095196048625035
0.36;1060;85;1207;217;0.030711150518991155
0.36;1061;85;1158;209;0.03042506890431304
0.36;1062;84;1206;209;0.03016429535074516
0.36;1063;72;1196;220;0.029539012736889577
0.36;1064;69;1193;201;0.02916337174449412
0.36;1065;78;1183;236;0.029555567352403903
0.36;1066;75;1196;207;0.029774896667294524
0.36;1067;77;1235;203;0.030319881635557457
0.36;1068;77;1182;198;0.030394411386581586
0.36;1069;73;1235;204;0.029078841971116636
0.36;1070;80;1208;226;0.030051568872460188
0.36;1071;69;1224;222;0.03024150170529939
0.36;1072;75;1226;215;0.029854509005293732
0.36;1073;86;1244;225;0.029929521646559987
0.36;1074;67;1264;194;0.030472279195751895
0.36;1075;69;1194;212;0.03014886302606566
0.36;1076;69;1233;206;0.030310827376873583
0.36;1077;65;1220;199;0.030461980840677336
0.36;1078;85;1147;219;0.02951641798198635
0.36;1079;64;1223;178;0.030216794809451695
0.36;1080;61;1246;199;0.029883231698250096
0.36;1081;78;1187;197;0.031245353423419355
0.36;1082;64;1237;177;0.028710700817120318
0.36;1083;90;1246;223;0.028748218840828794
0.36;1084;75;1210;231;0.030586454868063658
0.36;1085;82;1254;209;0.030138940182182477
0.36;1086;68;1205;192;0.029825092439388204
0.36;1087;83;1208;222;0.031292699090984935
0.36;1088;93;1247;227;0.03059431508586472
0.36;1089;74;1210;198;0.029184047630156338
0.36;1090;75;1259;203;0.029673014408735442
0.36;1091;76;1252;237;0.030983617421733355
0.36;1092;77;1210;228;0.03032449835555066
0.36;1093;85;1241;206;0.030495103959286955
0.36;1094;88;1224;229;0.030108297982507772
0.36;1095;83;1214;198;0.029701525981536525
0.36;1096;85;1224;232;0.030327045087163412
0.36;1097;88;1229;244;0.03140296124376309
0.36;1098;94;1260;226;0.029646458528988114
0.36;1099;73;1206;197;0.030334540583658646
0.36;1100;73;1211;223;0.030327118627278084
0.36;1101;78;1258;200;0.029286943508883168
0.36;1102;58;1256;198;0.03104844229438126
0.36;1103;81;1187;217;0.030507657253441345
0.36;1104;84;1205;228;0.029411177978317278
0.36;1105;74;1189;208;0.029808518322095818
0.36;1106;70;1199;195;0.031105680602796098
0.36;1107;74;1204;201;0.030213017857768223
0.36;1108;85;1249;225;0.030073527458881408
0.36;1109;65;1187;216;0.02967629561208489
0.36;1110;87;1196;211;0.030064540762587404
0.36;1111;71;1238;187;0.029749563546582265
0.36;1112;75;1208;209;0.03024279250423488
0.36;1113;77;1210;216;0.029161163770722056
0.36;1114;64;1251;211;0.0304027580503422
0.36;1115;76;1197;210;0.029709110029446647
0.36;1116;71;1237;219;0.030171642028132065
0.36;1117;63;1252;201;0.029861120307439346
0.36;1118;82;1228;220;0.031061055061711546
0.36;1119;78;1256;212;0.030733712459450856
0.36;1120;84;1215;214;0.030194028850468627
0.36;1121;64;1247;198;0.030257081287527948
0.36;1122;68;1195;197;0.029847957830923748
0.36;1123;67;1249;193;0.02986550697848771
0.36;1124;88;1157;196;0.030434170921086388
0.36;1125;65;1179;214;0.029073780965852832
0.36;1126;65;1225;212;0.030544537536725307
0.36;1127;76;1185;189;0.02928404937851403
0.36;1128;87;1216;228;0.030315290764454803
0.36;1129;68;1216;202;0.030496407689927736
0.36;1130;79;1206;184;0.029580656146073095
0.36;1131;82;1244;218;0.030566672156460816
0.36;1132;69;1251;222;0.02969999223894338
0.36;1133;70;1242;218;0.030230651626874886
0.36;1134;74;1206;220;0.029990643182709213
0.36;1135;64;1154;194;0.029179603033818908
0.36;1136;83;1266;198;0.029735694549184826
0.36;1137;79;1257;256;0.03052148158273802
0.36;1138;88;1234;217;0.030983442812801028
0.36;1139;75;1204;215;0.030547945452582482
0.36;1140;77;1248;196;0.029660557605992132
0.36;1141;82;1190;214;0.030749879346234788
0.36;1142;74;1231;211;0.029735315146387692
0.36;1143;71;1221;203;0.030982719740919724
0.36;1144;90;1250;233;0.03022210880813775
0.36;1145;80;1182;232;0.030208785303479507
0.36;1146;83;1233;206;0.02961371654622355
0.36;1147;67;1203;210;0.030186634725416023
0.36;1148;89;1159;223;0.029892059450468418
0.36;1149;83;1241;227;0.030304009316140006
0.36;1150;89;1204;255;0.03052423988612871
0.36;1151;73;1221;184;0.029817587758016396
0.36;1152;65;1236;195;0.03020745870846417
0.36;1153;71;1226;222;0.02981903286588275
0.36;1154;59;1244;171;0.030263927486739978
0.36;1155;77;1259;196;0.030235468260929817
0.36;1156;74;1253;209;0.030172398502748745
0.36;1157;66;1208;184;0.029053044300652194
0.36;1158;73;1219;211;0.0306804055386096
0.36;1159;81;1230;238;0.03036110149827475
0.36;1160;83;1188;198;0.030438977373242717
0.36;1161;73;1243;215;0.030243739173548143
0.36;1162;82;1213;219;0.030372720828465132
0.36;1163;84;1253;240;0.02946096094933699
0.36;1164;71;1199;196;0.02933611847383844
0.36;1165;70;1214;222;0.029848063888647178
0.36;1166;83;1247;218;0.03059843097052084
0.36;1167;79;1210;193;0.030174866673512532
0.36;1168;72;1243;199;0.030545588571638776
0.36;1169;79;1203;231;0.031107594235273386
0.36;1170;85;1205;230;0.030132999272099645
0.36;1171;73;1283;210;0.02971399106203446
0.36;1172;60;1226;188;0.02948139433698951
0.36;1173;71;1233;198;0.03016053490549666
0.36;1174;70;1194;197;0.030053567755557023
0.36;1175;70;1214;215;0.03131680925342286
0.36;1176;74;1263;238;0.02963417124290827
0.36;1177;68;1242;208;0.029611329082514137
0.36;1178;82;1232;217;0.030444074320267675
0.36;1179;72;1231;198;0.030596887979053734
0.36;1180;83;1180;224;0.030359693716364433
0.36;1181;83;1202;205;0.03071131874361996
0.36;1182;79;1171;230;0.030544374960580427
0.36;1183;81;1231;233;0.030284805938378366
0.36;1184;85;1187;212;0.030946520517634336
0.36;1185;54;1182;188;0.029489039157250114
0.36;1186;80;1213;188;0.0307888594106171
0.36;1187;81;1209;200;0.030131541335207186
0.36;1188;75;1193;222;0.029818510842498824
0.36;1189;82;1246;216;0.030185951640744068
0.36;1190;71;1212;207;0.03099808323806983
0.36;1191;74;1233;175;0.029909000651090978
0.36;1192;78;1218;219;0.02976669801334199
0.36;1193;95;1219;206;0.030996383736794638
0.36;1194;75;1238;218;0.030157172573828665
0.36;1195;73;1212;224;0.03145918690959402
0.36;1196;84;1232;205;0.029716405935248148
0.36;1197;79;1212;230;0.030830742696575115
0.36;1198;79;1235;196;0.0301156768902821
0.36;1199;82;1203;220;0.030429681169242228
0.42999999999999994;1200;69;1274;210;0.029875029468123773
0.42999999999999994;1201;71;1218;209;0.030210263313861913
0.42999999999999994;1202;75;1189;232;0.029588798377237928
0.42999999999999994;1203;81;1204;206;0.029359124676091662
0.42999999999999994;1204;76;1204;227;0.030702773039673375
0.42999999999999994;1205;77;1194;227;0.0306532214879067
0.42999999999999994;1206;93;1242;228;0.030828973666478264
0.42999999999999994;1207;70;1212;203;0.03015990333403011
0.42999999999999994;1208;76;1205;220;0.028942703234787728
0.42999999999999994;1209;84;1241;217;0.030875221248587065
0.42999999999999994;1210;72;1180;190;0.029848646621185977
0.42999999999999994;1211;72;1293;216;0.0314508617238544
0.42999999999999994;1212;85;1222;216;0.029964082621479517
0.42999999999999994;1213;67;1197;218;0.028979242657546575
0.42999999999999994;1214;65;1246;181;0.03034003610825961
0.42999999999999994;1215;58;1234;202;0.030301395734061244
0.42999999999999994;1216;77;1241;226;0.029359504599662994
0.42999999999999994;1217;74;1255;207;0.03048645326019915
0.42999999999999994;1218;67;1227;193;0.029440433601057733
0.42999999999999994;1219;84;1194;211;0.030189968299888428
0.42999999999999994;1220;81;1195;221;0.02993678723644471
0.42999999999999994;1221;92;1278;232;0.030971290663820834
0.42999999999999994;1222;73;1213;214;0.03148267637125152
0.42999999999999994;1223;75;1219;200;0.03064227456547677
0.42999999999999994;1224;64;1220;195;0.030277536077532037
0.42999999999999994;1225;68;1202;192;0.03053859163525111
0.42999999999999994;1226;71;1213;206;0.029764438507067954
0.42999999999999994;1227;68;1243;232;0.030289515363153576
0.42999999999999994;1228;75;1224;181;0.030643468280931223
0.42999999999999994;1229;71;1228;222;0.030968712752919084
0.42999999999999994;1230;90;1210;234;0.02934990979530929
0.42999999999999994;1231;89;1248;224;0.03020166497573297
0.42999999999999994;1232;69;1233;227;0.029035248779598562
0.42999999999999994;1233;74;1183;205;0.030095698869814183
0.42999999999999994;1234;65;1217;229;0.03126506514185664
0.42999999999999994;1235;68;1198;204;0.030636610499639956
0.42999999999999994;1236;73;1214;216;0.029695637959914294
0.42999999999999994;1237;63;1189;182;0.029488016243203158
0.42999999999999994;1238;85;1213;211;0.030758555639253327
0.42999999999999994;1239;72;1267;214;0.030278925940101148
0.42999999999999994;1240;79;1237;216;0.02858699598702586
0.42999999999999994;1241;75;1209;196;0.029778624142878327
0.42999999999999994;1242;70;1200;209;0.030607660629232453
0.42999999999999994;1243;68;1241;206;0.030434487511575212
0.42999999999999994;1244;72;1217;205;0.02984166777926426
0.42999999999999994;1245;76;1202;211;0.02961446699596479
0.42999999999999994;1246;78;1259;206;0.031051909197227077
0.42999999999999994;1247;61;1247;178;0.029409132078146872
0.42999999999999994;1248;72;1249;198;0.02935463689792012
0.42999999999999994;1249;79;1268;226;0.02978445337408215
0.42999999999999994;1250;87;1164;215;0.030601198946011567
0.42999999999999994;1251;81;1196;224;0.02957668745614451
0.42999999999999994;1252;65;1227;201;0.031023363265572534
0.42999999999999994;1253;85;1271;230;0.030971847653613115
0.42999999999999994;1254;80;1211;200;0.028699024436913925
0.42999999999999994;1255;89;1220;230;0.029915229582595883
0.42999999999999994;1256;82;1235;214;0.029823601870180693
0.42999999999999994;1257;78;1189;220;0.03038188136268251
0.42999999999999994;1258;67;1225;195;0.028849168579545087
0.42999999999999994;1259;77;1247;183;0.030065629603493543
0.42999999999999994;1260;77;1188;214;0.02866091288398987
0.42999999999999994;1261;73;1182;210;0.029551167944052437
0.42999999999999994;1262;87;1227;235;0.030541855987052183
0.42999999999999994;1263;71;1219;211;0.030175139560047942
0.42999999999999994;1264;88;1219;222;0.030375736481300545
0.42999999999999994;1265;65;1212;198;0.030318715401682985
0.42999999999999994;1266;86;1249;211;0.029168203008377587
0.42999999999999994;1267;70;1211;205;0.02988591431302257
0.42999999999999994;1268;67;1183;189;0.03060123970714098
0.42999999999999994;1269;88;1224;218;0.029816476000921365
0.42999999999999994;1270;76;1258;233;0.03015173832418717
0.42999999999999994;1271;65;1193;210;0.028900112513258393
0.42999999999999994;1272;74;1195;191;0.029821557806374483
0.42999999999999994;1273;77;1219;199;0.02934791728616901
0.42999999999999994;1274;79;1219;222;0.030622308298160768
0.42999999999999994;1275;70;1177;209;0.030154506015188123
0.42999999999999994;1276;67;1245;214;0.03014221848541498
0.42999999999999994;1277;92;1228;222;0.030986823222061283
0.42999999999999994;1278;75;1196;200;0.030011048405979394
0.42999999999999994;1279;81;1245;239;0.030475401927982083
0.42999999999999994;1280;77;1269;201;0.02964988026153363
0.42999999999999994;1281;73;1221;184;0.02959399703932957
0.42999999999999994;1282;66;1189;188;0.031181813835389798
0.42999999999999994;1283;84;1146;207;0.030844972786933718
0.42999999999999994;1284;78;1259;235;0.030157090547391994
0.42999999999999994;1285;77;1239;200;0.030213226080002167
0.42999999999999994;1286;81;1241;199;0.02978558645462744
0.42999999999999994;1287;100;1230;232;0.029115341344562617
0.42999999999999994;1288;82;1264;214;0.03074082506306528
0.42999999999999994;1289;63;1219;219;0.029444851461517194
0.42999999999999994;1290;65;1213;195;0.03018538644703619
0.42999999999999994;1291;83;1187;221;0.029653855126554253
0.42999999999999994;1292;76;1209;209;0.02980704711801463
0.42999999999999994;1293;75;1193;196;0.029377824453756505
0.42999999999999994;1294;83;1262;203;0.030179778376972388
0.42999999999999994;1295;59;1195;202;0.03028779298343683
0.42999999999999994;1296;69;1199;207;0.031118130083850323
0.42999999999999994;1297;92;1237;210;0.02967709262892258
0.42999999999999994;1298;67;1213;193;0.030590997829722952
0.42999999999999994;1299;77;1193;198;0.030494147348406334
0.42999999999999994;1300;70;1212;209;0.029504508583298065
0.42999999999999994;1301;61;1249;176;0.029362492027669787
0.42999999999999994;1302;73;1283;202;0.031032141403112345
0.42999999999999994;1303;76;1211;239;0.03017772254313241
0.42999999999999994;1304;85;1188;233;0.029816169491242425
0.42999999999999994;1305;87;1240;228;0.030565990192126958
0.42999999999999994;1306;71;1195;179;0.03041416896795242
0.42999999999999994;1307;83;1214;216;0.030259465139807706
0.42999999999999994;1308;83;1235;217;0.02990545297576986
0.42999999999999994;1309;64;1188;169;0.029636106363356157
0.42999999999999994;1310;80;1225;225;0.02999945330319728
0.42999999999999994;1311;74;1227;183;0.029932077484623232
0.42999999999999994;1312;73;1221;197;0.03144257210558856
0.42999999999999994;1313;78;1206;194;0.03073126115732295
0.42999999999999994;1314;72;1255;194;0.030079294921534917
0.42999999999999994;1315;82;1255;232;0.0299230108257967
0.42999999999999994;1316;85;1218;215;0.03041452065322181
0.42999999999999994;1317;78;1227;218;0.03053343685584789
0.42999999999999994;1318;93;1289;224;0.030322304592927167
0.42999999999999994;1319;75;1199;213;0.030324011283895815
0.42999999999999994;1320;76;1197;199;0.030285941064618894
0.42999999999999994;1321;80;1234;220;0.030308239658356828
0.42999999999999994;1322;68;1224;200;0.03110688873340754
0.42999999999999994;1323;72;1224;207;0.029993594738626624
0.42999999999999994;1324;78;1212;215;0.03013154645022797
0.42999999999999994;1325;73;1158;214;0.030343836368617705
0.42999999999999994;1326;80;1209;200;0.03137374733832806
0.42999999999999994;1327;97;1260;226;0.029316041219626405
0.42999999999999994;1328;69;1154;179;0.029973599496973886
0.42999999999999994;1329;56;1238;181;0.030226630899284773
0.42999999999999994;1330;81;1177;207;0.02970111321377607
0.42999999999999994;1331;63;1195;190;0.030084566953344077
0.42999999999999994;1332;64;1224;190;0.03085985569375123
0.42999999999999994;1333;69;1225;199;0.031013858272418315
0.42999999999999994;1334;72;1202;216;0.03029321823317547
0.42999999999999994;1335;87;1223;229;0.029983013032259913
0.42999999999999994;1336;81;1205;221;0.030729244726893423
0.42999999999999994;1337;71;1194;185;0.029725836439787746
0.42999999999999994;1338;67;1213;192;0.030468628494734303
0.42999999999999994;1339;87;1237;236;0.031246732284124203
0.42999999999999994;1340;74;1258;220;0.02958410998366928
0.42999999999999994;1341;67;1202;193;0.03052310980466475
0.42999999999999994;1342;73;1248;217;0.029323004408927666
0.42999999999999994;1343;75;1188;217;0.02997131469819938
0.42999999999999994;1344;97;1193;234;0.030883320148349897
0.42999999999999994;1345;83;1233;220;0.030808800987561627
0.42999999999999994;1346;70;1245;198;0.03024764394455703
0.42999999999999994;1347;80;1239;239;0.03024152405022434
0.42999999999999994;1348;77;1206;201;0.030660127719617142
0.42999999999999994;1349;71;1221;208;0.029484073617904363
0.42999999999999994;1350;61;1205;202;0.03069092174608938
0.42999999999999994;1351;73;1239;223;0.0303273703551609
0.42999999999999994;1352;83;1216;217;0.03026986648612558
0.42999999999999994;1353;64;1200;193;0.030280370887853274
0.42999999999999994;1354;76;1210;218;0.030120746611623193
0.42999999999999994;1355;75;1246;213;0.03051060077404284
0.42999999999999994;1356;75;1246;198;0.030475306997737157
0.42999999999999994;1357;69;1226;198;0.02982516570296406
0.42999999999999994;1358;81;1220;228;0.030212907072401214
0.42999999999999994;1359;83;1202;216;0.029804821944620804
0.42999999999999994;1360;86;1196;235;0.03023023762151909
0.42999999999999994;1361;85;1207;223;0.02977446672532915
0.42999999999999994;1362;69;1258;225;0.029074771252504746
0.42999999999999994;1363;84;1194;217;0.0300687226016426
0.42999999999999994;1364;81;1178;212;0.02954441207852854
0.42999999999999994;1365;93;1212;245;0.03013247331255437
0.42999999999999994;1366;87;1273;213;0.029972733192639545
0.42999999999999994;1367;76;1206;212;0.03010191676850875
0.42999999999999994;1368;63;1220;198;0.02990699143074336
0.42999999999999994;1369;89;1236;216;0.030608210231997748
0.42999999999999994;1370;76;1224;214;0.030313857230362472
0.42999999999999994;1371;93;1200;213;0.030398282919793674
0.42999999999999994;1372;70;1214;190;0.03046824306575136
0.42999999999999994;1373;71;1233;197;0.030195170354802695
0.42999999999999994;1374;73;1192;201;0.02970984576917358
0.42999999999999994;1375;72;1194;223;0.02961743511395125
0.42999999999999994;1376;71;1236;198;0.0302097435358828
0.42999999999999994;1377;76;1247;225;0.031004115350674495
0.42999999999999994;1378;66;1177;223;0.030305226191019573
0.42999999999999994;1379;78;1198;210;0.030274770902042804
0.42999999999999994;1380;69;1215;237;0.02966496998660252
0.42999999999999994;1381;84;1212;216;0.02915812063876225
0.42999999999999994;1382;73;1241;244;0.030638881463045903
0.42999999999999994;1383;74;1200;202;0.029655142815098963
0.42999999999999994;1384;86;1210;219;0.029708382794502802
0.42999999999999994;1385;63;1163;180;0.029599680437801045
0.42999999999999994;1386;79;1255;229;0.029978621175493735
0.42999999999999994;1387;74;1189;201;0.029908889791517432
0.42999999999999994;1388;81;1241;231;0.0311130318656167
0.42999999999999994;1389;75;1199;202;0.03048352150581752
0.42999999999999994;1390;88;1245;241;0.030491781502666473
0.42999999999999994;1391;83;1243;213;0.02997834343298036
0.42999999999999994;1392;81;1221;192;0.02947628845461161
0.42999999999999994;1393;65;1254;203;0.029915260533137245
0.42999999999999994;1394;72;1217;223;0.02962558801455095
0.42999999999999994;1395;65;1205;215;0.03140695137418195
0.42999999999999994;1396;76;1226;221;0.029612735052570005
0.42999999999999994;1397;91;1189;224;0.02867834351930053
0.42999999999999994;1398;87;1207;233;0.02935036029878434
0.42999999999999994;1399;61;1198;185;0.03019544205504939
0.5;1400;88;1235;225;0.029762971202688088
0.5;1401;83;1170;208;0.030184005346263386
0.5;1402;72;1192;220;0.02919451803616301
0.5;1403;90;1202;258;0.030290508717581207
0.5;1404;88;1246;213;0.029427805031874914
0.5;1405;74;1206;185;0.030944208660283194
0.5;1406;91;1248;241;0.029930890793379517
0.5;1407;82;1217;233;0.02974002390158818
0.5;1408;67;1197;186;0.02953579506217542
0.5;1409;85;1210;246;0.030433004192792948
0.5;1410;79;1242;227;0.029533121562608497
0.5;1411;79;1231;209;0.030191562476866853
0.5;1412;71;1200;209;0.03037068560787366
0.5;1413;81;1257;244;0.030426574559849016
0.5;1414;63;1202;185;0.028964515907035155
0.5;1415;78;1195;198;0.02979864597246031
0.5;1416;80;1192;210;0.030480290278150454
0.5;1417;77;1219;211;0.03044490342096708
0.5;1418;62;1247;195;0.030468927297399088
0.5;1419;82;1233;211;0.028812390726817662
0.5;1420;79;1205;230;0.03048607730950611
0.5;1421;71;1264;212;0.02986024060552811
0.5;1422;80;1209;201;0.02936911550033151
0.5;1423;65;1254;200;0.030453625572426087
0.5;1424;62;1186;179;0.030683717845218412
0.5;1425;77;1165;194;0.029627241243648218
0.5;1426;95;1270;236;0.029876630496660596
0.5;1427;80;1232;205;0.029560237467644634
0.5;1428;64;1261;208;0.030745277331435204
0.5;1429;80;1190;218;0.03023949155192513
0.5;1430;88;1224;208;0.03020572481441057
0.5;1431;80;1201;226;0.02934627705721915
0.5;1432;82;1234;214;0.02954952624318717
0.5;1433;70;1215;199;0.0304416105289744
0.5;1434;77;1185;194;0.030037266617435627
0.5;1435;85;1221;221;0.030716384609585288
0.5;1436;74;1181;225;0.0296529185381756
0.5;1437;59;1211;180;0.029927510787961673
0.5;1438;74;1189;212;0.030648623867792515
0.5;1439;85;1199;220;0.030337517040869892
0.5;1440;77;1216;196;0.02954541923805396
0.5;1441;79;1238;209;0.02959638274957711
0.5;1442;78;1173;211;0.030665963398449125
0.5;1443;80;1185;245;0.02958237432669079
0.5;1444;62;1234;179;0.03108095308587868
0.5;1445;88;1227;233;0.030106222804064088
0.5;1446;82;1220;236;0.029659562308901852
0.5;1447;92;1201;236;0.030403207094020075
0.5;1448;76;1239;225;0.030194428447738123
0.5;1449;68;1235;220;0.0312011084214338
0.5;1450;87;1213;221;0.03068686737909906
0.5;1451;74;1194;197;0.031273062084301445
0.5;1452;68;1222;212;0.03052813316988251
0.5;1453;72;1177;223;0.029959440385394515
0.5;1454;59;1239;183;0.030551607092488428
0.5;1455;75;1201;199;0.02964978720074608
0.5;1456;72;1179;209;0.030309305942684828
0.5;1457;66;1194;180;0.02963594190195828
0.5;1458;79;1192;205;0.02892332391215671
0.5;1459;71;1159;197;0.029438578811027374
0.5;1460;79;1173;207;0.030040463459100802
0.5;1461;75;1213;196;0.030732450137245577
0.5;1462;83;1235;217;0.029671835029289828
0.5;1463;99;1250;229;0.030667425918192017
0.5;1464;83;1259;230;0.029803846363013288
0.5;1465;70;1265;201;0.030487752227066522
0.5;1466;79;1194;202;0.029361684924712493
0.5;1467;72;1201;194;0.030067377397286443
0.5;1468;67;1224;207;0.030226058964404768
0.5;1469;78;1206;197;0.030654055810782767
0.5;1470;68;1182;215;0.03199270479668478
0.5;1471;73;1233;211;0.02994381725127817
0.5;1472;81;1257;220;0.03031272656551543
0.5;1473;64;1196;186;0.029943811466206317
0.5;1474;88;1204;228;0.029794056692427653
0.5;1475;76;1231;201;0.03053201376494824
0.5;1476;74;1244;216;0.029955549802683796
0.5;1477;78;1203;232;0.02996017078883911
0.5;1478;84;1201;220;0.031192826743560744
0.5;1479;76;1253;216;0.02964065615244944
0.5;1480;72;1231;208;0.029680763931250877
0.5;1481;70;1229;212;0.03067699252838567
0.5;1482;76;1211;204;0.030596734752731475
0.5;1483;78;1255;223;0.030749380408799657
0.5;1484;75;1208;218;0.029078087759661992
0.5;1485;71;1161;236;0.029901360326932813
0.5;1486;67;1242;214;0.030931779480103998
0.5;1487;78;1254;235;0.029500173636357905
0.5;1488;85;1232;222;0.030101715202508286
0.5;1489;84;1187;227;0.029937925318339203
0.5;1490;83;1198;205;0.030631035668767154
0.5;1491;68;1160;187;0.030316940530666296
0.5;1492;73;1197;181;0.030346249385536553
0.5;1493;93;1290;205;0.03003876408027181
0.5;1494;71;1219;214;0.02926917983870641
0.5;1495;71;1215;214;0.030031880285130406
0.5;1496;75;1194;203;0.02936351284620326
0.5;1497;91;1215;233;0.029809095607451465
0.5;1498;73;1220;184;0.029760000991234672
0.5;1499;72;1209;214;0.029986322402699734
0.5;1500;76;1212;234;0.030059235609198473
0.5;1501;84;1221;230;0.030680717554154167
0.5;1502;82;1258;208;0.03032725480923912
0.5;1503;68;1223;196;0.031290399288436584
0.5;1504;76;1229;221;0.03085869704886279
0.5;1505;82;1237;204;0.03054516218566382
0.5;1506;83;1215;221;0.0306679416035694
0.5;1507;72;1258;227;0.029951678924179402
0.5;1508;71;1254;222;0.029826386428388352
0.5;1509;74;1179;218;0.03006687578699832
0.5;1510;88;1206;217;0.02985858346908117
0.5;1511;76;1192;199;0.02953886014820619
0.5;1512;77;1198;213;0.030024056165848318
0.5;1513;92;1200;240;0.02972034778770333
0.5;1514;72;1207;197;0.02963030293210326
0.5;1515;82;1234;220;0.029542387705607333
0.5;1516;70;1221;204;0.02907451209281296
0.5;1517;76;1264;184;0.027995193024823603
0.5;1518;90;1191;224;0.030589194413939872
0.5;1519;70;1190;231;0.03089508028880232
0.5;1520;74;1250;237;0.030600473029421562
0.5;1521;88;1185;230;0.029920681569282008
0.5;1522;81;1232;213;0.030620792182271355
0.5;1523;84;1225;237;0.03053128395734563
0.5;1524;86;1214;218;0.029302289329194982
0.5;1525;68;1228;207;0.03046125980554787
0.5;1526;68;1256;198;0.03042788243097061
0.5;1527;61;1174;184;0.030068743687979786
0.5;1528;73;1268;199;0.029636211417304888
0.5;1529;89;1215;208;0.030532829158788837
0.5;1530;82;1201;195;0.030615112545249908
0.5;1531;73;1192;210;0.031106454539288446
0.5;1532;83;1210;203;0.030103034670325157
0.5;1533;76;1249;259;0.031168241823332006
0.5;1534;75;1184;196;0.030218199142815164
0.5;1535;82;1204;221;0.030530401484269845
0.5;1536;77;1228;210;0.02962377225942584
0.5;1537;62;1175;172;0.02975092269680671
0.5;1538;84;1227;213;0.03182399721468169
0.5;1539;80;1248;198;0.030278766504098557
0.5;1540;77;1177;223;0.031019441871412923
0.5;1541;73;1203;199;0.03075817425944877
0.5;1542;72;1241;196;0.029636580760923525
0.5;1543;72;1223;234;0.030115130667329654
0.5;1544;86;1230;240;0.030413763717370947
0.5;1545;62;1222;178;0.03077069821803564
0.5;1546;95;1204;228;0.029959544709493222
0.5;1547;69;1196;207;0.029275316176246024
0.5;1548;64;1230;200;0.029736750436412367
0.5;1549;70;1230;207;0.030070046835794822
0.5;1550;65;1235;197;0.030551966601612534
0.5;1551;77;1247;206;0.03195282115424793
0.5;1552;83;1197;202;0.030748606597321187
0.5;1553;76;1200;210;0.02946498739006087
0.5;1554;77;1286;225;0.030333846728576707
0.5;1555;67;1208;177;0.02922696762947359
0.5;1556;78;1209;211;0.029561248324748757
0.5;1557;82;1224;223;0.03008920035077218
0.5;1558;74;1173;175;0.030275890229155753
0.5;1559;73;1275;202;0.029638036473450063
0.5;1560;77;1185;202;0.030428922742161774
0.5;1561;77;1248;233;0.03089467696157111
0.5;1562;66;1255;211;0.031049997480549422
0.5;1563;62;1170;185;0.029927701677998256
0.5;1564;71;1236;206;0.02950869977478599
0.5;1565;76;1177;211;0.029855504469318277
0.5;1566;79;1250;201;0.030369404136991726
0.5;1567;84;1227;181;0.030228616168908262
0.5;1568;64;1224;176;0.029893266433993763
0.5;1569;73;1210;221;0.029894579108706177
0.5;1570;79;1177;223;0.02970696865612865
0.5;1571;70;1244;200;0.030878138007649564
0.5;1572;71;1203;209;0.02913985394822279
0.5;1573;74;1262;209;0.029904997684142953
0.5;1574;76;1195;206;0.030580714066221457
0.5;1575;84;1229;230;0.02892838640335339
0.5;1576;79;1248;228;0.02967479997805856
0.5;1577;85;1261;214;0.02940562364482518
0.5;1578;79;1221;216;0.03136351417025079
0.5;1579;92;1252;222;0.029935153816672146
0.5;1580;59;1173;187;0.029663966815377047
0.5;1581;74;1232;216;0.030340893098193076
0.5;1582;60;1202;202;0.029879566016859208
0.5;1583;67;1183;199;0.029483110321562353
0.5;1584;80;1212;217;0.029964022155130297
0.5;1585;74;1200;201;0.03010158994520229
0.5;1586;76;1208;217;0.029445832968981636
0.5;1587;97;1236;218;0.0313214307124836
0.5;1588;64;1172;195;0.029526021548582297
0.5;1589;69;1240;212;0.03102880577670901
0.5;1590;80;1238;208;0.0313994283259602
0.5;1591;78;1263;219;0.030529855314224943
0.5;1592;82;1207;225;0.02987395779141902
0.5;1593;63;1228;179;0.03177407670541772
0.5;1594;63;1217;203;0.030291477599835123
0.5;1595;80;1211;224;0.029790195052100628
0.5;1596;73;1215;216;0.02976951393641334
0.5;1597;75;1180;213;0.02942782951317382
0.5;1598;65;1211;183;0.029602310465335447
0.5;1599;59;1207;216;0.030520300113011763
