gender_stress;Run;Aggressor;Person;Stress;aggressor_pct
0.1;0;135;3839;0.01606729846599882;0.03516540765824434
0.1;1;114;3873;0.01606475352554017;0.02943454686289698
0.1;2;125;3914;0.01621496710256382;0.03193663771078181
0.1;3;120;3871;0.016285300863305152;0.030999741668819428
0.1;4;109;3873;0.01614544777197772;0.028143557965401498
0.1;5;128;3861;0.01623743416958243;0.033152033152033154
0.1;6;106;3930;0.016011632549973398;0.02697201017811705
0.1;7;109;3937;0.015778462367552266;0.027686055372110743
0.1;8;109;3926;0.01613257222473269;0.027763627101375445
0.1;9;116;3909;0.015990679348297756;0.029675108723458684
0.1;10;127;3910;0.01593796116472436;0.03248081841432225
0.1;11;124;3889;0.01630505385903198;0.031884803291334536
0.1;12;109;3887;0.0160916522259251;0.028042191921790582
0.1;13;123;3819;0.015992569193307212;0.03220738413197172
0.1;14;124;3860;0.01616072894117081;0.03212435233160622
0.1;15;121;3885;0.01615527150023173;0.031145431145431144
0.1;16;133;3878;0.01631185918401227;0.03429602888086643
0.1;17;124;3913;0.016159425537835687;0.03168924099156657
0.1;18;126;3880;0.016437006918112226;0.032474226804123714
0.1;19;119;3873;0.015956601813755043;0.03072553576039246
0.1;20;109;3898;0.01588774857340116;0.027963057978450487
0.1;21;117;3863;0.01615623547249269;0.030287341444473207
0.1;22;106;3894;0.016055004749991685;0.027221366204417053
0.1;23;99;3916;0.01612912709351118;0.025280898876404494
0.1;24;110;3917;0.0162986238180896;0.02808271636456472
0.1;25;113;3932;0.016065371758692843;0.02873855544252289
0.1;26;119;3853;0.016092334980834715;0.03088502465611212
0.1;27;114;3881;0.016329505078973752;0.029373872713218244
0.1;28;124;3875;0.015664864483007423;0.032
0.1;29;120;3885;0.015947966208409745;0.03088803088803089
0.1;30;122;3902;0.01611987358002389;0.031266017426960536
0.1;31;131;3864;0.016188705862655486;0.03390269151138716
0.1;32;108;3882;0.016064562598755987;0.027820710973724884
0.1;33;113;3910;0.01608506392065638;0.028900255754475704
0.1;34;106;3883;0.016214931429355015;0.027298480556270925
0.1;35;120;3912;0.016013387680599036;0.03067484662576687
0.1;36;130;3861;0.016216766924149;0.03367003367003367
0.1;37;126;3878;0.016317862781195156;0.032490974729241874
0.1;38;135;3828;0.016004636892983027;0.03526645768025078
0.1;39;109;3948;0.015901352252919235;0.027608915906788246
0.1;40;112;3895;0.01610676103763044;0.028754813863928114
0.1;41;114;3920;0.0160562448727094;0.029081632653061223
0.1;42;123;3845;0.01620996899717183;0.03198959687906372
0.1;43;113;3869;0.01615823476945127;0.029206513310933057
0.1;44;121;3878;0.01600394961038487;0.031201650335224342
0.1;45;122;3873;0.015973439234454833;0.03150012909888975
0.1;46;129;3883;0.016291680559144796;0.033221735771310844
0.1;47;113;3927;0.016149461232964464;0.028775146422205244
0.1;48;119;3848;0.016250191087244674;0.030925155925155927
0.1;49;112;3896;0.01591468276155683;0.028747433264887063
0.1;50;125;3897;0.016194227257626446;0.03207595586348473
0.1;51;126;3863;0.016070623060775804;0.032617136940201914
0.1;52;114;3807;0.01620777093185056;0.029944838455476755
0.1;53;120;3910;0.01623299806905979;0.030690537084398978
0.1;54;127;3860;0.016273835509595765;0.03290155440414508
0.1;55;122;3888;0.016206046422487498;0.03137860082304527
0.1;56;132;3846;0.016258410736226945;0.0343213728549142
0.1;57;113;3886;0.016202400794215345;0.02907874420998456
0.1;58;120;3876;0.015972220094463602;0.030959752321981424
0.1;59;132;3868;0.016239340927975267;0.03412616339193381
0.1;60;106;3958;0.01616521879767791;0.026781202627589692
0.1;61;147;3802;0.016452198518177655;0.0386638611257233
0.1;62;124;3930;0.015946703651806452;0.03155216284987277
0.1;63;123;3922;0.016372166603144587;0.03136155022947476
0.1;64;124;3918;0.016385470600987082;0.03164880040837162
0.1;65;115;3859;0.01609330580220494;0.02980046644208344
0.1;66;120;3856;0.016196113263762413;0.03112033195020747
0.1;67;124;3853;0.016128957083737336;0.03218271476771347
0.1;68;120;3909;0.015714044838628247;0.03069838833461243
0.1;69;128;3842;0.01623213940206975;0.03331598125976054
0.1;70;100;3909;0.016216319176504273;0.025581990278843694
0.1;71;103;3918;0.016181157249087526;0.02628892291985707
0.1;72;139;3807;0.016247775353222704;0.0365116889939585
0.1;73;122;3912;0.016179777719662076;0.031186094069529654
0.1;74;132;3865;0.01605603015468318;0.034152652005174644
0.1;75;101;3919;0.016074961140664253;0.025771880581781068
0.1;76;125;3841;0.016004127601552006;0.03254360843530331
0.1;77;128;3913;0.016244898632908917;0.03271147457193969
0.1;78;112;3913;0.016088422227332113;0.028622540250447227
0.1;79;118;3882;0.015949027664344563;0.030396702730551263
0.1;80;121;3870;0.015985999237395472;0.031266149870801035
0.1;81;112;3880;0.016183671352405078;0.0288659793814433
0.1;82;148;3844;0.016111013581185895;0.03850156087408949
0.1;83;119;3890;0.01611483184258912;0.030591259640102827
0.1;84;120;3830;0.016145847002742308;0.031331592689295036
0.1;85;106;3925;0.015994869855693206;0.02700636942675159
0.1;86;114;3891;0.01629393018783326;0.029298380878951428
0.1;87;121;3897;0.01605229242996418;0.03104952527585322
0.1;88;123;3912;0.016040505234109718;0.03144171779141104
0.1;89;101;3880;0.016401421716818358;0.026030927835051548
0.1;90;109;3892;0.016358069473334916;0.02800616649537513
0.1;91;126;3893;0.016088089046308995;0.03236578474184434
0.1;92;120;3866;0.015886084206684633;0.031039834454216243
0.1;93;123;3907;0.016070656982896243;0.031481955464550807
0.1;94;120;3869;0.01615027265888663;0.031015766347893513
0.1;95;123;3857;0.016185474699750103;0.03189007000259269
0.1;96;116;3884;0.016269901186505908;0.029866117404737384
0.1;97;115;3862;0.015932236374547947;0.02977731745209736
0.1;98;117;3860;0.0163338569592519;0.030310880829015546
0.1;99;114;3887;0.016264998253401476;0.029328531000771804
0.1;100;134;3862;0.016169629448386187;0.03469704816157431
0.1;101;140;3873;0.016211773754940567;0.036147689129873484
0.1;102;108;3941;0.01601217025317322;0.027404212128901293
0.1;103;123;3899;0.016297160232483;0.03154655039753783
0.1;104;121;3874;0.016380879486400306;0.031233866804336603
0.1;105;103;3926;0.01627706044040259;0.026235354049923585
0.1;106;128;3871;0.016084153299703134;0.03306639111340739
0.1;107;120;3864;0.016219011985848436;0.031055900621118012
0.1;108;110;3871;0.016040252060684504;0.028416429863084475
0.1;109;127;3865;0.01637710036222083;0.03285899094437258
0.1;110;112;3910;0.01618377113919033;0.02864450127877238
0.1;111;115;3893;0.01612824565249762;0.02954020035961983
0.1;112;117;3912;0.01607505900683553;0.0299079754601227
0.1;113;127;3897;0.016001088875059563;0.032589171157300485
0.1;114;115;3916;0.01588746095493433;0.02936670071501532
0.1;115;110;3878;0.016174419776430738;0.028365136668385766
0.1;116;123;3862;0.01599073705162332;0.03184878301398239
0.1;117;139;3885;0.015912349743644028;0.03577863577863578
0.1;118;119;3928;0.016223158055461793;0.030295315682281058
0.1;119;118;3923;0.01629889807778981;0.030079021157277595
0.2142857142857143;120;140;3847;0.01614786178098077;0.0363919937613725
0.2142857142857143;121;130;3858;0.016261602853411942;0.033696215655780196
0.2142857142857143;122;106;3903;0.016151365653259225;0.027158595951831923
0.2142857142857143;123;107;3898;0.0159720400415123;0.02744997434581837
0.2142857142857143;124;116;3876;0.016198023955129898;0.029927760577915376
0.2142857142857143;125;145;3855;0.01612482283561746;0.03761348897535668
0.2142857142857143;126;112;3897;0.01622522635405286;0.02874005645368232
0.2142857142857143;127;125;3894;0.016395914383983592;0.03210066769388803
0.2142857142857143;128;106;3925;0.01621616547302256;0.02700636942675159
0.2142857142857143;129;125;3903;0.01615290581828715;0.03202664616961312
0.2142857142857143;130;119;3877;0.016193149472914777;0.03069383543977302
0.2142857142857143;131;119;3858;0.016132039874732763;0.03084499740798341
0.2142857142857143;132;129;3879;0.01662524417385783;0.033255993812838364
0.2142857142857143;133;130;3870;0.016238168064283784;0.03359173126614987
0.2142857142857143;134;97;3863;0.01621446041197782;0.025110018120631634
0.2142857142857143;135;128;3900;0.016337655748812734;0.03282051282051282
0.2142857142857143;136;117;3893;0.0160446199830318;0.03005394297456974
0.2142857142857143;137;118;3894;0.01616570533005481;0.030303030303030304
0.2142857142857143;138;94;3968;0.01612741494327285;0.023689516129032258
0.2142857142857143;139;122;3854;0.016380842170760867;0.0316554229372081
0.2142857142857143;140;116;3866;0.016075390364971125;0.03000517330574237
0.2142857142857143;141;135;3824;0.0160376965903042;0.035303347280334726
0.2142857142857143;142;127;3859;0.016127520149260326;0.03291008033169215
0.2142857142857143;143;112;3929;0.015924501405290174;0.028505981165691016
0.2142857142857143;144;129;3842;0.016061589717243488;0.03357626236335242
0.2142857142857143;145;127;3904;0.016302198137014914;0.03253073770491803
0.2142857142857143;146;109;3930;0.015961787330756295;0.027735368956743004
0.2142857142857143;147;112;3901;0.016290180641897144;0.028710587028966932
0.2142857142857143;148;126;3868;0.016174062837854282;0.03257497414684592
0.2142857142857143;149;144;3852;0.01606821254542973;0.037383177570093455
0.2142857142857143;150;124;3886;0.01625601625895108;0.0319094184251158
0.2142857142857143;151;122;3870;0.01630689078619032;0.03152454780361757
0.2142857142857143;152;124;3850;0.016143733084019795;0.032207792207792206
0.2142857142857143;153;107;3935;0.016150044860685834;0.02719186785260483
0.2142857142857143;154;109;3947;0.016062407094500217;0.027615910818343047
0.2142857142857143;155;125;3866;0.016075279740267134;0.03233316088980859
0.2142857142857143;156;117;3896;0.016023287312288467;0.030030800821355237
0.2142857142857143;157;135;3894;0.016154218972203212;0.03466872110939907
0.2142857142857143;158;124;3887;0.016051662734192444;0.03190120915873424
0.2142857142857143;159;120;3876;0.01615657907216498;0.030959752321981424
0.2142857142857143;160;136;3849;0.01630652705167805;0.03533385294881788
0.2142857142857143;161;102;3890;0.016295532595020937;0.02622107969151671
0.2142857142857143;162;124;3907;0.016208952659344984;0.03173790632198618
0.2142857142857143;163;105;3919;0.01592512959310598;0.026792549119673385
0.2142857142857143;164;120;3905;0.016192977726978374;0.030729833546734954
0.2142857142857143;165;107;3926;0.016105018848034593;0.027254202750891493
0.2142857142857143;166;106;3880;0.016153268333407765;0.02731958762886598
0.2142857142857143;167;119;3895;0.016208540987023436;0.03055198973042362
0.2142857142857143;168;120;3857;0.01645334414862804;0.0311122634171636
0.2142857142857143;169;120;3880;0.01619265629782558;0.030927835051546393
0.2142857142857143;170;125;3910;0.016194664250222403;0.0319693094629156
0.2142857142857143;171;111;3918;0.016224513202135644;0.028330781010719754
0.2142857142857143;172;108;3878;0.01601055098797566;0.02784940691077875
0.2142857142857143;173;121;3869;0.016302825232085125;0.031274231067459295
0.2142857142857143;174;108;3929;0.016193119355488603;0.02748791040977348
0.2142857142857143;175;125;3832;0.016288801175081143;0.03262004175365345
0.2142857142857143;176;137;3839;0.016188242534943855;0.035686376660588694
0.2142857142857143;177;111;3954;0.015953893280823386;0.028072837632776935
0.2142857142857143;178;122;3915;0.016216399503496785;0.031162196679438058
0.2142857142857143;179;120;3906;0.01599928020546519;0.030721966205837174
0.2142857142857143;180;107;3929;0.01594908617553971;0.027233392720794097
0.2142857142857143;181;131;3860;0.016382778862226843;0.03393782383419689
0.2142857142857143;182;113;3947;0.01615572177856953;0.028629338738282238
0.2142857142857143;183;123;3889;0.016004219551069912;0.03162766778092054
0.2142857142857143;184;135;3852;0.01616906817823241;0.035046728971962614
0.2142857142857143;185;130;3899;0.015829098990631577;0.03334188253398307
0.2142857142857143;186;111;3916;0.01628532042857619;0.028345250255362615
0.2142857142857143;187;121;3871;0.01592083764270015;0.03125807284939292
0.2142857142857143;188;124;3857;0.016174891686846826;0.03214933886440238
0.2142857142857143;189;124;3845;0.016343986549460666;0.03224967490247074
0.2142857142857143;190;127;3878;0.01632946833351759;0.03274883960804539
0.2142857142857143;191;133;3851;0.01591256843301676;0.03453648403012204
0.2142857142857143;192;118;3898;0.016039630517161178;0.030271934325295024
0.2142857142857143;193;125;3900;0.016253898368214174;0.03205128205128205
0.2142857142857143;194;114;3868;0.0162890757613121;0.029472595656670115
0.2142857142857143;195;118;3901;0.01586176143060682;0.03024865419123302
0.2142857142857143;196;105;3898;0.0160545433838081;0.026936890713186248
0.2142857142857143;197;115;3898;0.01612816627791112;0.029502308876346844
0.2142857142857143;198;136;3880;0.016081651411847253;0.03505154639175258
0.2142857142857143;199;118;3948;0.01631478003923492;0.02988855116514691
0.2142857142857143;200;124;3900;0.01624104531737861;0.031794871794871796
0.2142857142857143;201;142;3826;0.01629061297205552;0.037114479874542604
0.2142857142857143;202;108;3926;0.016002494536150064;0.02750891492613347
0.2142857142857143;203;128;3872;0.016260594356212955;0.03305785123966942
0.2142857142857143;204;131;3840;0.016008795627037904;0.03411458333333333
0.2142857142857143;205;113;3888;0.016195540389848755;0.029063786008230452
0.2142857142857143;206;120;3867;0.016094209600329777;0.031031807602792862
0.2142857142857143;207;133;3843;0.016118914135366185;0.03460837887067395
0.2142857142857143;208;135;3868;0.016082061880692465;0.034901758014477764
0.2142857142857143;209;128;3904;0.016386150955403914;0.03278688524590164
0.2142857142857143;210;126;3879;0.01582940020836555;0.03248259860788863
0.2142857142857143;211;129;3904;0.016143188243716407;0.033043032786885244
0.2142857142857143;212;117;3889;0.0161028900499622;0.030084854718436617
0.2142857142857143;213;125;3910;0.016153093325455368;0.0319693094629156
0.2142857142857143;214;108;3922;0.015840051722636014;0.027536970933197347
0.2142857142857143;215;121;3878;0.015998376344485386;0.031201650335224342
0.2142857142857143;216;121;3899;0.015951140220282004;0.031033598358553474
0.2142857142857143;217;123;3921;0.01627366629590145;0.03136954858454476
0.2142857142857143;218;130;3833;0.016143665522689542;0.03391599269501696
0.2142857142857143;219;107;3947;0.016080496101246032;0.027109196858373447
0.2142857142857143;220;118;3892;0.016299350284296035;0.030318602261048305
0.2142857142857143;221;105;3917;0.015924644359328836;0.026806229257084504
0.2142857142857143;222;130;3842;0.016370553753061484;0.0338365434669443
0.2142857142857143;223;113;3915;0.01600033976418108;0.028863346104725414
0.2142857142857143;224;120;3904;0.01639635669673414;0.030737704918032786
0.2142857142857143;225;108;3889;0.0161885150895312;0.027770635124710723
0.2142857142857143;226;112;3876;0.01626143926283099;0.02889576883384933
0.2142857142857143;227;108;3900;0.015999634572298575;0.027692307692307693
0.2142857142857143;228;134;3912;0.016253150365499774;0.03425357873210634
0.2142857142857143;229;123;3878;0.016204170456576038;0.03171738009283136
0.2142857142857143;230;121;3902;0.016145825139832738;0.031009738595592005
0.2142857142857143;231;116;3895;0.016117842423733545;0.029781771501925545
0.2142857142857143;232;98;3930;0.01593026060791332;0.024936386768447838
0.2142857142857143;233;126;3865;0.01600218595949246;0.03260025873221216
0.2142857142857143;234;117;3949;0.01608664900787783;0.02962775386173715
0.2142857142857143;235;107;3906;0.016182871689498255;0.027393753200204814
0.2142857142857143;236;123;3869;0.016007030263569824;0.03179116050659085
0.2142857142857143;237;89;3956;0.016249669259851544;0.02249747219413549
0.2142857142857143;238;145;3824;0.016283578440614344;0.037918410041841
0.2142857142857143;239;126;3880;0.01600450913174221;0.032474226804123714
0.3285714285714286;240;127;3887;0.016134405700025334;0.03267301260612297
0.3285714285714286;241;123;3876;0.016181375491099697;0.03173374613003096
0.3285714285714286;242;94;3951;0.01608975166927945;0.023791445203745886
0.3285714285714286;243;112;3891;0.01617612357195718;0.02878437419686456
0.3285714285714286;244;124;3831;0.01614209532343021;0.0323675280605586
0.3285714285714286;245;126;3840;0.015990007544330782;0.0328125
0.3285714285714286;246;129;3863;0.0162312169051426;0.033393735438778153
0.3285714285714286;247;119;3869;0.01598300758165916;0.030757301628327734
0.3285714285714286;248;111;3896;0.01611928486133453;0.028490759753593428
0.3285714285714286;249;111;3885;0.016337711839581135;0.02857142857142857
0.3285714285714286;250;127;3847;0.01639425672623189;0.03301273719781648
0.3285714285714286;251;110;3963;0.0162329197369266;0.02775674993691648
0.3285714285714286;252;111;3881;0.016253025416266834;0.028600876062870394
0.3285714285714286;253;130;3788;0.016066520314446903;0.034318901795142555
0.3285714285714286;254;124;3860;0.016186900151779506;0.03212435233160622
0.3285714285714286;255;128;3874;0.016036887568963674;0.03304078471863707
0.3285714285714286;256;123;3905;0.015904414150758484;0.03149807938540333
0.3285714285714286;257;117;3882;0.016454350646402015;0.030139103554868624
0.3285714285714286;258;116;3918;0.016138337530802724;0.029606942317508933
0.3285714285714286;259;119;3915;0.016196873180035976;0.030395913154533844
0.3285714285714286;260;111;3883;0.01618023190196441;0.028586144733453514
0.3285714285714286;261;128;3865;0.016163826361519768;0.03311772315653299
0.3285714285714286;262;136;3885;0.016132875669346736;0.03500643500643501
0.3285714285714286;263;137;3875;0.016149768768560842;0.03535483870967742
0.3285714285714286;264;126;3862;0.016211717496509525;0.03262558259968928
0.3285714285714286;265;115;3898;0.01617363467558602;0.029502308876346844
0.3285714285714286;266;112;3898;0.01602546987337723;0.028732683427398667
0.3285714285714286;267;126;3852;0.016036085771144043;0.03271028037383177
0.3285714285714286;268;128;3881;0.016267681719311068;0.03298119041484154
0.3285714285714286;269;122;3875;0.016316850081935366;0.03148387096774193
0.3285714285714286;270;119;3891;0.016214095647786312;0.030583397584168594
0.3285714285714286;271;117;3855;0.016237085350440168;0.030350194552529183
0.3285714285714286;272;115;3904;0.016238086938157724;0.029456967213114756
0.3285714285714286;273;122;3908;0.016039182518084276;0.031218014329580348
0.3285714285714286;274;107;3917;0.01614285350961817;0.02731682410007659
0.3285714285714286;275;139;3854;0.016464274974114783;0.036066424494032176
0.3285714285714286;276;109;3885;0.016352608269018652;0.028056628056628057
0.3285714285714286;277;106;3909;0.015877565325945264;0.027116909695574315
0.3285714285714286;278;111;3904;0.01631310989312239;0.028432377049180328
0.3285714285714286;279;120;3912;0.016115819627109375;0.03067484662576687
0.3285714285714286;280;130;3854;0.016398057239127944;0.033731188375713546
0.3285714285714286;281;120;3934;0.01613405179567218;0.030503304524656837
0.3285714285714286;282;109;3850;0.01604255587956925;0.028311688311688312
0.3285714285714286;283;123;3929;0.01607324100597177;0.03130567574446424
0.3285714285714286;284;112;3923;0.016115981366253977;0.028549579403517714
0.3285714285714286;285;111;3919;0.01618070387793147;0.028323551926511866
0.3285714285714286;286;113;3933;0.01613061515547444;0.028731248410882277
0.3285714285714286;287;122;3879;0.016275128106286927;0.03145140500128899
0.3285714285714286;288;115;3906;0.01627623090829086;0.02944188428059396
0.3285714285714286;289;102;3938;0.015871067048017967;0.02590147282884713
0.3285714285714286;290;123;3875;0.016242360898187744;0.03174193548387097
0.3285714285714286;291;126;3821;0.016089443151890485;0.0329756608217744
0.3285714285714286;292;109;3905;0.0160718894213554;0.02791293213828425
0.3285714285714286;293;122;3870;0.01625746192773128;0.03152454780361757
0.3285714285714286;294;116;3900;0.015971632354709425;0.029743589743589743
0.3285714285714286;295;143;3819;0.016164110289788536;0.03744435716156062
0.3285714285714286;296;137;3818;0.016320403351624557;0.035882661079099
0.3285714285714286;297;115;3868;0.01615159112231086;0.0297311271975181
0.3285714285714286;298;115;3882;0.01609188443169398;0.02962390520350335
0.3285714285714286;299;128;3848;0.016184874933667832;0.033264033264033266
0.3285714285714286;300;128;3885;0.01625645895959295;0.032947232947232945
0.3285714285714286;301;127;3866;0.01635067289247339;0.03285049146404553
0.3285714285714286;302;116;3922;0.01619879058017003;0.029576746557878633
0.3285714285714286;303;124;3882;0.016070457173268504;0.03194229778464709
0.3285714285714286;304;113;3927;0.016328881729198438;0.028775146422205244
0.3285714285714286;305;130;3891;0.01602097619866005;0.03341043433564636
0.3285714285714286;306;135;3903;0.016164120406546766;0.034588777863182166
0.3285714285714286;307;131;3831;0.016142492090912185;0.034194727225267556
0.3285714285714286;308;114;3902;0.016391314985437052;0.0292157867760123
0.3285714285714286;309;115;3889;0.015985152524830747;0.02957058369760864
0.3285714285714286;310;116;3901;0.016183714864946887;0.029735965137144323
0.3285714285714286;311;115;3867;0.016232751739779287;0.02973881561934316
0.3285714285714286;312;138;3876;0.016095319051563643;0.03560371517027864
0.3285714285714286;313;100;3920;0.01621585925047323;0.025510204081632654
0.3285714285714286;314;116;3917;0.01632601098946293;0.029614500893540976
0.3285714285714286;315;110;3884;0.016185453415471448;0.02832131822863028
0.3285714285714286;316;116;3914;0.01630820322119924;0.02963719979560552
0.3285714285714286;317;122;3897;0.01584934625010307;0.0313061329227611
0.3285714285714286;318;131;3857;0.016318501008500744;0.03396422089707026
0.3285714285714286;319;119;3882;0.016227288712330035;0.0306543019062339
0.3285714285714286;320;123;3856;0.016187824908162375;0.03189834024896265
0.3285714285714286;321;121;3907;0.015975613693086973;0.030970053749680062
0.3285714285714286;322;118;3887;0.016069405511824918;0.030357602263956777
0.3285714285714286;323;131;3896;0.016152599103538886;0.03362422997946612
0.3285714285714286;324;132;3873;0.016260555480328953;0.03408210689388071
0.3285714285714286;325;114;3892;0.016335601246099833;0.029290853031860225
0.3285714285714286;326;122;3827;0.01637576098651276;0.03187875620590541
0.3285714285714286;327;107;3890;0.01604322823703126;0.027506426735218508
0.3285714285714286;328;116;3913;0.016332911329952463;0.029644773830820342
0.3285714285714286;329;122;3921;0.01640788664950328;0.031114511604182608
0.3285714285714286;330;118;3869;0.016557475904900046;0.030498836908761952
0.3285714285714286;331;131;3898;0.016123216521002362;0.0336069779374038
0.3285714285714286;332;114;3885;0.016203435365999972;0.029343629343629343
0.3285714285714286;333;134;3870;0.016206661475341624;0.03462532299741602
0.3285714285714286;334;133;3873;0.016042841560424143;0.03434030467337981
0.3285714285714286;335;126;3901;0.016493626729898146;0.0322994104075878
0.3285714285714286;336;131;3901;0.016291758771982856;0.03358113304280953
0.3285714285714286;337;129;3843;0.016030547643197005;0.03356752537080406
0.3285714285714286;338;106;3930;0.016195060751108256;0.02697201017811705
0.3285714285714286;339;112;3896;0.016167060556502518;0.028747433264887063
0.3285714285714286;340;131;3856;0.015921825055008047;0.03397302904564315
0.3285714285714286;341;114;3870;0.016378472447405576;0.02945736434108527
0.3285714285714286;342;132;3838;0.01640609339658065;0.034392912975508075
0.3285714285714286;343;120;3888;0.01615254246840814;0.030864197530864196
0.3285714285714286;344;117;3892;0.01622825505365496;0.030061664953751285
0.3285714285714286;345;126;3889;0.016326855114344764;0.03239907431216251
0.3285714285714286;346;128;3886;0.016248368788751074;0.032938754503345345
0.3285714285714286;347;120;3829;0.016120168270411843;0.031339775398276315
0.3285714285714286;348;132;3881;0.016354351618090342;0.03401185261530534
0.3285714285714286;349;109;3923;0.01623849731301869;0.027784858526637778
0.3285714285714286;350;138;3889;0.01620393501165432;0.03548470043713037
0.3285714285714286;351;130;3855;0.016393051951234902;0.03372243839169909
0.3285714285714286;352;134;3854;0.01601887055871353;0.03476907109496627
0.3285714285714286;353;136;3860;0.01634245032521509;0.035233160621761656
0.3285714285714286;354;129;3861;0.016011110199247794;0.03341103341103341
0.3285714285714286;355;127;3861;0.01608860459709795;0.03289303289303289
0.3285714285714286;356;117;3882;0.016140655902709973;0.030139103554868624
0.3285714285714286;357;128;3878;0.016353005022171768;0.03300670448684889
0.3285714285714286;358;107;3887;0.016305719918878765;0.027527656290198096
0.3285714285714286;359;120;3880;0.01610690880505508;0.030927835051546393
0.44285714285714284;360;123;3881;0.016065241107565062;0.03169286266426179
0.44285714285714284;361;114;3890;0.01615778107164984;0.02930591259640103
0.44285714285714284;362;114;3873;0.016059377184521176;0.02943454686289698
0.44285714285714284;363;121;3876;0.01608205975309394;0.031217750257997934
0.44285714285714284;364;125;3854;0.015893020355977273;0.03243383497664764
0.44285714285714284;365;119;3894;0.016200578962694306;0.030559835644581406
0.44285714285714284;366;110;3904;0.016330622527809924;0.02817622950819672
0.44285714285714284;367;137;3854;0.016106969754848596;0.03554748313440581
0.44285714285714284;368;121;3833;0.016189580968853125;0.031567962431515786
0.44285714285714284;369;131;3883;0.01593105458328352;0.03373680144218388
0.44285714285714284;370;111;3901;0.016286747751432587;0.028454242501922584
0.44285714285714284;371;130;3849;0.01607260195507528;0.033775006495193556
0.44285714285714284;372;99;3882;0.015908721046143465;0.025502318392581144
0.44285714285714284;373;116;3862;0.015985498963005947;0.03003625064733299
0.44285714285714284;374;114;3883;0.01639671295562316;0.02935874323976307
0.44285714285714284;375;106;3923;0.01638660602721632;0.027020137649757837
0.44285714285714284;376;104;3908;0.01630343458708593;0.02661207778915046
0.44285714285714284;377;101;3898;0.01604708583307821;0.025910723447922012
0.44285714285714284;378;117;3902;0.016215647638452253;0.02998462327011789
0.44285714285714284;379;124;3862;0.016046337882977574;0.03210771620921802
0.44285714285714284;380;130;3830;0.01602746187714813;0.033942558746736295
0.44285714285714284;381;103;3931;0.016206357448757442;0.026201984227931824
0.44285714285714284;382;121;3842;0.016155143960871428;0.031494013534617386
0.44285714285714284;383;121;3870;0.01631858254929991;0.031266149870801035
0.44285714285714284;384;128;3898;0.016370658668221644;0.032837352488455616
0.44285714285714284;385;126;3874;0.01618421229786755;0.03252452245740836
0.44285714285714284;386;122;3891;0.01626674387606377;0.03135440760729889
0.44285714285714284;387;120;3881;0.0163536518904651;0.03091986601391394
0.44285714285714284;388;123;3887;0.01632040074484343;0.031643941342938
0.44285714285714284;389;132;3835;0.016249539813970534;0.03441981747066493
0.44285714285714284;390;120;3886;0.01632804906254072;0.03088008234688626
0.44285714285714284;391;116;3870;0.016139234842617797;0.029974160206718347
0.44285714285714284;392;133;3890;0.01626680418953446;0.03419023136246787
0.44285714285714284;393;106;3912;0.015883880537902798;0.0270961145194274
0.44285714285714284;394;124;3868;0.01609933764578987;0.03205791106514995
0.44285714285714284;395;114;3912;0.016422027973095162;0.029141104294478526
0.44285714285714284;396;112;3883;0.016186238872307558;0.028843677568890034
0.44285714285714284;397;104;3906;0.01633492398988799;0.026625704045058884
0.44285714285714284;398;143;3824;0.016234166166201904;0.037395397489539746
0.44285714285714284;399;110;3921;0.016265855509176523;0.028054067839836775
0.44285714285714284;400;128;3880;0.01625255224334924;0.032989690721649485
0.44285714285714284;401;130;3847;0.01604747425941347;0.03379256563556018
0.44285714285714284;402;129;3844;0.016213258976665118;0.03355879292403746
0.44285714285714284;403;134;3846;0.016157797797686904;0.034841393655746226
0.44285714285714284;404;141;3838;0.016461883041642426;0.03673788431474726
0.44285714285714284;405;125;3873;0.016107379837033635;0.032274722437387035
0.44285714285714284;406;119;3884;0.016281271928402046;0.030638516992790937
0.44285714285714284;407;101;3900;0.0161401250637024;0.025897435897435896
0.44285714285714284;408;123;3886;0.016404843312547043;0.03165208440555842
0.44285714285714284;409;114;3909;0.016090827297720142;0.02916346891788181
0.44285714285714284;410;128;3826;0.01633136621889303;0.0334553058024046
0.44285714285714284;411;116;3860;0.01629578684187871;0.03005181347150259
0.44285714285714284;412;112;3879;0.016308193403712114;0.028873420984789896
0.44285714285714284;413;128;3826;0.016369038980336526;0.0334553058024046
0.44285714285714284;414;127;3932;0.0162812520061268;0.03229908443540183
0.44285714285714284;415;115;3902;0.01623688607588966;0.029472065607380832
0.44285714285714284;416;125;3887;0.016322932192840443;0.03215847697453049
0.44285714285714284;417;138;3838;0.016367631991611887;0.03595622720166754
0.44285714285714284;418;120;3878;0.01612205521916184;0.030943785456420837
0.44285714285714284;419;120;3857;0.01611739034281005;0.0311122634171636
0.44285714285714284;420;103;3926;0.01629420578029275;0.026235354049923585
0.44285714285714284;421;119;3872;0.01640586105289358;0.030733471074380167
0.44285714285714284;422;127;3869;0.016479462329089308;0.032825019384853965
0.44285714285714284;423;113;3900;0.016112366811461498;0.028974358974358974
0.44285714285714284;424;127;3925;0.016192122243812765;0.032356687898089175
0.44285714285714284;425;115;3884;0.01610200637958181;0.0296086508753862
0.44285714285714284;426;135;3885;0.016138111968996935;0.03474903474903475
0.44285714285714284;427;132;3832;0.01629606903474185;0.03444676409185804
0.44285714285714284;428;129;3914;0.01612053635184364;0.03295861011752683
0.44285714285714284;429;99;3906;0.0161948817179058;0.02534562211981567
0.44285714285714284;430;115;3880;0.016064039211531357;0.029639175257731958
0.44285714285714284;431;140;3867;0.016124745849157945;0.036203775536591674
0.44285714285714284;432;103;3935;0.0161872913596831;0.026175349428208386
0.44285714285714284;433;124;3886;0.016287761810256256;0.0319094184251158
0.44285714285714284;434;110;3874;0.01596906658953869;0.02839442436757873
0.44285714285714284;435;113;3883;0.01604449325074166;0.02910121040432655
0.44285714285714284;436;123;3922;0.0163993781360443;0.03136155022947476
0.44285714285714284;437;121;3912;0.016253696783170714;0.030930470347648262
0.44285714285714284;438;103;3941;0.016043473427762984;0.026135498604415122
0.44285714285714284;439;122;3903;0.016147539093574276;0.0312580066615424
0.44285714285714284;440;120;3857;0.016524790288194258;0.0311122634171636
0.44285714285714284;441;132;3874;0.016335495503365372;0.034073309241094474
0.44285714285714284;442;111;3928;0.016209366540340234;0.028258655804480653
0.44285714285714284;443;125;3880;0.016444111335072138;0.03221649484536082
0.44285714285714284;444;131;3867;0.016549517783038845;0.03387638996638221
0.44285714285714284;445;112;3877;0.016209771704042576;0.028888315708021667
0.44285714285714284;446;119;3918;0.016128085773570347;0.03037263910158244
0.44285714285714284;447;108;3939;0.015995398333967632;0.027418126428027417
0.44285714285714284;448;127;3873;0.016225493660628462;0.03279111799638523
0.44285714285714284;449;123;3879;0.01598876026988827;0.0317092034029389
0.44285714285714284;450;133;3799;0.016335473178584737;0.03500921295077652
0.44285714285714284;451;143;3839;0.016233887818354893;0.03724928366762178
0.44285714285714284;452;109;3895;0.01617639838094914;0.02798459563543004
0.44285714285714284;453;121;3899;0.016053739374621012;0.031033598358553474
0.44285714285714284;454;129;3853;0.015989486354195396;0.03348040487931482
0.44285714285714284;455;114;3880;0.01622327896734839;0.029381443298969072
0.44285714285714284;456;134;3840;0.016536118739625256;0.034895833333333334
0.44285714285714284;457;134;3837;0.016052698225713594;0.03492311701850404
0.44285714285714284;458;140;3872;0.016153777797529047;0.03615702479338843
0.44285714285714284;459;125;3844;0.016090886997020666;0.032518210197710715
0.44285714285714284;460;124;3870;0.016425983390729555;0.03204134366925065
0.44285714285714284;461;114;3896;0.016056893511071056;0.029260780287474333
0.44285714285714284;462;123;3868;0.016090619448148522;0.031799379524301966
0.44285714285714284;463;99;3934;0.015968318288526098;0.02516522623284189
0.44285714285714284;464;116;3913;0.016332864096819104;0.029644773830820342
0.44285714285714284;465;122;3883;0.016345607989901322;0.031419005923255215
0.44285714285714284;466;131;3852;0.015966212554559624;0.03400830737279335
0.44285714285714284;467;134;3890;0.016185506808082558;0.03444730077120823
0.44285714285714284;468;109;3916;0.01614615831834688;0.027834525025536263
0.44285714285714284;469;131;3869;0.01603785008517841;0.033858878263117086
0.44285714285714284;470;112;3923;0.016251729386348144;0.028549579403517714
0.44285714285714284;471;102;3931;0.016097570642646296;0.025947596031544135
0.44285714285714284;472;148;3821;0.01617744884586834;0.038733315885893745
0.44285714285714284;473;120;3891;0.01621649906210735;0.03084040092521203
0.44285714285714284;474;113;3885;0.01598801292272429;0.029086229086229085
0.44285714285714284;475;118;3911;0.01609052756514673;0.03017131168499105
0.44285714285714284;476;99;3919;0.016228761086940498;0.025261546312834907
0.44285714285714284;477;120;3854;0.016224868153031227;0.031136481577581733
0.44285714285714284;478;116;3868;0.016193426666373623;0.02998965873836608
0.44285714285714284;479;124;3886;0.016248083555213275;0.0319094184251158
0.5571428571428572;480;139;3875;0.016381087343937412;0.03587096774193548
0.5571428571428572;481;129;3843;0.016184538267516372;0.03356752537080406
0.5571428571428572;482;114;3877;0.0161819267282907;0.029404178488522052
0.5571428571428572;483;128;3853;0.01631599043939924;0.033220866856994546
0.5571428571428572;484;110;3923;0.015991521285093693;0.028039765485597758
0.5571428571428572;485;135;3847;0.016244114562478994;0.03509227969846634
0.5571428571428572;486;136;3863;0.01622155688022416;0.0352057986021227
0.5571428571428572;487;141;3825;0.016487615289864987;0.03686274509803922
0.5571428571428572;488;131;3858;0.016314010276360886;0.03395541731467081
0.5571428571428572;489;128;3834;0.016113159247596532;0.03338549817423057
0.5571428571428572;490;114;3911;0.01612605934375827;0.02914855535668627
0.5571428571428572;491;128;3864;0.016228581535142037;0.033126293995859216
0.5571428571428572;492;132;3837;0.0164911638448068;0.03440187646598905
0.5571428571428572;493;123;3896;0.01657564681888989;0.031570841889117046
0.5571428571428572;494;126;3894;0.016431611113804083;0.032357473035439135
0.5571428571428572;495;114;3941;0.016079550209634433;0.0289266683582847
0.5571428571428572;496;120;3935;0.01637597081866246;0.030495552731893267
0.5571428571428572;497;126;3930;0.01609625294241891;0.03206106870229008
0.5571428571428572;498;138;3814;0.016084563271514585;0.03618248557944415
0.5571428571428572;499;137;3837;0.016465765146174042;0.03570497784727652
0.5571428571428572;500;106;3933;0.01606901480334065;0.026951436562420543
0.5571428571428572;501;116;3897;0.016200401649431657;0.029766487041313832
0.5571428571428572;502;121;3895;0.01601343195434948;0.031065468549422336
0.5571428571428572;503;128;3856;0.016227341978506542;0.03319502074688797
0.5571428571428572;504;117;3903;0.016288469675844373;0.02997694081475788
0.5571428571428572;505;130;3865;0.016418100032833397;0.03363518758085381
0.5571428571428572;506;120;3894;0.016478952129845865;0.030816640986132512
0.5571428571428572;507;128;3883;0.01630333098717427;0.03296420293587433
0.5571428571428572;508;127;3832;0.01637118988069506;0.0331419624217119
0.5571428571428572;509;112;3900;0.016393314744798933;0.028717948717948718
0.5571428571428572;510;131;3872;0.016063976043329972;0.03383264462809917
0.5571428571428572;511;132;3855;0.016342795685475288;0.034241245136186774
0.5571428571428572;512;125;3873;0.016413206891454774;0.032274722437387035
0.5571428571428572;513;130;3864;0.016515550415972604;0.03364389233954451
0.5571428571428572;514;124;3849;0.01606144973540008;0.03221616004156924
0.5571428571428572;515;120;3942;0.016311040723189972;0.030441400304414
0.5571428571428572;516;142;3806;0.016345784811111656;0.037309511297950605
0.5571428571428572;517;102;3901;0.016089507142162538;0.026147141758523455
0.5571428571428572;518;105;3914;0.016365611484100297;0.02682677567705672
0.5571428571428572;519;114;3905;0.01617055911906086;0.029193341869398207
0.5571428571428572;520;119;3861;0.01636305528624318;0.030821030821030822
0.5571428571428572;521;127;3911;0.016274907091575835;0.03247251342367681
0.5571428571428572;522;113;3922;0.01625288376436924;0.028811830698623152
0.5571428571428572;523;132;3872;0.0162718000781235;0.03409090909090909
0.5571428571428572;524;129;3895;0.01617550849475461;0.0331193838254172
0.5571428571428572;525;125;3859;0.016125953140731807;0.0323918113500907
0.5571428571428572;526;138;3862;0.015981017291454583;0.035732780942516834
0.5571428571428572;527;118;3906;0.016103943544939103;0.030209933435739886
0.5571428571428572;528;138;3855;0.016239052059515043;0.0357976653696498
0.5571428571428572;529;118;3920;0.01618536434505746;0.03010204081632653
0.5571428571428572;530;125;3895;0.01626422073773805;0.03209242618741977
0.5571428571428572;531;120;3911;0.016111078454181502;0.030682689849143442
0.5571428571428572;532;115;3932;0.016261056648831734;0.029247202441505596
0.5571428571428572;533;124;3890;0.01627472047058967;0.031876606683804626
0.5571428571428572;534;116;3922;0.016106932735367497;0.029576746557878633
0.5571428571428572;535;121;3884;0.01632640585040401;0.031153450051493305
0.5571428571428572;536;127;3862;0.016305113136956154;0.03288451579492491
0.5571428571428572;537;124;3893;0.016242015456336106;0.03185204212689442
0.5571428571428572;538;118;3875;0.016156735998068345;0.030451612903225806
0.5571428571428572;539;118;3898;0.016099577454703543;0.030271934325295024
0.5571428571428572;540;119;3838;0.016130631320784915;0.031005732152162586
0.5571428571428572;541;124;3895;0.01618397797167172;0.03183568677792041
0.5571428571428572;542;113;3873;0.016223326302030407;0.029176349083397883
0.5571428571428572;543;129;3868;0.01644613656135378;0.03335056876938987
0.5571428571428572;544;118;3897;0.016206725305979795;0.030279702335129586
0.5571428571428572;545;103;3881;0.016058002638796386;0.026539551661942797
0.5571428571428572;546;119;3926;0.01620673769567375;0.03031074885379521
0.5571428571428572;547;118;3885;0.016468652812213967;0.030373230373230375
0.5571428571428572;548;130;3872;0.016115462930131157;0.033574380165289255
0.5571428571428572;549;124;3864;0.016345958602417818;0.032091097308488616
0.5571428571428572;550;119;3890;0.016250743004767226;0.030591259640102827
0.5571428571428572;551;114;3900;0.016261148019710833;0.02923076923076923
0.5571428571428572;552;134;3870;0.01635139903488958;0.03462532299741602
0.5571428571428572;553;119;3893;0.01630831289968697;0.03056768558951965
0.5571428571428572;554;129;3825;0.01622112078249103;0.03372549019607843
0.5571428571428572;555;113;3912;0.016434783558992076;0.028885480572597138
0.5571428571428572;556;128;3864;0.01607331867697657;0.033126293995859216
0.5571428571428572;557;112;3945;0.016398624389243468;0.028390367553865654
0.5571428571428572;558;121;3917;0.016250705546872832;0.03089098800102119
0.5571428571428572;559;130;3900;0.016447786924274926;0.03333333333333333
0.5571428571428572;560;122;3850;0.016249739833075812;0.03168831168831169
0.5571428571428572;561;120;3910;0.01626930166659484;0.030690537084398978
0.5571428571428572;562;108;3896;0.01626651241294204;0.027720739219712527
0.5571428571428572;563;92;3935;0.016207345365499417;0.02337992376111817
0.5571428571428572;564;128;3898;0.016154417188865955;0.032837352488455616
0.5571428571428572;565;118;3911;0.01637266240116903;0.03017131168499105
0.5571428571428572;566;141;3855;0.01608559573110201;0.036575875486381325
0.5571428571428572;567;164;3801;0.016029995101480753;0.04314654038410944
0.5571428571428572;568;108;3914;0.01618285576809267;0.027593254982115484
0.5571428571428572;569;137;3864;0.016050075176408628;0.035455486542443064
0.5571428571428572;570;119;3906;0.01633673959118366;0.03046594982078853
0.5571428571428572;571;129;3877;0.016084176861398097;0.03327314934227495
0.5571428571428572;572;137;3893;0.016278852509149715;0.03519136912406884
0.5571428571428572;573;139;3835;0.016146709225590413;0.03624511082138201
0.5571428571428572;574;124;3877;0.016030952738477326;0.031983492391023986
0.5571428571428572;575;122;3858;0.01647747058243083;0.03162260238465526
0.5571428571428572;576;130;3900;0.01600697344034938;0.03333333333333333
0.5571428571428572;577;149;3846;0.016434013815105546;0.03874154966198648
0.5571428571428572;578;136;3835;0.01625988564526973;0.03546284224250326
0.5571428571428572;579;123;3887;0.016190415736530885;0.031643941342938
0.5571428571428572;580;125;3879;0.016140865701490408;0.03222480020623872
0.5571428571428572;581;128;3859;0.016255184819205522;0.033169214822492875
0.5571428571428572;582;103;3927;0.0160343558696847;0.026228673287496816
0.5571428571428572;583;123;3866;0.01622327912453092;0.03181583031557165
0.5571428571428572;584;124;3910;0.016326560620791963;0.031713554987212275
0.5571428571428572;585;128;3823;0.01615872474013414;0.03348155898509024
0.5571428571428572;586;103;3928;0.016001064382216316;0.026221995926680244
0.5571428571428572;587;130;3893;0.016304509744117034;0.033393269971744154
0.5571428571428572;588;124;3845;0.016477851688028112;0.03224967490247074
0.5571428571428572;589;123;3880;0.016315404550956945;0.03170103092783505
0.5571428571428572;590;119;3877;0.016147978205448558;0.03069383543977302
0.5571428571428572;591;115;3896;0.016239715930346614;0.029517453798767967
0.5571428571428572;592;101;3872;0.016009923090898544;0.026084710743801653
0.5571428571428572;593;138;3871;0.01628595575571143;0.03564970291914234
0.5571428571428572;594;133;3839;0.01644158940779639;0.03464443865589997
0.5571428571428572;595;123;3844;0.016287603201114227;0.03199791883454735
0.5571428571428572;596;120;3868;0.01621680100711774;0.031023784901758014
0.5571428571428572;597;130;3860;0.016402237940866045;0.03367875647668394
0.5571428571428572;598;135;3875;0.016327941829621183;0.03483870967741935
0.5571428571428572;599;108;3917;0.016242260865983262;0.027572121521572634
0.6714285714285715;600;102;3924;0.016157246056617548;0.02599388379204893
0.6714285714285715;601;120;3865;0.016542602388564982;0.031047865459249677
0.6714285714285715;602;136;3895;0.016097940520889354;0.03491655969191271
0.6714285714285715;603;114;3868;0.016256754469062933;0.029472595656670115
0.6714285714285715;604;128;3883;0.016270264880899565;0.03296420293587433
0.6714285714285715;605;114;3874;0.016357191025973775;0.02942694889003614
0.6714285714285715;606;108;3930;0.01618325354269129;0.02748091603053435
0.6714285714285715;607;115;3886;0.016218586214817577;0.02959341224909933
0.6714285714285715;608;127;3836;0.016439706763575992;0.03310740354535975
0.6714285714285715;609;144;3877;0.01637584972236073;0.037142120196027854
0.6714285714285715;610;143;3802;0.016061986368079095;0.03761178327196212
0.6714285714285715;611;102;3930;0.016162926128394102;0.025954198473282442
0.6714285714285715;612;136;3831;0.01621999905253991;0.03549986948577395
0.6714285714285715;613;111;3896;0.016388009766009497;0.028490759753593428
0.6714285714285715;614;127;3869;0.01639174317697075;0.032825019384853965
0.6714285714285715;615;120;3929;0.01626111728133365;0.03054212267752609
0.6714285714285715;616;154;3800;0.01640805300464367;0.04052631578947368
0.6714285714285715;617;133;3878;0.016284560626142846;0.03429602888086643
0.6714285714285715;618;129;3848;0.016444311963025385;0.033523908523908526
0.6714285714285715;619;128;3864;0.01647168811615276;0.033126293995859216
0.6714285714285715;620;113;3934;0.016230211308620963;0.028723945094051857
0.6714285714285715;621;135;3863;0.016442014201258053;0.034946932435930625
0.6714285714285715;622;134;3889;0.016261182805090764;0.03445615839547442
0.6714285714285715;623;119;3854;0.016167058274550693;0.030877010897768554
0.6714285714285715;624;135;3864;0.016003262640242266;0.03493788819875776
0.6714285714285715;625;134;3859;0.016289471549975013;0.034724021767297227
0.6714285714285715;626;116;3938;0.01634463796089922;0.029456576942610464
0.6714285714285715;627;124;3905;0.016237842491313;0.03175416133162612
0.6714285714285715;628;120;3927;0.01613148058584604;0.030557677616501147
0.6714285714285715;629;125;3892;0.01635573136550399;0.03211716341212744
0.6714285714285715;630;133;3923;0.01616719639703184;0.033902625541677285
0.6714285714285715;631;138;3857;0.016288089078850067;0.03577910292973814
0.6714285714285715;632;114;3915;0.01614634840164206;0.029118773946360154
0.6714285714285715;633;115;3928;0.01609641355418314;0.029276985743380855
0.6714285714285715;634;135;3845;0.016467356260058803;0.035110533159947985
0.6714285714285715;635;112;3910;0.0159975836602153;0.02864450127877238
0.6714285714285715;636;120;3885;0.016255247556809745;0.03088803088803089
0.6714285714285715;637;123;3888;0.01630042170894496;0.031635802469135804
0.6714285714285715;638;138;3849;0.016179493704520247;0.03585346843335931
0.6714285714285715;639;120;3903;0.016268350216844096;0.030745580322828592
0.6714285714285715;640;140;3865;0.016342073474824373;0.03622250970245795
0.6714285714285715;641;118;3869;0.016111260698417233;0.030498836908761952
0.6714285714285715;642;130;3864;0.01619073516518572;0.03364389233954451
0.6714285714285715;643;122;3915;0.016354612948622307;0.031162196679438058
0.6714285714285715;644;129;3839;0.016178301630406327;0.03360250065121125
0.6714285714285715;645;133;3832;0.016364284521286566;0.034707724425887265
0.6714285714285715;646;130;3834;0.01627348824427992;0.03390714658320292
0.6714285714285715;647;110;3895;0.01636804184039429;0.028241335044929396
0.6714285714285715;648;125;3872;0.01634723533711217;0.032283057851239666
0.6714285714285715;649;115;3909;0.01627054427722475;0.02941928882067025
0.6714285714285715;650;132;3814;0.016099528636785848;0.0346093340325118
0.6714285714285715;651;124;3866;0.016006527277114005;0.03207449560269012
0.6714285714285715;652;133;3856;0.01629780231113874;0.03449170124481328
0.6714285714285715;653;134;3845;0.016076918469047737;0.03485045513654096
0.6714285714285715;654;116;3885;0.016091525298086686;0.029858429858429857
0.6714285714285715;655;103;3932;0.016366100897072036;0.02619532044760936
0.6714285714285715;656;151;3858;0.01659054330045209;0.03913945049248315
0.6714285714285715;657;115;3931;0.01618829748520279;0.029254642584584076
0.6714285714285715;658;109;3894;0.01604350755172248;0.027991782229070363
0.6714285714285715;659;110;3887;0.016153623623228634;0.028299459737586827
0.6714285714285715;660;110;3925;0.0162158342226242;0.02802547770700637
0.6714285714285715;661;101;3930;0.016163841537667083;0.025699745547073792
0.6714285714285715;662;118;3905;0.016453298323398795;0.030217669654289372
0.6714285714285715;663;122;3842;0.016152953235623685;0.031754294638209266
0.6714285714285715;664;127;3859;0.016367908023592094;0.03291008033169215
0.6714285714285715;665;121;3897;0.016292898956536524;0.03104952527585322
0.6714285714285715;666;130;3855;0.016319276493928298;0.03372243839169909
0.6714285714285715;667;119;3864;0.016175435670103475;0.030797101449275364
0.6714285714285715;668;117;3893;0.016387356328907955;0.03005394297456974
0.6714285714285715;669;100;3938;0.016265568463892353;0.025393600812595226
0.6714285714285715;670;127;3852;0.01628643206390456;0.03296988577362409
0.6714285714285715;671;130;3840;0.016178151125129298;0.033854166666666664
0.6714285714285715;672;125;3911;0.016227819998828063;0.03196113525952442
0.6714285714285715;673;130;3869;0.01638089151397244;0.033600413543551304
0.6714285714285715;674;131;3902;0.01644596160630185;0.03357252690927729
0.6714285714285715;675;139;3859;0.016288642346209928;0.03601969422130086
0.6714285714285715;676;114;3927;0.016155585730727517;0.029029793735676088
0.6714285714285715;677;143;3806;0.01652433260676007;0.03757225433526012
0.6714285714285715;678;132;3841;0.01602175395045901;0.03436605050768029
0.6714285714285715;679;100;3921;0.016106733344700207;0.02550369803621525
0.6714285714285715;680;131;3849;0.016060158062238098;0.034034814237464274
0.6714285714285715;681;123;3882;0.01608851054884899;0.03168469860896445
0.6714285714285715;682;116;3875;0.016321475481166168;0.02993548387096774
0.6714285714285715;683;110;3947;0.016352375708646793;0.027869267798327844
0.6714285714285715;684;127;3872;0.016486580776395754;0.032799586776859506
0.6714285714285715;685;129;3864;0.016356549131252583;0.033385093167701864
0.6714285714285715;686;131;3868;0.01617385873223581;0.03386763185108583
0.6714285714285715;687;113;3886;0.016199488944924578;0.02907874420998456
0.6714285714285715;688;128;3899;0.016455630309472495;0.032828930494998715
0.6714285714285715;689;110;3877;0.016464325829014855;0.028372452927521278
0.6714285714285715;690;121;3924;0.016223157334585462;0.030835881753312946
0.6714285714285715;691;105;3890;0.01619926028091396;0.02699228791773779
0.6714285714285715;692;120;3859;0.016067266622660108;0.031096138896087068
0.6714285714285715;693;107;3913;0.016238712650022753;0.027344748274980832
0.6714285714285715;694;110;3930;0.016139869055155263;0.027989821882951654
0.6714285714285715;695;145;3866;0.016229691425665604;0.037506466632177965
0.6714285714285715;696;145;3831;0.01649568328356332;0.03784912555468546
0.6714285714285715;697;107;3925;0.016060204473642765;0.027261146496815287
0.6714285714285715;698;128;3900;0.016431475765406493;0.03282051282051282
0.6714285714285715;699;126;3852;0.016393124841002638;0.03271028037383177
0.6714285714285715;700;137;3872;0.016164498290640112;0.03538223140495868
0.6714285714285715;701;127;3873;0.01643384289119979;0.03279111799638523
0.6714285714285715;702;104;3873;0.016315546254105345;0.026852569067906017
0.6714285714285715;703;135;3858;0.01650911593454182;0.034992223950233284
0.6714285714285715;704;112;3948;0.01624743779742478;0.028368794326241134
0.6714285714285715;705;134;3863;0.016310228884033665;0.03468806626973855
0.6714285714285715;706;134;3848;0.016293135519193737;0.034823284823284825
0.6714285714285715;707;138;3870;0.016468986661904658;0.03565891472868217
0.6714285714285715;708;120;3903;0.01599064673346852;0.030745580322828592
0.6714285714285715;709;131;3879;0.016296830072949485;0.03377159061613818
0.6714285714285715;710;117;3881;0.01621824794360904;0.03014686936356609
0.6714285714285715;711;110;3921;0.016151047685698437;0.028054067839836775
0.6714285714285715;712;108;3917;0.01633515843821282;0.027572121521572634
0.6714285714285715;713;144;3836;0.016226189252988632;0.03753910323253389
0.6714285714285715;714;118;3857;0.01615968530956065;0.030593725693544207
0.6714285714285715;715;122;3840;0.016195890516952288;0.03177083333333333
0.6714285714285715;716;137;3848;0.01622893097684798;0.035602910602910605
0.6714285714285715;717;111;3898;0.015935874602965663;0.028476141611082608
0.6714285714285715;718;126;3883;0.016255642008147483;0.03244913726500129
0.6714285714285715;719;127;3878;0.01620992351608306;0.03274883960804539
0.7857142857142857;720;130;3881;0.016398914534998324;0.03349652151507344
0.7857142857142857;721;110;3907;0.016482084430549403;0.028154594317890965
0.7857142857142857;722;127;3842;0.016387965924197532;0.03305570015616866
0.7857142857142857;723;109;3860;0.016319113097020853;0.028238341968911916
0.7857142857142857;724;131;3842;0.016411512344416006;0.03409682457053618
0.7857142857142857;725;112;3873;0.016341998275215864;0.028918151303898788
0.7857142857142857;726;118;3882;0.01631991836525119;0.030396702730551263
0.7857142857142857;727;126;3831;0.016361785586207593;0.03288958496476116
0.7857142857142857;728;119;3888;0.016224894017923437;0.030606995884773662
0.7857142857142857;729;119;3897;0.01625102859479625;0.030536309982037466
0.7857142857142857;730;108;3910;0.016426522195212272;0.02762148337595908
0.7857142857142857;731;129;3862;0.01644507503940418;0.033402382185396165
0.7857142857142857;732;130;3855;0.01655004859357279;0.03372243839169909
0.7857142857142857;733;145;3857;0.016311878946925124;0.03759398496240601
0.7857142857142857;734;114;3884;0.016278562541762583;0.029351184346035016
0.7857142857142857;735;152;3789;0.01626646413285494;0.040116125626814464
0.7857142857142857;736;115;3894;0.016380887854475334;0.02953261427837699
0.7857142857142857;737;112;3895;0.016273883878028257;0.028754813863928114
0.7857142857142857;738;133;3826;0.01626131577602026;0.03476215368531103
0.7857142857142857;739;106;3881;0.016275137651943737;0.027312548312290647
0.7857142857142857;740;127;3917;0.016269348031284648;0.032422772529997444
0.7857142857142857;741;118;3921;0.016508793224600842;0.030094363682733997
0.7857142857142857;742;116;3878;0.016393360441343152;0.029912325941206807
0.7857142857142857;743;141;3838;0.016342998641851337;0.03673788431474726
0.7857142857142857;744;126;3866;0.01612557631110227;0.032591826176927054
0.7857142857142857;745;121;3943;0.016222141670718306;0.03068729393862541
0.7857142857142857;746;146;3867;0.016485078557341257;0.037755365916731315
0.7857142857142857;747;125;3889;0.016171492940931325;0.032141938801748524
0.7857142857142857;748;145;3813;0.01623768765108722;0.038027799632835035
0.7857142857142857;749;110;3903;0.01634705034101857;0.028183448629259544
0.7857142857142857;750;123;3836;0.016432532119691135;0.032064650677789366
0.7857142857142857;751;133;3855;0.01617254965636259;0.03450064850843061
0.7857142857142857;752;126;3875;0.016243699534239965;0.03251612903225806
0.7857142857142857;753;131;3902;0.016223313469832624;0.03357252690927729
0.7857142857142857;754;129;3899;0.016382344708258754;0.03308540651449089
0.7857142857142857;755;124;3918;0.01627404243366591;0.03164880040837162
0.7857142857142857;756;128;3888;0.016193854052194347;0.03292181069958848
0.7857142857142857;757;139;3856;0.01620839054444505;0.03604771784232365
0.7857142857142857;758;136;3811;0.016364208102502043;0.0356861716085017
0.7857142857142857;759;139;3855;0.016419103888798393;0.03605706874189364
0.7857142857142857;760;120;3870;0.01629900223152407;0.031007751937984496
0.7857142857142857;761;128;3850;0.01620504494747934;0.03324675324675325
0.7857142857142857;762;105;3893;0.016425937816034;0.02697148728487028
0.7857142857142857;763;127;3844;0.016259522373127215;0.03303850156087409
0.7857142857142857;764;121;3880;0.016148602988167955;0.03118556701030928
0.7857142857142857;765;134;3838;0.01633302009249568;0.03491401771756123
0.7857142857142857;766;112;3888;0.01634049603875076;0.02880658436213992
0.7857142857142857;767;123;3889;0.016211497651092806;0.03162766778092054
0.7857142857142857;768;125;3900;0.016343555450435567;0.03205128205128205
0.7857142857142857;769;114;3893;0.016510361406828402;0.029283329052144876
0.7857142857142857;770;123;3876;0.016261906116931762;0.03173374613003096
0.7857142857142857;771;110;3878;0.01602516513225501;0.028365136668385766
0.7857142857142857;772;135;3828;0.016278488995000645;0.03526645768025078
0.7857142857142857;773;141;3876;0.016417268027253035;0.03637770897832817
0.7857142857142857;774;113;3910;0.016179534105915175;0.028900255754475704
0.7857142857142857;775;137;3850;0.016326450110388715;0.03558441558441559
0.7857142857142857;776;117;3852;0.01628957987443798;0.030373831775700934
0.7857142857142857;777;106;3850;0.01623213171049704;0.027532467532467533
0.7857142857142857;778;136;3821;0.016172997499339998;0.03559277676001047
0.7857142857142857;779;111;3943;0.01626120127270788;0.02815115394369769
0.7857142857142857;780;116;3894;0.016224704709966682;0.029789419619928096
0.7857142857142857;781;135;3876;0.016419028904781304;0.0348297213622291
0.7857142857142857;782;134;3840;0.01639227955202506;0.034895833333333334
0.7857142857142857;783;134;3852;0.01623937699094855;0.0347871235721703
0.7857142857142857;784;117;3887;0.016141198506321213;0.030100334448160536
0.7857142857142857;785;131;3848;0.016116120581028168;0.034043659043659046
0.7857142857142857;786;120;3889;0.016416486694331885;0.03085626124967858
0.7857142857142857;787;121;3880;0.01628943194571463;0.03118556701030928
0.7857142857142857;788;114;3857;0.01621908456265535;0.029556650246305417
0.7857142857142857;789;145;3798;0.016331735384851637;0.03817798841495524
0.7857142857142857;790;132;3886;0.01617728801930541;0.033968090581574885
0.7857142857142857;791;133;3907;0.016400786295214104;0.03404146403890453
0.7857142857142857;792;107;3892;0.01627089731472453;0.02749229188078109
0.7857142857142857;793;138;3888;0.016326030989166813;0.035493827160493825
0.7857142857142857;794;135;3856;0.016344248107596705;0.0350103734439834
0.7857142857142857;795;125;3885;0.01624298514585912;0.032175032175032175
0.7857142857142857;796;99;3928;0.01622284349393569;0.025203665987780042
0.7857142857142857;797;122;3855;0.016487668933141245;0.03164721141374838
0.7857142857142857;798;138;3870;0.016294128011314645;0.03565891472868217
0.7857142857142857;799;106;3930;0.01608965332443206;0.02697201017811705
0.7857142857142857;800;133;3799;0.01647780934319659;0.03500921295077652
0.7857142857142857;801;119;3865;0.0164280138488837;0.030789133247089262
0.7857142857142857;802;125;3859;0.016377017783584833;0.0323918113500907
0.7857142857142857;803;111;3900;0.016106583558625678;0.02846153846153846
0.7857142857142857;804;137;3850;0.016459308153324;0.03558441558441559
0.7857142857142857;805;125;3842;0.016361601601760374;0.0325351379489849
0.7857142857142857;806;137;3872;0.01644306756822708;0.03538223140495868
0.7857142857142857;807;127;3862;0.016145476630812467;0.03288451579492491
0.7857142857142857;808;115;3882;0.016001387204739176;0.02962390520350335
0.7857142857142857;809;110;3894;0.016258607825970803;0.02824858757062147
0.7857142857142857;810;124;3868;0.016299312530556744;0.03205791106514995
0.7857142857142857;811;117;3889;0.016214566985737033;0.030084854718436617
0.7857142857142857;812;118;3884;0.016270774293043952;0.03038105046343975
0.7857142857142857;813;132;3900;0.016201460525368222;0.033846153846153845
0.7857142857142857;814;123;3892;0.016321740537460428;0.0316032887975334
0.7857142857142857;815;121;3912;0.016136276768940156;0.030930470347648262
0.7857142857142857;816;134;3839;0.0163845802641447;0.03490492315707215
0.7857142857142857;817;127;3934;0.016052903856735273;0.03228266395526182
0.7857142857142857;818;109;3866;0.016392426278873145;0.02819451629591309
0.7857142857142857;819;108;3900;0.01621122677532905;0.027692307692307693
0.7857142857142857;820;120;3851;0.016345631836676873;0.03116073747078681
0.7857142857142857;821;130;3867;0.016489847278450792;0.03361779156969227
0.7857142857142857;822;127;3884;0.016163690772535273;0.03269824922760041
0.7857142857142857;823;115;3897;0.01611958941327228;0.02950987939440595
0.7857142857142857;824;120;3902;0.016114750766767244;0.030753459764223477
0.7857142857142857;825;115;3928;0.01629919184350239;0.029276985743380855
0.7857142857142857;826;142;3822;0.016584763733748738;0.037153322867608585
0.7857142857142857;827;128;3863;0.016395418842791203;0.033134869272586076
0.7857142857142857;828;116;3875;0.016368364602418924;0.02993548387096774
0.7857142857142857;829;131;3902;0.01650005136187194;0.03357252690927729
0.7857142857142857;830;129;3858;0.016456746512311694;0.03343701399688958
0.7857142857142857;831;112;3899;0.01622409512196703;0.02872531418312388
0.7857142857142857;832;129;3865;0.016589452255997124;0.0333764553686934
0.7857142857142857;833;120;3856;0.016030105826823172;0.03112033195020747
0.7857142857142857;834;140;3847;0.016227382194554142;0.0363919937613725
0.7857142857142857;835;123;3864;0.016482476850593137;0.03183229813664596
0.7857142857142857;836;129;3877;0.016386841520684516;0.03327314934227495
0.7857142857142857;837;115;3888;0.016255374312090353;0.029578189300411523
0.7857142857142857;838;113;3902;0.016426127684247484;0.028959507944643772
0.7857142857142857;839;113;3883;0.016175526276710133;0.02910121040432655
0.9;840;128;3868;0.01631073855802393;0.033092037228541885
0.9;841;121;3867;0.01615611104564156;0.0312904059994828
0.9;842;111;3906;0.016285395114621994;0.028417818740399385
0.9;843;129;3877;0.016274161494818633;0.03327314934227495
0.9;844;134;3863;0.01638636008102996;0.03468806626973855
0.9;845;117;3944;0.016241308734979285;0.02966531440162272
0.9;846;136;3900;0.01626332098833757;0.03487179487179487
0.9;847;117;3867;0.01626345840826283;0.030256012412723042
0.9;848;134;3886;0.016285079508305524;0.034482758620689655
0.9;849;115;3912;0.016212079502433915;0.029396728016359917
0.9;850;122;3887;0.01624722468164847;0.03138667352714176
0.9;851;126;3867;0.016489280822324467;0.032583397982932506
0.9;852;130;3864;0.016314860442771993;0.03364389233954451
0.9;853;122;3912;0.01621171883454787;0.031186094069529654
0.9;854;139;3807;0.016275643692625023;0.0365116889939585
0.9;855;140;3874;0.016212853754815414;0.036138358286009295
0.9;856;114;3900;0.0162194983838022;0.02923076923076923
0.9;857;123;3842;0.01662881727847043;0.032014575741801145
0.9;858;134;3867;0.016378157915587808;0.03465218515645203
0.9;859;133;3910;0.0163383716597822;0.0340153452685422
0.9;860;132;3860;0.016438667301441164;0.03419689119170984
0.9;861;133;3865;0.016240823175123435;0.034411384217335056
0.9;862;109;3886;0.01659321300396429;0.028049408131755018
0.9;863;146;3815;0.016338566002327866;0.038269986893840105
0.9;864;119;3882;0.0164304139899776;0.0306543019062339
0.9;865;132;3870;0.01628666208322534;0.034108527131782945
0.9;866;124;3902;0.01629810796477597;0.03177857508969759
0.9;867;122;3855;0.01645631496135102;0.03164721141374838
0.9;868;118;3910;0.016168324538132554;0.03017902813299233
0.9;869;127;3883;0.016511212945345216;0.032706670100437804
0.9;870;118;3853;0.016203241217743428;0.03062548663379185
0.9;871;122;3887;0.016475643703842954;0.03138667352714176
0.9;872;118;3911;0.016068857585721144;0.03017131168499105
0.9;873;119;3827;0.016429269664676897;0.031094852364776587
0.9;874;97;3926;0.01626116603115944;0.024707080998471728
0.9;875;142;3843;0.016334220702853133;0.036950299245381214
0.9;876;131;3893;0.01633973123461328;0.033650141279219115
0.9;877;153;3790;0.016322173823701824;0.04036939313984169
0.9;878;118;3906;0.016389354553348084;0.030209933435739886
0.9;879;135;3870;0.01630794563682519;0.03488372093023256
0.9;880;117;3883;0.016185973714346658;0.030131341746072623
0.9;881;135;3828;0.016231456879381243;0.03526645768025078
0.9;882;124;3870;0.016334222778155476;0.03204134366925065
0.9;883;118;3865;0.016246257710401366;0.03053040103492885
0.9;884;113;3878;0.016141564160092138;0.029138731304796286
0.9;885;126;3891;0.016525263567490515;0.03238242097147263
0.9;886;124;3880;0.016239480307562882;0.031958762886597936
0.9;887;128;3895;0.016141641074934925;0.032862644415917845
0.9;888;132;3821;0.016179924497715256;0.034545930384716046
0.9;889;140;3819;0.016424402539866004;0.036658811207122284
0.9;890;128;3883;0.016301718852352112;0.03296420293587433
0.9;891;141;3864;0.016472912456380835;0.036490683229813664
0.9;892;114;3886;0.01630597217589536;0.029336078229541946
0.9;893;128;3887;0.01624479532147508;0.03293028042191922
0.9;894;126;3873;0.01630706178019332;0.032532920216886134
0.9;895;109;3935;0.016620326656022918;0.02770012706480305
0.9;896;125;3840;0.016114409277937097;0.032552083333333336
0.9;897;130;3877;0.016216866356676653;0.03353108073252515
0.9;898;129;3877;0.01625668957691011;0.03327314934227495
0.9;899;137;3847;0.016392368748662057;0.0356121653236288
0.9;900;130;3874;0.016383613861082787;0.03355704697986577
0.9;901;123;3920;0.01639367629692349;0.031377551020408165
0.9;902;128;3912;0.016298475670728806;0.032719836400818
0.9;903;137;3856;0.016404454130317873;0.035529045643153526
0.9;904;141;3893;0.016034152251139366;0.03621885435396866
0.9;905;132;3859;0.01639206189326199;0.03420575278569578
0.9;906;128;3895;0.016215716993048523;0.032862644415917845
0.9;907;122;3880;0.016277401285973995;0.031443298969072164
0.9;908;135;3896;0.01629353609230281;0.03465092402464066
0.9;909;132;3879;0.016351506733937784;0.03402938901778809
0.9;910;122;3899;0.01622670470211935;0.03129007437804565
0.9;911;116;3873;0.016208034452953178;0.029950942421895173
0.9;912;108;3910;0.01615451405769859;0.02762148337595908
0.9;913;129;3923;0.0164546177665861;0.03288299770583737
0.9;914;121;3830;0.016349020758620113;0.03159268929503917
0.9;915;135;3862;0.01619802069237338;0.03495598135680994
0.9;916;114;3852;0.016347670306563294;0.029595015576323987
0.9;917;125;3892;0.01631297753311173;0.03211716341212744
0.9;918;138;3813;0.016133220796610826;0.03619197482297404
0.9;919;129;3853;0.01604599233044469;0.03348040487931482
0.9;920;137;3883;0.016353355681953206;0.03528199845480299
0.9;921;122;3882;0.016414541332536413;0.03142709943328181
0.9;922;120;3917;0.01638634359710129;0.030635690579525147
0.9;923;130;3918;0.016198152259593413;0.033180193976518634
0.9;924;126;3837;0.016558489315379076;0.0328381548084441
0.9;925;122;3890;0.01629286690310366;0.031362467866323906
0.9;926;119;3848;0.016476922175053574;0.030925155925155927
0.9;927;131;3828;0.016455293204644846;0.034221525600835946
0.9;928;120;3912;0.016390692904919638;0.03067484662576687
0.9;929;123;3883;0.016250642983186965;0.03167653875869173
0.9;930;114;3876;0.01612887711180063;0.029411764705882353
0.9;931;123;3889;0.01630738952821277;0.03162766778092054
0.9;932;146;3829;0.016618848021435727;0.03813006006790284
0.9;933;107;3897;0.016129018496344957;0.02745701821914293
0.9;934;110;3903;0.016019563202011127;0.028183448629259544
0.9;935;130;3854;0.016367060756805104;0.033731188375713546
0.9;936;131;3896;0.016218959687596964;0.03362422997946612
0.9;937;131;3888;0.016244709943240506;0.03369341563786008
0.9;938;129;3898;0.016383786010199713;0.03309389430477168
0.9;939;121;3842;0.016305844679392348;0.031494013534617386
0.9;940;104;3927;0.016281814046820393;0.02648332060096766
0.9;941;120;3929;0.016362177106546468;0.03054212267752609
0.9;942;120;3884;0.01619059323996203;0.030895983522142123
0.9;943;138;3869;0.016613334529265823;0.03566813130007754
0.9;944;132;3863;0.016258461820276047;0.034170333937354386
0.9;945;147;3808;0.016255981325634997;0.03860294117647059
0.9;946;125;3818;0.01633357741883509;0.03273965426925092
0.9;947;137;3828;0.01619700178765057;0.035788923719958204
0.9;948;121;3865;0.016129495009808956;0.03130659767141009
0.9;949;126;3887;0.016525184642827307;0.03241574479032673
0.9;950;132;3831;0.016024695012221837;0.03445575567736883
0.9;951;125;3901;0.016329185489983907;0.03204306588054345
0.9;952;130;3881;0.016276148007725064;0.03349652151507344
0.9;953;113;3941;0.016478351122977818;0.028672925653387464
0.9;954;136;3835;0.016416146552096673;0.03546284224250326
0.9;955;121;3897;0.016323130506603317;0.03104952527585322
0.9;956;113;3900;0.016050751153274156;0.028974358974358974
0.9;957;118;3874;0.016253920508013216;0.030459473412493547
0.9;958;129;3890;0.016383453426853;0.033161953727506424
0.9;959;144;3806;0.016400572602815106;0.03783499737256963
