dissuasion;quarantine;Run;Denounce;Females;Got attacked;Stress
False;False;0;0;1188;204;0.030772423525282876
False;False;1;0;1201;219;0.030237656526271667
False;False;2;0;1166;222;0.030222150385596128
False;False;3;0;1175;203;0.030798394852888687
False;False;4;0;1251;234;0.029898886854100273
False;False;5;0;1271;227;0.030571842204832368
False;False;6;0;1242;188;0.03035574113625708
False;False;7;0;1201;214;0.03151566858534527
False;False;8;0;1214;236;0.030972715771692808
False;False;9;0;1190;229;0.030756673760896396
False;False;10;0;1203;240;0.03050649960567006
False;False;11;0;1189;236;0.031672571297154534
False;False;12;0;1281;248;0.031095059582863564
False;False;13;0;1193;170;0.030416216203273498
False;False;14;0;1213;202;0.030015955718370794
False;False;15;0;1245;189;0.029033715679913977
False;False;16;0;1171;232;0.03029888644571641
False;False;17;0;1212;191;0.031111978983167202
False;False;18;0;1236;216;0.030262911340755507
False;False;19;0;1193;206;0.03163863426838635
False;False;20;0;1281;194;0.03049380366923999
False;False;21;0;1249;208;0.030557952677912642
False;False;22;0;1232;210;0.03162256139996524
False;False;23;0;1218;187;0.030701019706329175
False;False;24;0;1221;189;0.030770944396072624
False;False;25;0;1186;173;0.029804578946229014
False;False;26;0;1215;210;0.029489885915904505
False;False;27;0;1227;200;0.03028254379350778
False;False;28;0;1229;217;0.030555796771170023
False;False;29;0;1208;192;0.031124580724281137
False;False;30;0;1192;187;0.030237029608294892
False;False;31;0;1226;209;0.030324427246331966
False;False;32;0;1252;230;0.0307797697112094
False;False;33;0;1234;213;0.03101712259734213
False;False;34;0;1248;229;0.030492117282410042
False;False;35;0;1164;207;0.030398754728627755
False;False;36;0;1234;213;0.030634167357185972
False;False;37;0;1209;214;0.03074852803170789
False;False;38;0;1221;211;0.030633740255788387
False;False;39;0;1208;194;0.029589475108378695
False;False;40;0;1239;243;0.03116014014302885
False;False;41;0;1206;222;0.030731113512470487
False;False;42;0;1203;227;0.031206496668519244
False;False;43;0;1210;214;0.032211469256474695
False;False;44;0;1230;221;0.03080421102746896
False;False;45;0;1215;212;0.030479947871425134
False;False;46;0;1215;206;0.031125321382403284
False;False;47;0;1208;203;0.030690189144934245
False;False;48;0;1158;227;0.031029871773862905
False;False;49;0;1214;261;0.030895131375936656
False;False;50;0;1172;227;0.030595996237700495
False;False;51;0;1260;198;0.030606337800364446
False;False;52;0;1280;217;0.030488123161891614
False;False;53;0;1209;221;0.029104720314718918
False;False;54;0;1242;201;0.030428223932824697
False;False;55;0;1227;229;0.030864492495708034
False;False;56;0;1193;194;0.030404667615729967
False;False;57;0;1228;232;0.03145152048929937
False;False;58;0;1217;221;0.03060452218384353
False;False;59;0;1230;213;0.0302612101389023
False;False;60;0;1234;250;0.031015899110904476
False;False;61;0;1228;223;0.031259451702733865
False;False;62;0;1248;187;0.03018036586739533
False;False;63;0;1184;212;0.03129550177728496
False;False;64;0;1224;228;0.030431353779404372
False;False;65;0;1232;215;0.031651278101963526
False;False;66;0;1214;241;0.031497039135901184
False;False;67;0;1221;240;0.03150943886121467
False;False;68;0;1225;216;0.031667912469515336
False;False;69;0;1246;201;0.031126070287979507
False;False;70;0;1232;229;0.03050096997240185
False;False;71;0;1244;213;0.03057547375933915
False;False;72;0;1191;220;0.03224777419355069
False;False;73;0;1272;230;0.030907367211508715
False;False;74;0;1214;224;0.030122046492149706
False;False;75;0;1230;229;0.03138278306477793
False;False;76;0;1202;220;0.03113242350001858
False;False;77;0;1234;224;0.029909714695589815
False;False;78;0;1170;201;0.030615132700371243
False;False;79;0;1234;218;0.029794651734289003
False;False;80;0;1250;214;0.031199062097027257
False;False;81;0;1231;239;0.031569507672255755
False;False;82;0;1270;221;0.030679002811637185
False;False;83;0;1217;242;0.030556117437211712
False;False;84;0;1191;228;0.029959689233720527
False;False;85;0;1188;215;0.03111120708204208
False;False;86;0;1236;239;0.030130974198764166
False;False;87;0;1156;199;0.03018498375260502
False;False;88;0;1205;210;0.030882091615052096
False;False;89;0;1230;226;0.030039950506607
False;False;90;0;1194;209;0.030288105191235183
False;False;91;0;1193;225;0.031167795305381593
False;False;92;0;1248;227;0.030430906527777465
False;False;93;0;1218;206;0.03011198617200022
False;False;94;0;1223;241;0.031128779604761965
False;False;95;0;1257;205;0.030616699742118874
False;False;96;0;1189;214;0.031054314848160326
False;False;97;0;1251;218;0.030707266768581123
False;False;98;0;1196;232;0.03099117589189449
False;False;99;0;1210;258;0.030759153742736325
False;False;100;0;1224;213;0.030711107446464207
False;False;101;0;1209;242;0.030843444926908062
False;False;102;0;1169;239;0.031041509617762017
False;False;103;0;1183;244;0.03140275495617376
False;False;104;0;1199;216;0.030666365099850785
False;False;105;0;1204;239;0.03166748289832164
False;False;106;0;1258;234;0.030398007920207696
False;False;107;0;1211;218;0.03063557144549512
False;False;108;0;1229;201;0.03089345113857757
False;False;109;0;1201;233;0.03108688332658854
False;False;110;0;1200;200;0.030773142111226094
False;False;111;0;1236;195;0.03053547520863738
False;False;112;0;1216;241;0.029965249227120083
False;False;113;0;1225;217;0.030637147930819193
False;False;114;0;1192;210;0.03059745028870734
False;False;115;0;1245;231;0.03033757702079475
False;False;116;0;1213;223;0.030611547168202188
False;False;117;0;1186;244;0.030619462759726553
False;False;118;0;1201;193;0.030168976120504322
False;False;119;0;1141;199;0.030964142659572612
False;False;120;0;1216;195;0.03081482526853871
False;False;121;0;1185;256;0.030079329210583542
False;False;122;0;1164;229;0.03069503457110003
False;False;123;0;1266;205;0.030735444322835224
False;False;124;0;1199;215;0.030316704101046504
False;False;125;0;1206;202;0.029428970177471266
False;False;126;0;1226;249;0.031256397300466345
False;False;127;0;1208;211;0.030173316934745058
False;False;128;0;1228;216;0.03033499147857683
False;False;129;0;1250;216;0.030450784152955775
False;False;130;0;1199;224;0.030871184548241858
False;False;131;0;1236;220;0.030841776239332586
False;False;132;0;1247;208;0.031432707181225795
False;False;133;0;1247;239;0.030368023364049385
False;False;134;0;1238;223;0.03011690719385941
False;False;135;0;1219;239;0.03201488222873245
False;False;136;0;1252;221;0.03149040988706474
False;False;137;0;1168;215;0.03183173826471509
False;False;138;0;1246;219;0.030213694256267246
False;False;139;0;1188;222;0.0313839244881333
False;False;140;0;1217;227;0.03032261211336475
False;False;141;0;1203;231;0.030864510777323072
False;False;142;0;1214;184;0.030770038951814023
False;False;143;0;1215;226;0.02968794835150701
False;False;144;0;1235;228;0.03115408539871034
False;False;145;0;1183;217;0.030915049238118376
False;False;146;0;1244;200;0.030365517979986434
False;False;147;0;1221;209;0.030260272799568284
False;False;148;0;1230;228;0.030862861485330108
False;False;149;0;1205;209;0.03075741005888541
False;False;150;0;1215;224;0.031354066214980304
False;False;151;0;1182;203;0.03132729427894389
False;False;152;0;1224;219;0.03071566072948618
False;False;153;0;1230;234;0.030976330859962504
False;False;154;0;1217;192;0.03030465024214924
False;False;155;0;1228;224;0.03112624563017816
False;False;156;0;1269;225;0.030038975091598714
False;False;157;0;1187;218;0.03105937136522941
False;False;158;0;1258;238;0.0301548762365719
False;False;159;0;1237;224;0.0304306513204139
False;False;160;0;1262;227;0.030024406929946845
False;False;161;0;1253;216;0.03019646999836691
False;False;162;0;1228;185;0.030745287890791832
False;False;163;0;1204;218;0.030525817908243606
False;False;164;0;1201;231;0.031219045910027693
False;False;165;0;1213;224;0.03111509728589067
False;False;166;0;1195;211;0.0315000061948237
False;False;167;0;1211;215;0.03033262612020754
False;False;168;0;1243;209;0.029768508409241102
False;False;169;0;1253;225;0.03044138951904281
False;False;170;0;1216;228;0.030148372449435044
False;False;171;0;1230;221;0.031000341431782246
False;False;172;0;1234;247;0.03088385268733791
False;False;173;0;1221;229;0.029814163884060708
False;False;174;0;1225;208;0.029957574671361887
False;False;175;0;1201;207;0.03081912044899647
False;False;176;0;1200;239;0.030870947161333734
False;False;177;0;1175;209;0.03125236081249931
False;False;178;0;1212;209;0.030320946074953368
False;False;179;0;1168;211;0.029601070243755336
False;False;180;0;1259;231;0.030755788627852484
False;False;181;0;1249;230;0.03135156964920946
False;False;182;0;1222;215;0.03098321929479226
False;False;183;0;1214;232;0.03137295699287231
False;False;184;0;1236;231;0.03049874566396111
False;False;185;0;1223;218;0.030786172105022377
False;False;186;0;1217;234;0.03100630994592047
False;False;187;0;1225;227;0.03155288437984613
False;False;188;0;1251;224;0.03023673721470411
False;False;189;0;1198;243;0.030788545463365933
False;False;190;0;1209;194;0.03150723010891995
False;False;191;0;1243;187;0.032101360721699376
False;False;192;0;1232;197;0.030455463764446116
False;False;193;0;1222;212;0.030454209218318883
False;False;194;0;1248;239;0.03181604915203917
False;False;195;0;1191;184;0.029296107383992832
False;False;196;0;1215;213;0.030906240739277648
False;False;197;0;1173;193;0.02992828247566491
False;False;198;0;1222;195;0.030300899475823723
False;False;199;0;1167;211;0.02988741481871208
False;True;200;91;1184;229;0.03067797122348326
False;True;201;66;1262;206;0.030111026237521238
False;True;202;69;1171;196;0.029277355460063284
False;True;203;70;1219;189;0.030331536405810083
False;True;204;76;1226;192;0.02963586152061047
False;True;205;97;1223;238;0.03064490378066567
False;True;206;70;1238;219;0.03024546113475472
False;True;207;66;1247;216;0.029010129136409508
False;True;208;73;1205;209;0.029422705938587007
False;True;209;85;1247;216;0.029596073529837914
False;True;210;71;1208;237;0.03033950975676792
False;True;211;86;1233;231;0.03039232170245191
False;True;212;87;1231;215;0.030744040062933603
False;True;213;89;1248;243;0.029526136599699555
False;True;214;63;1181;192;0.03018546574633197
False;True;215;84;1186;230;0.029839796018534977
False;True;216;64;1183;197;0.030441730367095528
False;True;217;72;1247;214;0.029918690395802475
False;True;218;75;1234;197;0.029265375897856976
False;True;219;80;1188;228;0.029282484834628055
False;True;220;67;1269;204;0.02958757839298158
False;True;221;87;1216;211;0.030462418035197628
False;True;222;94;1193;234;0.029856874634991943
False;True;223;62;1183;175;0.02985424827294279
False;True;224;65;1203;197;0.03073209106399601
False;True;225;82;1252;222;0.029581081055041515
False;True;226;78;1242;217;0.030677491409957163
False;True;227;81;1199;209;0.03024228700205993
False;True;228;61;1168;206;0.02898299946354163
False;True;229;74;1205;222;0.030300552471454308
False;True;230;72;1230;190;0.031108187176275344
False;True;231;71;1193;230;0.029864853916320336
False;True;232;79;1244;212;0.029711283218989876
False;True;233;89;1213;253;0.030242060068157967
False;True;234;77;1185;203;0.029856557926446408
False;True;235;78;1220;231;0.029709955722272825
False;True;236;69;1199;207;0.029814890333902232
False;True;237;74;1236;178;0.029346911913639234
False;True;238;69;1213;227;0.03133079057598353
False;True;239;74;1241;210;0.030071913434815342
False;True;240;77;1205;215;0.030683523623514626
False;True;241;77;1267;215;0.029603776149785026
False;True;242;93;1191;222;0.030067340785754834
False;True;243;66;1244;191;0.030472909997478814
False;True;244;79;1233;199;0.029977409314480473
False;True;245;72;1228;210;0.029819134390052272
False;True;246;84;1249;222;0.029557025259657158
False;True;247;57;1236;203;0.03146142774347755
False;True;248;87;1215;225;0.03102008760718617
False;True;249;81;1236;228;0.03171331797849226
False;True;250;71;1183;213;0.030788081603563593
False;True;251;88;1253;232;0.030310249878694413
False;True;252;70;1196;215;0.03051234217155899
False;True;253;69;1207;196;0.03016527843036323
False;True;254;79;1227;206;0.03075128703463898
False;True;255;86;1247;206;0.029884857122325706
False;True;256;75;1248;219;0.029350338909441068
False;True;257;67;1225;194;0.030871542987952402
False;True;258;92;1228;230;0.03044155210077796
False;True;259;93;1214;247;0.029868117301396664
False;True;260;73;1183;218;0.031985614847591916
False;True;261;70;1237;218;0.03008173971857572
False;True;262;72;1250;206;0.030034106646287032
False;True;263;78;1198;213;0.02947252794742898
False;True;264;99;1192;248;0.02941862597145097
False;True;265;79;1173;209;0.029592039711456228
False;True;266;79;1245;223;0.030692814043675246
False;True;267;84;1217;232;0.03028649302249611
False;True;268;78;1167;201;0.03017061861464226
False;True;269;83;1246;224;0.029924714987301423
False;True;270;71;1207;199;0.030385527436794457
False;True;271;71;1261;200;0.029611437976323707
False;True;272;78;1230;214;0.02955129183798973
False;True;273;83;1211;209;0.02974818160882081
False;True;274;64;1194;197;0.03003511913716284
False;True;275;78;1224;195;0.029968474290307245
False;True;276;69;1234;188;0.03089128361348389
False;True;277;65;1226;179;0.031059903208411427
False;True;278;81;1249;221;0.029698963262354664
False;True;279;70;1205;202;0.029862173999403753
False;True;280;62;1274;199;0.029559976711108157
False;True;281;81;1205;221;0.02933806924466816
False;True;282;80;1213;219;0.02950874315945778
False;True;283;66;1209;189;0.03081029967130179
False;True;284;71;1216;196;0.029880228578012116
False;True;285;69;1207;209;0.029882527210828545
False;True;286;89;1257;253;0.03089278429254898
False;True;287;80;1205;213;0.029570891604886324
False;True;288;72;1222;208;0.030379960661477946
False;True;289;75;1222;230;0.030962847678799175
False;True;290;55;1195;188;0.03114052325565759
False;True;291;81;1238;214;0.030468117540449608
False;True;292;71;1202;195;0.029479591789821607
False;True;293;72;1159;217;0.030428826368015294
False;True;294;81;1238;203;0.029639936610145374
False;True;295;87;1248;220;0.0294477598002124
False;True;296;82;1263;211;0.029634475371209067
False;True;297;71;1249;194;0.029146973669986677
False;True;298;74;1214;216;0.02943715101564508
False;True;299;75;1243;242;0.030325317958268677
False;True;300;84;1217;211;0.029032087686778566
False;True;301;75;1226;209;0.029440481447196454
False;True;302;88;1209;245;0.030882753634483336
False;True;303;86;1173;221;0.030580857579594885
False;True;304;80;1224;206;0.02967059957230436
False;True;305;71;1205;197;0.03061164463563242
False;True;306;69;1188;208;0.03071901725747834
False;True;307;71;1185;196;0.03025336120466651
False;True;308;86;1213;234;0.029996511358509125
False;True;309;86;1227;244;0.031139214970353112
False;True;310;80;1190;204;0.030276910883727266
False;True;311;84;1266;213;0.029489714317092262
False;True;312;76;1240;212;0.029420206852301702
False;True;313;91;1184;225;0.030867083018668758
False;True;314;82;1203;199;0.03001987398109436
False;True;315;55;1214;187;0.02954763030715669
False;True;316;84;1226;200;0.03040501856519987
False;True;317;68;1195;211;0.03059308838342382
False;True;318;77;1188;204;0.029572881944050944
False;True;319;87;1224;239;0.031002054457447675
False;True;320;72;1224;202;0.030541176392368835
False;True;321;74;1167;199;0.029418150847371073
False;True;322;85;1214;252;0.03004708078187357
False;True;323;79;1226;209;0.03014760292025891
False;True;324;68;1222;207;0.03062098599182801
False;True;325;85;1247;212;0.029512041561705667
False;True;326;82;1220;198;0.029828937947068344
False;True;327;82;1221;208;0.02983196328763106
False;True;328;75;1224;217;0.030101852404367087
False;True;329;77;1203;214;0.029588776224264635
False;True;330;71;1181;188;0.02978875727312744
False;True;331;76;1205;197;0.02990900087835323
False;True;332;66;1194;190;0.03047462852127637
False;True;333;79;1219;225;0.029763094798315754
False;True;334;75;1221;215;0.02973237564710167
False;True;335;66;1224;173;0.02959476911772774
False;True;336;86;1234;229;0.0296721926021895
False;True;337;88;1210;226;0.031009515682253987
False;True;338;76;1210;216;0.030438347888380794
False;True;339;82;1194;231;0.0316375663847643
False;True;340;75;1182;205;0.03152038564762887
False;True;341;85;1253;220;0.030687561564058035
False;True;342;69;1182;202;0.030358414529661086
False;True;343;85;1189;205;0.030226332424230406
False;True;344;73;1166;201;0.030139870316110658
False;True;345;62;1232;180;0.0303683012333062
False;True;346;80;1182;200;0.030582832673425712
False;True;347;72;1229;195;0.02889248362677539
False;True;348;68;1199;178;0.03034740048441933
False;True;349;80;1213;205;0.030964460519252005
False;True;350;70;1216;192;0.03114049018263262
False;True;351;66;1246;193;0.029550624805062993
False;True;352;69;1189;211;0.031132678788257713
False;True;353;74;1206;212;0.029441753121551156
False;True;354;81;1232;226;0.03058230028382336
False;True;355;88;1225;216;0.030774325403851856
False;True;356;70;1229;197;0.02989449887322511
False;True;357;80;1232;207;0.03055552501729309
False;True;358;76;1221;219;0.030999282232342197
False;True;359;80;1244;221;0.029639843348258164
False;True;360;72;1185;214;0.030852272997643797
False;True;361;69;1189;199;0.030285723783921383
False;True;362;80;1189;220;0.02987277712947846
False;True;363;79;1239;189;0.029769568800545657
False;True;364;79;1244;191;0.03144916844071889
False;True;365;59;1246;198;0.030816278457406605
False;True;366;79;1233;207;0.03043091823788472
False;True;367;84;1208;221;0.030455736486444236
False;True;368;82;1202;226;0.030663778878030384
False;True;369;81;1228;223;0.030056741366616107
False;True;370;66;1205;187;0.029627418952139776
False;True;371;88;1208;247;0.030411187804042374
False;True;372;66;1249;200;0.031244911530052922
False;True;373;86;1248;242;0.029618899089926345
False;True;374;76;1199;197;0.030234161770553512
False;True;375;69;1229;198;0.02934379698309531
False;True;376;92;1221;244;0.031041306771326424
False;True;377;58;1194;182;0.030468492874810335
False;True;378;74;1239;210;0.030049416018926883
False;True;379;87;1214;237;0.029646431913549143
False;True;380;66;1204;210;0.03104213236195884
False;True;381;59;1213;195;0.029914346372640052
False;True;382;72;1175;195;0.030314792332749776
False;True;383;68;1206;201;0.030449043660810506
False;True;384;97;1258;232;0.030649244631913482
False;True;385;81;1208;250;0.030357267422778004
False;True;386;88;1252;225;0.030752843365783114
False;True;387;79;1221;239;0.03037164127966457
False;True;388;66;1243;208;0.029749744808493253
False;True;389;72;1230;193;0.030643535748782206
False;True;390;61;1213;208;0.02988813855752272
False;True;391;75;1204;203;0.02959311379927387
False;True;392;70;1213;216;0.030211013512254407
False;True;393;82;1169;208;0.02959771569738753
False;True;394;75;1213;200;0.029904275748358734
False;True;395;67;1218;191;0.029525238581039524
False;True;396;66;1236;200;0.03014445396748543
False;True;397;73;1188;198;0.03022325834813888
False;True;398;73;1236;199;0.029405258568100303
False;True;399;77;1257;211;0.030123588152129437
True;False;400;0;1216;236;0.033114571402260734
True;False;401;0;1195;222;0.03340761663850304
True;False;402;0;1195;238;0.0328014914866966
True;False;403;0;1217;235;0.033867594408721766
True;False;404;0;1234;211;0.03340734627655113
True;False;405;0;1223;247;0.03307517302658122
True;False;406;0;1272;218;0.03300320526678513
True;False;407;0;1191;235;0.03288344358638041
True;False;408;0;1210;214;0.03302356349946905
True;False;409;0;1188;251;0.034644234226890495
True;False;410;0;1233;247;0.0330764628852682
True;False;411;0;1228;243;0.034199377621846466
True;False;412;0;1217;280;0.03406399287065167
True;False;413;0;1250;235;0.03295795583073705
True;False;414;0;1216;237;0.03286750473746062
True;False;415;0;1246;240;0.033859595135011356
True;False;416;0;1230;217;0.0324885994614166
True;False;417;0;1250;247;0.032694677562194595
True;False;418;0;1184;246;0.03352894439673573
True;False;419;0;1210;251;0.03352761462930708
True;False;420;0;1186;228;0.03213434866824773
True;False;421;0;1268;299;0.032745706636337406
True;False;422;0;1260;200;0.03405849207575308
True;False;423;0;1217;234;0.03294793153374845
True;False;424;0;1191;254;0.03399086525728995
True;False;425;0;1203;215;0.0329311742192373
True;False;426;0;1219;281;0.03294321881129873
True;False;427;0;1250;241;0.03182932796842716
True;False;428;0;1203;245;0.034307295156874376
True;False;429;0;1233;254;0.033197187498145354
True;False;430;0;1198;238;0.033607938688946744
True;False;431;0;1212;259;0.032885259163449546
True;False;432;0;1174;250;0.03308771105193796
True;False;433;0;1255;236;0.03325880912645811
True;False;434;0;1174;223;0.03322818212977797
True;False;435;0;1235;277;0.0330279624198143
True;False;436;0;1204;281;0.03391363563018002
True;False;437;0;1210;237;0.034178543447464696
True;False;438;0;1197;243;0.03316550393528238
True;False;439;0;1201;242;0.0345203507468477
True;False;440;0;1205;235;0.0344837438291589
True;False;441;0;1202;240;0.033825258014672996
True;False;442;0;1206;247;0.03403015536559382
True;False;443;0;1189;245;0.03362389368242737
True;False;444;0;1228;263;0.033943526916369156
True;False;445;0;1209;222;0.033149393228510786
True;False;446;0;1191;269;0.03274804440167011
True;False;447;0;1181;254;0.03423877926108752
True;False;448;0;1262;262;0.033676699483195
True;False;449;0;1195;229;0.033247026847831346
True;False;450;0;1195;251;0.03388650199581529
True;False;451;0;1253;246;0.033782200076753054
True;False;452;0;1211;220;0.0339251071664147
True;False;453;0;1216;215;0.03380791627662173
True;False;454;0;1205;273;0.03421760923035505
True;False;455;0;1239;247;0.03377665329934736
True;False;456;0;1223;245;0.03396975578696241
True;False;457;0;1239;242;0.033477144220730455
True;False;458;0;1238;236;0.0325982019729362
True;False;459;0;1208;228;0.033308802142264775
True;False;460;0;1170;222;0.0341214076707879
True;False;461;0;1213;225;0.033281343174468396
True;False;462;0;1243;247;0.0332856339135861
True;False;463;0;1244;244;0.03477874514576757
True;False;464;0;1240;229;0.033799893726349735
True;False;465;0;1231;241;0.03300240638072804
True;False;466;0;1233;252;0.03437122979402791
True;False;467;0;1210;216;0.03372645881709945
True;False;468;0;1252;241;0.0332830958637506
True;False;469;0;1219;243;0.03366098372830507
True;False;470;0;1190;245;0.03354967505548651
True;False;471;0;1237;283;0.03363966492039679
True;False;472;0;1238;239;0.0333657674658165
True;False;473;0;1255;210;0.03265154096503162
True;False;474;0;1169;259;0.03396362467821435
True;False;475;0;1244;240;0.0340138574841287
True;False;476;0;1228;245;0.03267226789649167
True;False;477;0;1177;239;0.03441359632910106
True;False;478;0;1200;242;0.03314842285752651
True;False;479;0;1220;220;0.0340658516244757
True;False;480;0;1207;269;0.034009128493411395
True;False;481;0;1228;243;0.03325087521523645
True;False;482;0;1252;238;0.033137753572635195
True;False;483;0;1180;245;0.03341244852148638
True;False;484;0;1228;246;0.0329942457152762
True;False;485;0;1210;241;0.033384356666431074
True;False;486;0;1195;275;0.03392742155187712
True;False;487;0;1216;221;0.03331868143919568
True;False;488;0;1222;222;0.032997410224738545
True;False;489;0;1278;236;0.03281093752196609
True;False;490;0;1188;241;0.03203336504562743
True;False;491;0;1195;206;0.034220447510687646
True;False;492;0;1193;265;0.034244527301670054
True;False;493;0;1227;248;0.033318590975288824
True;False;494;0;1217;213;0.03317680372651672
True;False;495;0;1226;253;0.03294453922094013
True;False;496;0;1223;287;0.033214297209985796
True;False;497;0;1256;230;0.03297842696466622
True;False;498;0;1246;288;0.03410332140884357
True;False;499;0;1284;237;0.033369245599382986
True;False;500;0;1184;220;0.03307921045720182
True;False;501;0;1245;236;0.03286569098039765
True;False;502;0;1218;251;0.03309204480485565
True;False;503;0;1208;211;0.033124799353340915
True;False;504;0;1206;226;0.03392253368251393
True;False;505;0;1216;232;0.03354771677673835
True;False;506;0;1166;230;0.034688108706898264
True;False;507;0;1238;217;0.0332303341867677
True;False;508;0;1257;230;0.033830663078350566
True;False;509;0;1239;264;0.033926092837255874
True;False;510;0;1278;236;0.03248369536441208
True;False;511;0;1166;227;0.033400849767574424
True;False;512;0;1212;229;0.033629471175091546
True;False;513;0;1202;233;0.03312404553909053
True;False;514;0;1203;266;0.032732179642209834
True;False;515;0;1227;259;0.033177262426875916
True;False;516;0;1205;249;0.03381676941903875
True;False;517;0;1207;252;0.034352482865508495
True;False;518;0;1222;267;0.032832532858162136
True;False;519;0;1220;232;0.033750813376592845
True;False;520;0;1200;226;0.032301045763888286
True;False;521;0;1258;234;0.032251735284499025
True;False;522;0;1207;233;0.03359570539413948
True;False;523;0;1214;233;0.03308805441018945
True;False;524;0;1233;243;0.033513813149085345
True;False;525;0;1194;220;0.03320370363824751
True;False;526;0;1209;259;0.03322585135813002
True;False;527;0;1195;227;0.03239252838419837
True;False;528;0;1216;227;0.03281533572817597
True;False;529;0;1287;243;0.03348922975559792
True;False;530;0;1243;277;0.03358950069697369
True;False;531;0;1176;209;0.033519510637740946
True;False;532;0;1245;245;0.03254843440078471
True;False;533;0;1230;238;0.033146863100157076
True;False;534;0;1205;235;0.033705671147889096
True;False;535;0;1223;235;0.033221486189465306
True;False;536;0;1242;250;0.034395910812127416
True;False;537;0;1230;222;0.03357398856755693
True;False;538;0;1244;260;0.03258206387286006
True;False;539;0;1243;236;0.03291294628315937
True;False;540;0;1241;208;0.03283540316564435
True;False;541;0;1216;260;0.03428697555307106
True;False;542;0;1191;230;0.03336155831775631
True;False;543;0;1183;268;0.033000755342954005
True;False;544;0;1232;216;0.03275697815225393
True;False;545;0;1179;210;0.033946032318956834
True;False;546;0;1188;241;0.033850351506316656
True;False;547;0;1229;251;0.033529515780560855
True;False;548;0;1256;242;0.03283191908328466
True;False;549;0;1255;200;0.03346787675378717
True;False;550;0;1240;236;0.03319140577408983
True;False;551;0;1236;221;0.03365027152221545
True;False;552;0;1246;266;0.03396580252411095
True;False;553;0;1196;215;0.03406101205751453
True;False;554;0;1228;252;0.03352692082723308
True;False;555;0;1212;254;0.03417712544358895
True;False;556;0;1222;218;0.03335683630373656
True;False;557;0;1230;217;0.03408213403428118
True;False;558;0;1271;255;0.032937187853951146
True;False;559;0;1282;246;0.033006665396278806
True;False;560;0;1221;237;0.03491605397772383
True;False;561;0;1216;252;0.0349199305042341
True;False;562;0;1213;255;0.03383052398460729
True;False;563;0;1200;244;0.033311516712984254
True;False;564;0;1227;237;0.03318144608563038
True;False;565;0;1230;239;0.03265899926934558
True;False;566;0;1216;240;0.033309457325599874
True;False;567;0;1213;221;0.033156680659078244
True;False;568;0;1237;231;0.03312418661415244
True;False;569;0;1198;222;0.03406619905856529
True;False;570;0;1244;220;0.032531001105346916
True;False;571;0;1168;227;0.032626600005969064
True;False;572;0;1182;215;0.033722611360077565
True;False;573;0;1197;242;0.03298404134462772
True;False;574;0;1176;217;0.03306211791507166
True;False;575;0;1238;246;0.033751895886432765
True;False;576;0;1216;238;0.03360999685679323
True;False;577;0;1201;231;0.0331433040436219
True;False;578;0;1260;229;0.0331368990700117
True;False;579;0;1182;242;0.03420040836888141
True;False;580;0;1245;244;0.033152761028673365
True;False;581;0;1254;255;0.03438051133806535
True;False;582;0;1209;240;0.03367707131107774
True;False;583;0;1275;253;0.03317133026934133
True;False;584;0;1218;219;0.0332762310609934
True;False;585;0;1223;232;0.033198711162399835
True;False;586;0;1183;217;0.03391481921060159
True;False;587;0;1221;254;0.03314614403725566
True;False;588;0;1230;231;0.0323214049317361
True;False;589;0;1171;251;0.0325530847416063
True;False;590;0;1287;247;0.033099788801620386
True;False;591;0;1215;222;0.031851121656724525
True;False;592;0;1207;232;0.033074945200355255
True;False;593;0;1242;270;0.03299276153421163
True;False;594;0;1217;258;0.03384613990428569
True;False;595;0;1217;233;0.03308217883444486
True;False;596;0;1188;229;0.03305672432708289
True;False;597;0;1176;233;0.03352215552271928
True;False;598;0;1267;239;0.03305656022952087
True;False;599;0;1215;228;0.033328287261476734
True;True;600;52;1205;204;0.03255040171827854
True;True;601;59;1252;231;0.03288608333078593
True;True;602;59;1242;232;0.03318385616418654
True;True;603;67;1211;255;0.03155177950253204
True;True;604;53;1226;225;0.032966504035655875
True;True;605;53;1204;199;0.032677344218142924
True;True;606;55;1169;245;0.032616593347322184
True;True;607;46;1213;209;0.03208046613622069
True;True;608;48;1259;205;0.03291748831346359
True;True;609;56;1219;238;0.03236472646573512
True;True;610;53;1201;216;0.03347071932791699
True;True;611;52;1210;225;0.03259265275004243
True;True;612;54;1215;219;0.03277819073399954
True;True;613;53;1267;200;0.032423135337163345
True;True;614;47;1237;228;0.03283950783637844
True;True;615;50;1185;182;0.03140105365564741
True;True;616;73;1219;234;0.03375261953863037
True;True;617;44;1221;198;0.03245534544235148
True;True;618;59;1219;243;0.03187774406184965
True;True;619;66;1178;244;0.03300501986178436
True;True;620;56;1240;225;0.03225452250201755
True;True;621;67;1201;235;0.033325506713782094
True;True;622;51;1172;226;0.03324078402014975
True;True;623;57;1237;223;0.033853194857327594
True;True;624;54;1232;241;0.03307395833380488
True;True;625;63;1226;256;0.032042246560184166
True;True;626;62;1197;218;0.03249829238280128
True;True;627;46;1189;199;0.033227688911825995
True;True;628;52;1234;208;0.03359253412770292
True;True;629;54;1228;236;0.03354371708729877
True;True;630;58;1212;239;0.03237373749403003
True;True;631;67;1191;241;0.033121316518027764
True;True;632;71;1174;278;0.032635933730506037
True;True;633;67;1199;231;0.032471351518442305
True;True;634;60;1163;250;0.03332899747474474
True;True;635;61;1234;239;0.03192116638387959
True;True;636;50;1227;257;0.03350629052238323
True;True;637;58;1160;247;0.03262083993204075
True;True;638;56;1185;239;0.03228314784201514
True;True;639;61;1231;238;0.032317610437141056
True;True;640;51;1245;213;0.033504116209837
True;True;641;53;1174;190;0.03283049755542589
True;True;642;50;1225;227;0.032938834055036746
True;True;643;54;1208;205;0.032853067869394424
True;True;644;67;1161;261;0.03373152373670797
True;True;645;58;1225;218;0.03344658049812353
True;True;646;69;1284;219;0.032392513769858626
True;True;647;50;1263;213;0.03325331213087968
True;True;648;51;1219;245;0.033006105379530644
True;True;649;63;1266;275;0.03321999698034541
True;True;650;53;1212;207;0.032179352951148606
True;True;651;58;1233;237;0.03299947011339334
True;True;652;61;1212;221;0.03282326527260901
True;True;653;64;1265;220;0.032447147409583266
True;True;654;48;1225;254;0.03396655017201823
True;True;655;58;1264;199;0.032512612912663615
True;True;656;59;1197;228;0.03248185264691046
True;True;657;57;1220;211;0.03309734416055611
True;True;658;63;1235;243;0.033800177604423214
True;True;659;48;1182;240;0.0322967496471647
True;True;660;46;1228;225;0.03347297608886086
True;True;661;55;1206;223;0.03277867223204213
True;True;662;53;1222;246;0.031383183117284066
True;True;663;66;1225;240;0.03366354540144724
True;True;664;61;1222;240;0.03339716753115985
True;True;665;39;1215;210;0.03197924871991943
True;True;666;57;1209;233;0.03269565343879771
True;True;667;47;1260;223;0.03242631893815651
True;True;668;62;1222;230;0.03225099806266053
True;True;669;51;1231;228;0.03453375150682283
True;True;670;61;1245;228;0.0326929401938809
True;True;671;45;1184;206;0.03230851822654927
True;True;672;48;1174;221;0.032190193775615626
True;True;673;57;1209;214;0.03221020069009749
True;True;674;48;1225;219;0.03300163290682821
True;True;675;62;1193;246;0.033235403676868565
True;True;676;53;1209;235;0.032930601779723186
True;True;677;68;1231;230;0.033119701540503706
True;True;678;58;1302;261;0.032892053355422925
True;True;679;62;1206;236;0.03283507564564165
True;True;680;67;1232;259;0.03320636715814105
True;True;681;57;1200;248;0.033332869096744676
True;True;682;50;1212;207;0.03205223196684408
True;True;683;70;1199;226;0.03274916490988196
True;True;684;57;1236;246;0.03258700271885656
True;True;685;53;1178;240;0.03264034153135429
True;True;686;46;1225;208;0.033438617530063545
True;True;687;52;1235;247;0.03289689816600301
True;True;688;63;1209;249;0.03235889874955188
True;True;689;51;1238;247;0.033160105166980224
True;True;690;48;1260;235;0.03259618446197306
True;True;691;58;1208;244;0.03178731680738038
True;True;692;52;1263;226;0.03247905395270571
True;True;693;60;1214;221;0.03300122137594942
True;True;694;60;1178;230;0.03255879730644353
True;True;695;62;1197;242;0.03344559632038173
True;True;696;63;1211;255;0.03348883660292249
True;True;697;54;1199;234;0.0331635332812535
True;True;698;51;1171;250;0.03259354575937694
True;True;699;65;1210;243;0.033100542129264644
True;True;700;69;1207;252;0.03319931811148695
True;True;701;69;1212;263;0.03319175240878392
True;True;702;74;1199;286;0.03300857999917429
True;True;703;46;1220;242;0.03332184313129297
True;True;704;57;1177;238;0.033592709025736744
True;True;705;57;1230;206;0.0325504157380124
True;True;706;59;1234;254;0.033765036653639925
True;True;707;59;1234;211;0.032966790367264125
True;True;708;55;1223;240;0.03204769855769751
True;True;709;50;1284;205;0.0328249051895839
True;True;710;59;1168;212;0.03331853847258674
True;True;711;56;1181;220;0.03286539969682434
True;True;712;47;1254;217;0.03375537286878531
True;True;713;43;1219;235;0.03352506099152197
True;True;714;52;1194;241;0.03222411866085915
True;True;715;70;1220;242;0.03185979203250859
True;True;716;49;1186;214;0.03216431532760295
True;True;717;64;1212;220;0.03263963395434536
True;True;718;52;1173;190;0.03259928602990029
True;True;719;58;1246;247;0.033998815084482645
True;True;720;58;1199;217;0.0327559858739253
True;True;721;63;1187;228;0.03180623234975798
True;True;722;51;1259;228;0.0326665355273317
True;True;723;72;1314;268;0.033211399205799644
True;True;724;75;1301;266;0.03404403766538972
True;True;725;49;1193;214;0.03219228838968519
True;True;726;54;1206;218;0.03287702501933812
True;True;727;69;1227;263;0.03230170306495954
True;True;728;49;1207;213;0.03264768022273876
True;True;729;47;1208;227;0.032935764166521
True;True;730;62;1180;271;0.03275302273983594
True;True;731;60;1188;231;0.03222063024078565
True;True;732;65;1231;246;0.03233009632412725
True;True;733;58;1232;262;0.03253889081105687
True;True;734;49;1168;226;0.03329793102331011
True;True;735;59;1235;256;0.033041869617839836
True;True;736;69;1159;261;0.032464292334466925
True;True;737;56;1226;233;0.03323879173605619
True;True;738;59;1278;256;0.03275815068208443
True;True;739;55;1226;228;0.033401865044802755
True;True;740;58;1218;242;0.032983254320503294
True;True;741;67;1186;250;0.033213418940890416
True;True;742;55;1257;225;0.03340318273933167
True;True;743;71;1255;243;0.03335011168355477
True;True;744;45;1234;211;0.03294423644519409
True;True;745;65;1194;233;0.03376838114970083
True;True;746;52;1213;228;0.033749607018798644
True;True;747;49;1246;208;0.03250549953754589
True;True;748;64;1171;245;0.03329616051476455
True;True;749;56;1261;252;0.03280409489300629
True;True;750;60;1198;276;0.032125142540766045
True;True;751;63;1242;234;0.03295567555328893
True;True;752;45;1236;194;0.033017872949059716
True;True;753;60;1163;225;0.032345181584227674
True;True;754;61;1245;223;0.032463525012708994
True;True;755;57;1182;210;0.03330211641320399
True;True;756;73;1230;274;0.03365270698512714
True;True;757;59;1228;246;0.032415811718611735
True;True;758;65;1244;222;0.0333607631748291
True;True;759;67;1201;245;0.032946114797095825
True;True;760;55;1256;218;0.03334270819427792
True;True;761;60;1268;227;0.03188943525389561
True;True;762;44;1229;217;0.03302523029111043
True;True;763;63;1249;240;0.032762308268231115
True;True;764;44;1199;220;0.033275551744531215
True;True;765;46;1244;230;0.03405621708667205
True;True;766;60;1200;216;0.03156653899018306
True;True;767;62;1226;242;0.031954217491709624
True;True;768;49;1228;208;0.03245842462482006
True;True;769;59;1196;244;0.032809629376984326
True;True;770;61;1189;243;0.03253921465250146
True;True;771;58;1183;207;0.03240478525733134
True;True;772;61;1229;232;0.03258269151741378
True;True;773;67;1213;259;0.03292872678592546
True;True;774;57;1203;250;0.03234987032853049
True;True;775;69;1235;267;0.03316276635257384
True;True;776;71;1227;237;0.03361302001967072
True;True;777;56;1188;238;0.0324012488917184
True;True;778;75;1266;259;0.033957879892978625
True;True;779;54;1221;241;0.032431915214579415
True;True;780;59;1231;236;0.0311194221493713
True;True;781;41;1228;187;0.0321953587156134
True;True;782;56;1199;221;0.033066543669105664
True;True;783;56;1219;251;0.03315111927241746
True;True;784;52;1165;207;0.03343949226188225
True;True;785;60;1221;229;0.03305176848661531
True;True;786;57;1208;216;0.03374368368141648
True;True;787;63;1191;223;0.033251988611070156
True;True;788;56;1200;239;0.03320680349559908
True;True;789;60;1248;239;0.03333686410765975
True;True;790;48;1235;218;0.03195090393989684
True;True;791;51;1183;236;0.03267213113439222
True;True;792;58;1181;204;0.03168490816281346
True;True;793;60;1227;225;0.03254738322639596
True;True;794;60;1233;212;0.03324397186695692
True;True;795;49;1188;216;0.03258638272667457
True;True;796;53;1228;231;0.0328803456732094
True;True;797;58;1195;231;0.03332197271890566
True;True;798;63;1210;254;0.03366331328743836
True;True;799;54;1172;204;0.03276782763979569
