metro;Run;Aggressor;Person;Stress;aggressor_pct
MANAUS;0;48;1680;0.015399648729970013;0.02857142857142857
MANAUS;1;37;1696;0.01525643444699954;0.021816037735849055
MANAUS;2;45;1677;0.015476516594481973;0.026833631484794274
MANAUS;3;47;1698;0.014978783121707664;0.02767962308598351
MANAUS;4;58;1644;0.015600935029478832;0.03527980535279805
MANAUS;5;38;1730;0.01508669749523622;0.021965317919075144
MANAUS;6;47;1659;0.015087139204392126;0.028330319469559977
MANAUS;7;52;1688;0.015153985697572023;0.030805687203791468
MANAUS;8;41;1689;0.015415966952982404;0.02427471876850207
MANAUS;9;49;1677;0.015598112255008378;0.029218843172331546
MANAUS;10;51;1642;0.014951140247592844;0.031059683313032885
MANAUS;11;53;1677;0.015341673899207077;0.031604054859868815
MANAUS;12;34;1727;0.015541122526202279;0.019687319050376375
MANAUS;13;52;1664;0.015463145626726519;0.03125
MANAUS;14;48;1711;0.015075923819538598;0.028053769725306838
MANAUS;15;52;1666;0.01541652644842779;0.031212484993997598
MANAUS;16;48;1718;0.015343217218515065;0.027939464493597205
MANAUS;17;47;1701;0.015205159758465758;0.027630805408583186
MANAUS;18;46;1716;0.015434281945063548;0.026806526806526808
MANAUS;19;51;1689;0.015608290694729597;0.03019538188277087
BELEM;20;48;1941;0.015636047677842307;0.02472952086553323
BELEM;21;47;1935;0.015062688048296993;0.02428940568475452
BELEM;22;46;1953;0.014830988385326573;0.023553507424475168
BELEM;23;43;1942;0.015044589577372142;0.022142121524201853
BELEM;24;48;1955;0.0147190056723777;0.024552429667519183
BELEM;25;58;1910;0.015348542864733274;0.030366492146596858
BELEM;26;52;1931;0.015492415235813893;0.026929052304505437
BELEM;27;46;1928;0.014830524736911842;0.023858921161825725
BELEM;28;49;1911;0.01485828944100094;0.02564102564102564
BELEM;29;46;1923;0.015045422307204688;0.02392095683827353
BELEM;30;53;1895;0.015312698467125742;0.027968337730870714
BELEM;31;45;1931;0.014642119514773093;0.02330398757120663
BELEM;32;48;1928;0.014871291279535199;0.024896265560165973
BELEM;33;51;1903;0.015022744870263411;0.026799789805570153
BELEM;34;58;1915;0.015220651193389851;0.030287206266318537
BELEM;35;51;1948;0.014772336747379893;0.026180698151950718
BELEM;36;50;1909;0.015239560300293971;0.026191723415400735
BELEM;37;55;1917;0.015138314561876653;0.028690662493479395
BELEM;38;51;1917;0.014826737839381496;0.026604068857589983
BELEM;39;50;1935;0.015117492701691186;0.025839793281653745
MACAPA;40;27;1135;0.01572244003384424;0.02378854625550661
MACAPA;41;30;1155;0.015569200367192766;0.025974025974025976
MACAPA;42;30;1132;0.015449000408518;0.026501766784452298
MACAPA;43;25;1136;0.015554107573800248;0.022007042253521125
MACAPA;44;34;1134;0.015040462201180724;0.029982363315696647
MACAPA;45;30;1165;0.015889540421748356;0.02575107296137339
MACAPA;46;28;1159;0.015662424232041096;0.024158757549611734
MACAPA;47;29;1172;0.0152261030254983;0.024744027303754267
MACAPA;48;35;1125;0.015454834562836728;0.03111111111111111
MACAPA;49;27;1151;0.01558039863298292;0.023457862728062554
MACAPA;50;39;1131;0.015305858809335543;0.034482758620689655
MACAPA;51;40;1124;0.015901735448166074;0.03558718861209965
MACAPA;52;37;1124;0.01560919404787014;0.03291814946619217
MACAPA;53;33;1170;0.01624033801251985;0.028205128205128206
MACAPA;54;31;1148;0.015541352718891868;0.02700348432055749
MACAPA;55;31;1160;0.015537249914455606;0.026724137931034484
MACAPA;56;28;1142;0.015805179293291557;0.024518388791593695
MACAPA;57;25;1164;0.015685614346514717;0.02147766323024055
MACAPA;58;32;1130;0.015619239669131155;0.02831858407079646
MACAPA;59;33;1163;0.01562347152896404;0.028374892519346516
SAO LUIS;60;32;1754;0.014965991870426154;0.018244013683010263
SAO LUIS;61;45;1835;0.015051533749827479;0.02452316076294278
SAO LUIS;62;36;1808;0.014889077674883136;0.01991150442477876
SAO LUIS;63;43;1729;0.015230018027396064;0.024869866975130134
SAO LUIS;64;39;1784;0.01507541409818219;0.021860986547085202
SAO LUIS;65;57;1754;0.015118400469085372;0.03249714937286203
SAO LUIS;66;47;1761;0.01477911844581604;0.02668938103350369
SAO LUIS;67;57;1746;0.015086370188744565;0.03264604810996564
SAO LUIS;68;42;1782;0.014683710546592475;0.02356902356902357
SAO LUIS;69;49;1731;0.014629451321497186;0.02830733679953784
SAO LUIS;70;40;1746;0.01484611572493572;0.022909507445589918
SAO LUIS;71;49;1726;0.014882810972721162;0.028389339513325607
SAO LUIS;72;44;1755;0.014953295809054827;0.02507122507122507
SAO LUIS;73;53;1707;0.014839063033762813;0.031048623315758642
SAO LUIS;74;47;1713;0.01467218073771714;0.027437244600116754
SAO LUIS;75;42;1737;0.015162626624703232;0.024179620034542316
SAO LUIS;76;45;1758;0.014690131011754388;0.025597269624573378
SAO LUIS;77;45;1765;0.015035979234718562;0.025495750708215296
SAO LUIS;78;37;1771;0.014679426442285362;0.020892151326933936
SAO LUIS;79;51;1751;0.015100086011369548;0.02912621359223301
TERESINA;80;42;1764;0.015357309749312998;0.023809523809523808
TERESINA;81;37;1824;0.015483538176518123;0.020285087719298246
TERESINA;82;55;1754;0.015366084069896323;0.03135689851767389
TERESINA;83;39;1758;0.01527817203210823;0.02218430034129693
TERESINA;84;48;1831;0.015440363306501951;0.026215182960131075
TERESINA;85;42;1810;0.015362016546395327;0.023204419889502764
TERESINA;86;52;1785;0.015566561605379881;0.029131652661064426
TERESINA;87;43;1800;0.015446844773539208;0.02388888888888889
TERESINA;88;57;1793;0.015369160323107032;0.03179029559397657
TERESINA;89;47;1779;0.015097633667625784;0.026419336706014616
TERESINA;90;47;1818;0.015616619997679507;0.02585258525852585
TERESINA;91;37;1802;0.015507262021366625;0.020532741398446172
TERESINA;92;53;1768;0.015288626550369194;0.02997737556561086
TERESINA;93;50;1822;0.015167454720807178;0.027442371020856202
TERESINA;94;44;1790;0.015348005988951715;0.024581005586592177
TERESINA;95;53;1791;0.015479836803474102;0.02959240647682859
TERESINA;96;56;1777;0.015553147519874279;0.031513787281935844
TERESINA;97;46;1799;0.015352776817618789;0.02556976097832129
TERESINA;98;55;1748;0.01560946504868439;0.031464530892448515
TERESINA;99;45;1800;0.0156363279462264;0.025
FORTALEZA;100;77;2036;0.015274873037365496;0.03781925343811395
FORTALEZA;101;64;2079;0.015107426913769414;0.030784030784030785
FORTALEZA;102;54;2091;0.014973862919575559;0.02582496413199426
FORTALEZA;103;50;2074;0.015431589953694825;0.024108003857280617
FORTALEZA;104;58;2055;0.015320272862918176;0.028223844282238442
FORTALEZA;105;47;2110;0.015201679737271274;0.02227488151658768
FORTALEZA;106;51;2086;0.015415779373521938;0.02444870565675935
FORTALEZA;107;57;2099;0.015402854466360338;0.027155788470700333
FORTALEZA;108;54;2087;0.015147720966389264;0.025874460948730235
FORTALEZA;109;67;2061;0.015108637247049757;0.032508491023774864
FORTALEZA;110;61;2037;0.015379397700980874;0.029945999018163968
FORTALEZA;111;54;2085;0.015151855555978457;0.025899280575539568
FORTALEZA;112;60;2089;0.015120525398837556;0.028721876495931067
FORTALEZA;113;65;2061;0.015582957716834479;0.03153808830664726
FORTALEZA;114;51;2107;0.015480987873028965;0.02420503084954912
FORTALEZA;115;61;2085;0.015408434170497812;0.029256594724220625
FORTALEZA;116;61;2088;0.015527585209935031;0.02921455938697318
FORTALEZA;117;70;2057;0.015313129181006037;0.03403014098201264
FORTALEZA;118;63;2065;0.015174950513602964;0.030508474576271188
FORTALEZA;119;50;2131;0.01528044955628627;0.02346316283435007
CRAJUBAR;120;29;1147;0.015686704479127518;0.025283347863993024
CRAJUBAR;121;36;1140;0.01595164393987936;0.031578947368421054
CRAJUBAR;122;39;1140;0.01608479945728528;0.034210526315789476
CRAJUBAR;123;42;1128;0.016462236405108945;0.03723404255319149
CRAJUBAR;124;45;1161;0.016153427199022574;0.03875968992248062
CRAJUBAR;125;40;1142;0.015940972873383922;0.03502626970227671
CRAJUBAR;126;36;1167;0.016143266267752213;0.030848329048843187
CRAJUBAR;127;39;1127;0.016187852872004464;0.03460514640638864
CRAJUBAR;128;35;1150;0.016137010799130436;0.030434782608695653
CRAJUBAR;129;41;1166;0.016341981057152434;0.03516295025728988
CRAJUBAR;130;36;1148;0.01607292811410597;0.0313588850174216
CRAJUBAR;131;35;1156;0.015975983786990253;0.03027681660899654
CRAJUBAR;132;46;1148;0.01574067038137177;0.04006968641114982
CRAJUBAR;133;38;1185;0.016143840348327037;0.032067510548523206
CRAJUBAR;134;30;1169;0.016130755048509478;0.02566295979469632
CRAJUBAR;135;35;1132;0.016235183067233424;0.030918727915194347
CRAJUBAR;136;35;1149;0.015742406373906632;0.030461270670147953
CRAJUBAR;137;33;1161;0.01617748497649951;0.028423772609819122
CRAJUBAR;138;47;1149;0.01607369898041608;0.040905134899912966
CRAJUBAR;139;33;1142;0.01580399589050491;0.028896672504378284
NATAL;140;47;1690;0.015016474472769822;0.027810650887573965
NATAL;141;52;1702;0.015277317666617966;0.03055229142185664
NATAL;142;55;1679;0.015149468132389094;0.03275759380583681
NATAL;143;55;1692;0.015016991379650789;0.03250591016548463
NATAL;144;59;1671;0.015052557124918372;0.0353081986834231
NATAL;145;42;1713;0.015048068119692799;0.024518388791593695
NATAL;146;47;1686;0.014989282632050535;0.027876631079478055
NATAL;147;49;1693;0.014917786176918853;0.028942705256940343
NATAL;148;63;1674;0.015358877847027327;0.03763440860215054
NATAL;149;52;1694;0.015163076108284849;0.030696576151121605
NATAL;150;54;1681;0.015418357391413496;0.032123735871505056
NATAL;151;50;1705;0.015024792772566008;0.02932551319648094
NATAL;152;55;1705;0.014756716900362302;0.03225806451612903
NATAL;153;49;1679;0.015066508620797923;0.029184038117927337
NATAL;154;49;1690;0.014885451915362564;0.028994082840236687
NATAL;155;55;1696;0.01493652258691709;0.03242924528301887
NATAL;156;46;1692;0.015329346777421555;0.027186761229314422
NATAL;157;48;1704;0.014946822225042247;0.028169014084507043
NATAL;158;39;1692;0.015156058312287012;0.02304964539007092
NATAL;159;48;1692;0.015142901823014632;0.028368794326241134
JOAO PESSOA;160;48;1782;0.015021494032764936;0.026936026936026935
JOAO PESSOA;161;46;1745;0.015375202708417347;0.026361031518624643
JOAO PESSOA;162;52;1755;0.015207080609620054;0.02962962962962963
JOAO PESSOA;163;56;1748;0.015475399933691566;0.032036613272311214
JOAO PESSOA;164;53;1774;0.015374594022625913;0.02987598647125141
JOAO PESSOA;165;42;1739;0.015199373181221526;0.024151811385853938
JOAO PESSOA;166;52;1758;0.0149264419629394;0.02957906712172924
JOAO PESSOA;167;49;1739;0.01512357640704378;0.02817711328349626
JOAO PESSOA;168;36;1768;0.015162685449079762;0.020361990950226245
JOAO PESSOA;169;49;1753;0.015248775289674086;0.027952082144894468
JOAO PESSOA;170;40;1764;0.015341961360088774;0.022675736961451247
JOAO PESSOA;171;48;1814;0.015053636386400275;0.026460859977949284
JOAO PESSOA;172;41;1759;0.01506052165427431;0.023308698123934053
JOAO PESSOA;173;53;1731;0.015267883046049592;0.030618139803581745
JOAO PESSOA;174;45;1775;0.015127242689835762;0.02535211267605634
JOAO PESSOA;175;48;1759;0.01510652391912871;0.027288231949971573
JOAO PESSOA;176;51;1802;0.015354510293535807;0.02830188679245283
JOAO PESSOA;177;60;1752;0.015087408846037816;0.03424657534246575
JOAO PESSOA;178;39;1814;0.015441355148345916;0.021499448732083794
JOAO PESSOA;179;45;1758;0.01539180651953295;0.025597269624573378
CAMPINA GRANDE;180;51;1438;0.01580414513196698;0.03546592489568846
CAMPINA GRANDE;181;38;1496;0.015540630881267876;0.02540106951871658
CAMPINA GRANDE;182;31;1482;0.015348086820032103;0.020917678812415654
CAMPINA GRANDE;183;46;1451;0.015395047387979966;0.03170227429359063
CAMPINA GRANDE;184;45;1492;0.015595643352174981;0.030160857908847184
CAMPINA GRANDE;185;48;1452;0.01565673270334977;0.03305785123966942
CAMPINA GRANDE;186;40;1515;0.015410505997465136;0.026402640264026403
CAMPINA GRANDE;187;45;1478;0.015829417509137175;0.030446549391069014
CAMPINA GRANDE;188;36;1503;0.015644933392864126;0.023952095808383235
CAMPINA GRANDE;189;42;1484;0.015689641252720803;0.02830188679245283
CAMPINA GRANDE;190;50;1469;0.015474034295064018;0.03403675970047652
CAMPINA GRANDE;191;43;1475;0.015765502878899627;0.029152542372881354
CAMPINA GRANDE;192;48;1457;0.015460776971050439;0.032944406314344546
CAMPINA GRANDE;193;46;1478;0.01552273436943518;0.03112313937753721
CAMPINA GRANDE;194;50;1467;0.01569136417541911;0.03408316291751875
CAMPINA GRANDE;195;54;1480;0.015491817051900472;0.03648648648648649
CAMPINA GRANDE;196;51;1498;0.015506194826017502;0.03404539385847797
CAMPINA GRANDE;197;53;1471;0.01523295237679294;0.03602991162474507
CAMPINA GRANDE;198;46;1479;0.01535364350880996;0.03110209601081812
CAMPINA GRANDE;199;42;1480;0.015550209737506334;0.02837837837837838
RECIFE;200;63;2136;0.014865721372013009;0.02949438202247191
RECIFE;201;52;2178;0.015343143548421805;0.023875114784205693
RECIFE;202;66;2162;0.015132811996081857;0.030527289546716005
RECIFE;203;49;2170;0.015053623843722651;0.02258064516129032
RECIFE;204;63;2145;0.014842312480715186;0.02937062937062937
RECIFE;205;60;2173;0.015094027766235328;0.02761159687068569
RECIFE;206;56;2168;0.015036051728275756;0.025830258302583026
RECIFE;207;51;2178;0.015546322707290694;0.023415977961432508
RECIFE;208;61;2163;0.014774988312628716;0.02820157189089228
RECIFE;209;64;2128;0.015097455246874877;0.03007518796992481
RECIFE;210;51;2173;0.015109847376517433;0.023469857340082834
RECIFE;211;62;2128;0.014873938679046968;0.02913533834586466
RECIFE;212;56;2146;0.015045243284732362;0.0260950605778192
RECIFE;213;60;2166;0.014763242606305967;0.027700831024930747
RECIFE;214;54;2148;0.014862858576649084;0.025139664804469275
RECIFE;215;68;2137;0.015128715964349311;0.031820308844174076
RECIFE;216;58;2143;0.015193627968866178;0.027064862342510498
RECIFE;217;72;2149;0.014920520708013923;0.03350395532805956
RECIFE;218;59;2149;0.01499604396061998;0.027454630060493253
RECIFE;219;57;2158;0.014847502546648083;0.026413345690454126
MACEIO;220;39;1561;0.015530881189622854;0.024983984625240232
MACEIO;221;40;1543;0.015264121751788803;0.02592352559948153
MACEIO;222;38;1544;0.015341214791298149;0.02461139896373057
MACEIO;223;43;1553;0.015656889541621317;0.027688345138441726
MACEIO;224;55;1526;0.015357882857811919;0.03604193971166448
MACEIO;225;42;1526;0.015656876305761312;0.027522935779816515
MACEIO;226;35;1549;0.015562070126095891;0.022595222724338282
MACEIO;227;42;1532;0.01527041500976127;0.02741514360313316
MACEIO;228;43;1549;0.015377672510190385;0.02775984506132989
MACEIO;229;53;1524;0.015400715560833228;0.03477690288713911
MACEIO;230;55;1522;0.015566704643978434;0.03613666228646518
MACEIO;231;60;1509;0.015278061676239326;0.039761431411530816
MACEIO;232;31;1597;0.014874583167632602;0.019411396368190358
MACEIO;233;30;1524;0.015301927779925834;0.01968503937007874
MACEIO;234;49;1572;0.015492147467411461;0.031170483460559797
MACEIO;235;48;1536;0.015525212419813219;0.03125
MACEIO;236;39;1560;0.0155549037595214;0.025
MACEIO;237;58;1483;0.015619261696124901;0.03910991233985165
MACEIO;238;48;1545;0.015606473701524848;0.031067961165048542
MACEIO;239;47;1558;0.01549986178903483;0.030166880616174584
ARACAJU;240;48;1688;0.01503065220992089;0.02843601895734597
ARACAJU;241;42;1665;0.015364878598915246;0.025225225225225224
ARACAJU;242;62;1617;0.015376664722866173;0.0383426097711812
ARACAJU;243;43;1671;0.01530269846225488;0.02573309395571514
ARACAJU;244;54;1680;0.01513203643589823;0.03214285714285714
ARACAJU;245;51;1667;0.015152479715015703;0.03059388122375525
ARACAJU;246;50;1687;0.01543470386159313;0.02963841138114997
ARACAJU;247;44;1702;0.015283331895467527;0.025851938895417155
ARACAJU;248;35;1715;0.015018098066805948;0.02040816326530612
ARACAJU;249;40;1666;0.015388651988788075;0.024009603841536616
ARACAJU;250;37;1703;0.014984324019209483;0.02172636523781562
ARACAJU;251;44;1684;0.015177107756015287;0.026128266033254157
ARACAJU;252;40;1651;0.015363038880470078;0.024227740763173834
ARACAJU;253;39;1691;0.015011396649852866;0.023063276167947958
ARACAJU;254;43;1677;0.01548166719427636;0.02564102564102564
ARACAJU;255;35;1710;0.015242236462263602;0.02046783625730994
ARACAJU;256;44;1674;0.014772344540724283;0.026284348864994027
ARACAJU;257;42;1699;0.015338701598173179;0.024720423778693348
ARACAJU;258;49;1663;0.014764710941094938;0.029464822609741433
ARACAJU;259;41;1677;0.015193945970539047;0.024448419797257006
SALVADOR;260;51;2088;0.014681331502564263;0.02442528735632184
SALVADOR;261;55;2110;0.01462356477205977;0.026066350710900472
SALVADOR;262;51;2117;0.014441697248730801;0.024090694378837978
SALVADOR;263;56;2120;0.014707432277827653;0.026415094339622643
SALVADOR;264;49;2118;0.014815685167840459;0.023135033050047216
SALVADOR;265;43;2127;0.014950788394335056;0.020216267042783263
SALVADOR;266;69;2073;0.014675679824142985;0.03328509406657019
SALVADOR;267;54;2108;0.014519244622543614;0.025616698292220113
SALVADOR;268;46;2134;0.014428116991870571;0.02155576382380506
SALVADOR;269;66;2128;0.014913988237263906;0.03101503759398496
SALVADOR;270;57;2119;0.014805598098291541;0.026899480887210947
SALVADOR;271;40;2126;0.0145656562202954;0.01881467544684854
SALVADOR;272;57;2105;0.014842381718145824;0.027078384798099764
SALVADOR;273;51;2118;0.014698117658981146;0.024079320113314446
SALVADOR;274;57;2114;0.014496580171587777;0.02696310312204352
SALVADOR;275;53;2114;0.01484097963748317;0.025070955534531692
SALVADOR;276;41;2125;0.014834566474605473;0.019294117647058823
SALVADOR;277;44;2125;0.014679171658657343;0.020705882352941178
SALVADOR;278;64;2126;0.014715993938647266;0.030103480714957668
SALVADOR;279;70;2069;0.014615995221397943;0.033832769453842435
FEIRA DE SANTANA;280;47;1386;0.015613935174354483;0.03391053391053391
FEIRA DE SANTANA;281;47;1342;0.015594681951152333;0.03502235469448584
FEIRA DE SANTANA;282;44;1366;0.015304357130016656;0.032210834553440704
FEIRA DE SANTANA;283;48;1381;0.015419074364112847;0.03475742215785663
FEIRA DE SANTANA;284;38;1417;0.015501399045905681;0.026817219477769938
FEIRA DE SANTANA;285;39;1427;0.01542902206687203;0.027330063069376315
FEIRA DE SANTANA;286;50;1363;0.015212969683359822;0.036683785766691124
FEIRA DE SANTANA;287;36;1394;0.015491908775551986;0.02582496413199426
FEIRA DE SANTANA;288;50;1348;0.015598243658128556;0.037091988130563795
FEIRA DE SANTANA;289;37;1400;0.015511644574068511;0.02642857142857143
FEIRA DE SANTANA;290;37;1414;0.01563810152178457;0.02616690240452617
FEIRA DE SANTANA;291;49;1374;0.015340893872510962;0.03566229985443959
FEIRA DE SANTANA;292;34;1386;0.015503039411369674;0.024531024531024532
FEIRA DE SANTANA;293;34;1406;0.015289851218776905;0.02418207681365576
FEIRA DE SANTANA;294;46;1394;0.015586365829572338;0.03299856527977044
FEIRA DE SANTANA;295;43;1385;0.01569456888240703;0.03104693140794224
FEIRA DE SANTANA;296;48;1383;0.015322901297373034;0.03470715835140998
FEIRA DE SANTANA;297;41;1410;0.01568919255433067;0.029078014184397163
FEIRA DE SANTANA;298;38;1377;0.015538993029465483;0.027596223674655047
FEIRA DE SANTANA;299;52;1397;0.015381657912825294;0.03722261989978525
ILHEUS - ITABUNA;300;31;1478;0.016177335956818105;0.02097428958051421
ILHEUS - ITABUNA;301;54;1453;0.016007110709223855;0.03716448726772195
ILHEUS - ITABUNA;302;43;1434;0.015896161230246002;0.0299860529986053
ILHEUS - ITABUNA;303;43;1440;0.015771768030460844;0.029861111111111113
ILHEUS - ITABUNA;304;41;1468;0.015668731744819156;0.027929155313351498
ILHEUS - ITABUNA;305;33;1463;0.015841127317932933;0.022556390977443608
ILHEUS - ITABUNA;306;49;1471;0.01582624732622893;0.03331067301155676
ILHEUS - ITABUNA;307;64;1417;0.01612390169460527;0.04516584333098095
ILHEUS - ITABUNA;308;39;1467;0.015671986065820525;0.026584867075664622
ILHEUS - ITABUNA;309;43;1476;0.015676991828847617;0.029132791327913278
ILHEUS - ITABUNA;310;54;1439;0.016054670399479838;0.037526059763724806
ILHEUS - ITABUNA;311;41;1495;0.015923395818970103;0.0274247491638796
ILHEUS - ITABUNA;312;43;1459;0.015557844723190186;0.029472241261137764
ILHEUS - ITABUNA;313;35;1496;0.015629787574698913;0.02339572192513369
ILHEUS - ITABUNA;314;39;1452;0.015819205537006692;0.026859504132231406
ILHEUS - ITABUNA;315;52;1463;0.015784366619533585;0.0355434039644566
ILHEUS - ITABUNA;316;45;1447;0.0160779749182673;0.031098825155494125
ILHEUS - ITABUNA;317;45;1431;0.015683313391265687;0.031446540880503145
ILHEUS - ITABUNA;318;44;1448;0.015823663810378884;0.03038674033149171
ILHEUS - ITABUNA;319;52;1443;0.015859060848861347;0.036036036036036036
PETROLINA - JUAZEIRO;320;33;779;0.015857821379155597;0.04236200256739409
PETROLINA - JUAZEIRO;321;27;785;0.015810208644511468;0.034394904458598725
PETROLINA - JUAZEIRO;322;27;777;0.015636933482183993;0.03474903474903475
PETROLINA - JUAZEIRO;323;28;789;0.015593314864355714;0.035487959442332066
PETROLINA - JUAZEIRO;324;31;769;0.015971770317778827;0.04031209362808843
PETROLINA - JUAZEIRO;325;30;792;0.015756386811061757;0.03787878787878788
PETROLINA - JUAZEIRO;326;25;796;0.015707102605850908;0.031407035175879394
PETROLINA - JUAZEIRO;327;27;813;0.01600846028937557;0.033210332103321034
PETROLINA - JUAZEIRO;328;26;775;0.01599514564481068;0.03354838709677419
PETROLINA - JUAZEIRO;329;33;786;0.016006977391266986;0.04198473282442748
PETROLINA - JUAZEIRO;330;26;808;0.01569721544655943;0.03217821782178218
PETROLINA - JUAZEIRO;331;21;803;0.015697803451379482;0.026151930261519303
PETROLINA - JUAZEIRO;332;30;787;0.015471428852207599;0.03811944091486658
PETROLINA - JUAZEIRO;333;15;834;0.01618681360992571;0.017985611510791366
PETROLINA - JUAZEIRO;334;27;784;0.01583031451542915;0.03443877551020408
PETROLINA - JUAZEIRO;335;30;763;0.015659791871272;0.039318479685452164
PETROLINA - JUAZEIRO;336;25;789;0.015949073903973644;0.031685678073510776
PETROLINA - JUAZEIRO;337;24;781;0.01577431193365166;0.030729833546734954
PETROLINA - JUAZEIRO;338;21;810;0.01561901347268388;0.025925925925925925
PETROLINA - JUAZEIRO;339;19;812;0.01600538404933904;0.023399014778325122
BELO HORIZONTE;340;55;2193;0.014910989261159762;0.025079799361605107
BELO HORIZONTE;341;58;2185;0.014673877077039965;0.02654462242562929
BELO HORIZONTE;342;59;2190;0.01451382897412547;0.026940639269406392
BELO HORIZONTE;343;49;2204;0.014480159348153498;0.02223230490018149
BELO HORIZONTE;344;52;2171;0.014539898149276786;0.023952095808383235
BELO HORIZONTE;345;51;2185;0.014580760272099695;0.02334096109839817
BELO HORIZONTE;346;56;2186;0.014465052131889908;0.025617566331198535
BELO HORIZONTE;347;67;2138;0.014764376017879811;0.0313376987839102
BELO HORIZONTE;348;60;2177;0.014660269360537938;0.02756086357372531
BELO HORIZONTE;349;56;2192;0.014364918686396035;0.025547445255474453
BELO HORIZONTE;350;57;2192;0.014649919705200774;0.026003649635036496
BELO HORIZONTE;351;58;2171;0.014684478933847476;0.026715799170888992
BELO HORIZONTE;352;56;2153;0.014790110489312367;0.026010218300046448
BELO HORIZONTE;353;53;2209;0.014349679854800628;0.02399275690357628
BELO HORIZONTE;354;53;2197;0.014620939947678786;0.024123805188893947
BELO HORIZONTE;355;46;2183;0.01465158681489473;0.021071919377004124
BELO HORIZONTE;356;52;2167;0.014370583210672055;0.023996308260267652
BELO HORIZONTE;357;67;2159;0.014508835485012347;0.031032885595182955
BELO HORIZONTE;358;52;2175;0.014488477085666076;0.023908045977011495
BELO HORIZONTE;359;50;2208;0.014422093709952177;0.022644927536231884
JUIZ DE FORA;360;43;1670;0.014447113213317767;0.025748502994011976
JUIZ DE FORA;361;58;1627;0.01453001580172278;0.03564843269821758
JUIZ DE FORA;362;40;1631;0.014203140590842291;0.024524831391784182
JUIZ DE FORA;363;52;1603;0.014281845070462975;0.032439176543980035
JUIZ DE FORA;364;49;1612;0.014401485300087736;0.030397022332506202
JUIZ DE FORA;365;46;1645;0.014124908039230763;0.02796352583586626
JUIZ DE FORA;366;46;1643;0.014341929878798308;0.02799756542909312
JUIZ DE FORA;367;32;1647;0.014222158504233928;0.019429265330904676
JUIZ DE FORA;368;36;1651;0.014059277258596526;0.021804966686856452
JUIZ DE FORA;369;42;1651;0.014205701866298735;0.025439127801332527
JUIZ DE FORA;370;48;1664;0.014420792848807826;0.028846153846153848
JUIZ DE FORA;371;53;1606;0.014360045954525;0.03300124533001245
JUIZ DE FORA;372;54;1645;0.014255920625866256;0.03282674772036474
JUIZ DE FORA;373;40;1671;0.014222249119938378;0.023937761819269897
JUIZ DE FORA;374;49;1669;0.0141239548831155;0.029358897543439184
JUIZ DE FORA;375;47;1612;0.014268960415060124;0.02915632754342432
JUIZ DE FORA;376;48;1631;0.014258722927468707;0.029429797670141016
JUIZ DE FORA;377;63;1590;0.014268877440534195;0.03962264150943396
JUIZ DE FORA;378;45;1649;0.014118825775157042;0.0272892662219527
JUIZ DE FORA;379;49;1646;0.014385342274888179;0.02976913730255164
IPATINGA;380;37;1219;0.014784242363946333;0.030352748154224774
IPATINGA;381;33;1230;0.015054788693764544;0.026829268292682926
IPATINGA;382;31;1246;0.015061643372275666;0.024879614767255216
IPATINGA;383;32;1223;0.015324849855398661;0.02616516762060507
IPATINGA;384;41;1227;0.014573459809063166;0.03341483292583537
IPATINGA;385;38;1225;0.014870182674151081;0.031020408163265307
IPATINGA;386;46;1222;0.015124179468602738;0.03764320785597381
IPATINGA;387;27;1247;0.015158561326414076;0.02165196471531676
IPATINGA;388;31;1238;0.015378026697379586;0.025040387722132473
IPATINGA;389;31;1241;0.014963618137578103;0.0249798549556809
IPATINGA;390;28;1223;0.015260457013315899;0.022894521668029435
IPATINGA;391;33;1207;0.01473141247938178;0.027340513670256836
IPATINGA;392;36;1223;0.014664317298660537;0.029435813573180702
IPATINGA;393;37;1199;0.015114066286139717;0.030859049207673062
IPATINGA;394;47;1213;0.014930255733124603;0.038746908491343775
IPATINGA;395;34;1214;0.014974838794111532;0.02800658978583196
IPATINGA;396;41;1216;0.01539686212613397;0.033717105263157895
IPATINGA;397;33;1176;0.014979730724233866;0.02806122448979592
IPATINGA;398;37;1223;0.015131502193691393;0.03025347506132461
IPATINGA;399;30;1236;0.01501987868697168;0.024271844660194174
UBERLANDIA;400;50;1633;0.014656446514281541;0.03061849357011635
UBERLANDIA;401;54;1583;0.01463584465521619;0.034112444725205304
UBERLANDIA;402;47;1631;0.014774851706441147;0.028816676885346414
UBERLANDIA;403;55;1619;0.014510647339087772;0.033971587399629403
UBERLANDIA;404;38;1660;0.014438755213633409;0.02289156626506024
UBERLANDIA;405;41;1673;0.014886560873608694;0.024506873879258817
UBERLANDIA;406;38;1690;0.014793428286027125;0.022485207100591716
UBERLANDIA;407;63;1637;0.014577896944939727;0.038485033598045205
UBERLANDIA;408;50;1655;0.014469925339460885;0.030211480362537766
UBERLANDIA;409;55;1613;0.014429805631311687;0.034097954122752634
UBERLANDIA;410;50;1635;0.01450502069680317;0.03058103975535168
UBERLANDIA;411;41;1647;0.01444287446436159;0.024893746205221615
UBERLANDIA;412;36;1688;0.014414167453161946;0.02132701421800948
UBERLANDIA;413;49;1646;0.01423949199713879;0.02976913730255164
UBERLANDIA;414;44;1654;0.01458290558452899;0.026602176541717048
UBERLANDIA;415;48;1659;0.014608198602216816;0.028933092224231464
UBERLANDIA;416;56;1618;0.014774358278726817;0.034610630407911
UBERLANDIA;417;50;1636;0.014116797242322444;0.030562347188264057
UBERLANDIA;418;52;1629;0.014609509193361877;0.03192142418661756
UBERLANDIA;419;41;1657;0.01446222383697389;0.024743512371756187
VITORIA;420;53;1925;0.014799595758504576;0.027532467532467533
VITORIA;421;49;1959;0.014840372261913681;0.025012761613067893
VITORIA;422;51;1942;0.014682065093850855;0.026261585993820804
VITORIA;423;63;1941;0.015134559788390461;0.03245749613601236
VITORIA;424;57;1940;0.01467758179163344;0.029381443298969072
VITORIA;425;38;1955;0.014871017015732556;0.019437340153452685
VITORIA;426;61;1911;0.014902877899159783;0.03192046049188906
VITORIA;427;52;1935;0.014807965271997856;0.026873385012919897
VITORIA;428;69;1924;0.01471328321100893;0.035862785862785865
VITORIA;429;57;1916;0.014437163549686593;0.029749478079331943
VITORIA;430;36;1995;0.014540122279984304;0.01804511278195489
VITORIA;431;56;1911;0.014603369335100933;0.029304029304029304
VITORIA;432;61;1922;0.014878882544207479;0.03173777315296566
VITORIA;433;47;1941;0.01481800853284329;0.024214322514167955
VITORIA;434;55;1939;0.014663580790438804;0.028365136668385766
VITORIA;435;55;1936;0.0146902971612512;0.028409090909090908
VITORIA;436;52;1920;0.014534440336971533;0.027083333333333334
VITORIA;437;67;1917;0.014666376613078288;0.03495044340114763
VITORIA;438;46;1944;0.014715173296149449;0.023662551440329218
VITORIA;439;50;1965;0.014865637787747667;0.02544529262086514
VOLTA REDONDA - BARRA MANSA;440;53;1536;0.014662534437754109;0.034505208333333336
VOLTA REDONDA - BARRA MANSA;441;46;1538;0.014460976175493955;0.02990897269180754
VOLTA REDONDA - BARRA MANSA;442;50;1544;0.014772381451949916;0.03238341968911917
VOLTA REDONDA - BARRA MANSA;443;45;1528;0.014495956670629102;0.029450261780104712
VOLTA REDONDA - BARRA MANSA;444;53;1565;0.014814415857120997;0.03386581469648562
VOLTA REDONDA - BARRA MANSA;445;48;1577;0.014740033477950358;0.030437539632213063
VOLTA REDONDA - BARRA MANSA;446;48;1531;0.014931196003333756;0.031352057478772045
VOLTA REDONDA - BARRA MANSA;447;48;1566;0.01442147514155044;0.03065134099616858
VOLTA REDONDA - BARRA MANSA;448;42;1599;0.014626553325852158;0.02626641651031895
VOLTA REDONDA - BARRA MANSA;449;48;1558;0.014505376462411398;0.03080872913992298
VOLTA REDONDA - BARRA MANSA;450;43;1582;0.014488406525545833;0.02718078381795196
VOLTA REDONDA - BARRA MANSA;451;45;1587;0.014545938864362264;0.02835538752362949
VOLTA REDONDA - BARRA MANSA;452;45;1563;0.014862570740428127;0.028790786948176585
VOLTA REDONDA - BARRA MANSA;453;43;1575;0.014774837135529241;0.027301587301587302
VOLTA REDONDA - BARRA MANSA;454;47;1545;0.015007462111730827;0.030420711974110032
VOLTA REDONDA - BARRA MANSA;455;36;1576;0.014656189661958714;0.02284263959390863
VOLTA REDONDA - BARRA MANSA;456;55;1533;0.015067616550021394;0.03587736464448793
VOLTA REDONDA - BARRA MANSA;457;50;1555;0.01490331325050644;0.03215434083601286
VOLTA REDONDA - BARRA MANSA;458;49;1549;0.015117839523161609;0.0316333118140736
VOLTA REDONDA - BARRA MANSA;459;51;1579;0.01447258605460292;0.03229892336922103
RIO DE JANEIRO;460;52;2299;0.014347212109472046;0.022618529795563287
RIO DE JANEIRO;461;56;2284;0.014133292997058289;0.024518388791593695
RIO DE JANEIRO;462;42;2306;0.014286854046471313;0.01821335646140503
RIO DE JANEIRO;463;51;2288;0.013984683761669604;0.022290209790209792
RIO DE JANEIRO;464;59;2281;0.014556086371344755;0.025865848312143797
RIO DE JANEIRO;465;52;2302;0.014153298557417716;0.022589052997393572
RIO DE JANEIRO;466;58;2296;0.014151798006915699;0.025261324041811847
RIO DE JANEIRO;467;61;2278;0.014155655304618183;0.026777875329236173
RIO DE JANEIRO;468;46;2314;0.013933734813466908;0.019878997407087293
RIO DE JANEIRO;469;67;2264;0.014384310284344788;0.02959363957597173
RIO DE JANEIRO;470;55;2269;0.014163862901372913;0.024239753195240195
RIO DE JANEIRO;471;56;2309;0.014312966591238646;0.024252923343438718
RIO DE JANEIRO;472;59;2277;0.014306515953050996;0.025911286780852
RIO DE JANEIRO;473;58;2282;0.014532382612540343;0.025416301489921123
RIO DE JANEIRO;474;53;2302;0.014331453799986208;0.023023457862728063
RIO DE JANEIRO;475;51;2300;0.014083805551390013;0.02217391304347826
RIO DE JANEIRO;476;64;2285;0.014459367217225173;0.02800875273522976
RIO DE JANEIRO;477;55;2277;0.014242858521657596;0.024154589371980676
RIO DE JANEIRO;478;46;2286;0.014450807728595166;0.020122484689413824
RIO DE JANEIRO;479;70;2271;0.013941530033411644;0.030823425803610745
CAMPOS DOS GOYTACAZES;480;43;1547;0.015451110294458422;0.027795733678086618
CAMPOS DOS GOYTACAZES;481;55;1542;0.014953037220018693;0.035667963683527884
CAMPOS DOS GOYTACAZES;482;41;1550;0.014764236095275694;0.026451612903225806
CAMPOS DOS GOYTACAZES;483;40;1577;0.01514510421685125;0.025364616360177554
CAMPOS DOS GOYTACAZES;484;43;1539;0.01488569949451506;0.02794022092267706
CAMPOS DOS GOYTACAZES;485;59;1521;0.014956038428171487;0.03879026955950033
CAMPOS DOS GOYTACAZES;486;49;1532;0.015258293454956606;0.03198433420365535
CAMPOS DOS GOYTACAZES;487;48;1552;0.014921582800369667;0.030927835051546393
CAMPOS DOS GOYTACAZES;488;42;1534;0.015277852975688924;0.027379400260756193
CAMPOS DOS GOYTACAZES;489;48;1551;0.015162677816080805;0.030947775628626693
CAMPOS DOS GOYTACAZES;490;40;1519;0.014878794895360798;0.026333113890717578
CAMPOS DOS GOYTACAZES;491;45;1547;0.015168859408515629;0.029088558500323207
CAMPOS DOS GOYTACAZES;492;50;1548;0.01519773267891855;0.03229974160206718
CAMPOS DOS GOYTACAZES;493;58;1511;0.015115044887113072;0.03838517538054269
CAMPOS DOS GOYTACAZES;494;41;1549;0.015181901914648365;0.02646868947708199
CAMPOS DOS GOYTACAZES;495;39;1548;0.01503776713697478;0.025193798449612403
CAMPOS DOS GOYTACAZES;496;34;1578;0.015217991930507541;0.021546261089987327
CAMPOS DOS GOYTACAZES;497;44;1561;0.015101108682823884;0.028187059577194105
CAMPOS DOS GOYTACAZES;498;41;1555;0.015110669409508401;0.026366559485530548
CAMPOS DOS GOYTACAZES;499;49;1544;0.015275486250489627;0.03173575129533679
SAO PAULO;500;48;2244;0.01419452596203683;0.0213903743315508
SAO PAULO;501;56;2191;0.01434581775273285;0.025559105431309903
SAO PAULO;502;52;2248;0.014332554564723453;0.023131672597864767
SAO PAULO;503;49;2268;0.014385380067224651;0.021604938271604937
SAO PAULO;504;42;2270;0.01416299717795752;0.018502202643171806
SAO PAULO;505;45;2247;0.014299452394987122;0.020026702269692925
SAO PAULO;506;47;2251;0.014253489809844647;0.02087960906263883
SAO PAULO;507;48;2268;0.014326354219565017;0.021164021164021163
SAO PAULO;508;44;2247;0.01417140403843179;0.019581664441477527
SAO PAULO;509;42;2263;0.014480385524018426;0.01855943437914273
SAO PAULO;510;45;2276;0.014239569682025756;0.01977152899824253
SAO PAULO;511;40;2240;0.014004753310838643;0.017857142857142856
SAO PAULO;512;36;2267;0.014395578007810555;0.015880017644464048
SAO PAULO;513;55;2256;0.013864655010854822;0.024379432624113476
SAO PAULO;514;48;2272;0.014230288179352;0.02112676056338028
SAO PAULO;515;48;2240;0.014091632907237524;0.02142857142857143
SAO PAULO;516;48;2248;0.013997958946241474;0.021352313167259787
SAO PAULO;517;51;2236;0.014010714050732962;0.022808586762075134
SAO PAULO;518;47;2240;0.014494214269667497;0.020982142857142855
SAO PAULO;519;51;2248;0.01409910374532967;0.022686832740213523
CAMPINAS;520;61;2105;0.01435673610770318;0.028978622327790974
CAMPINAS;521;64;2111;0.014383316438196028;0.030317385125532923
CAMPINAS;522;66;2113;0.01425847858864458;0.031235210601041175
CAMPINAS;523;60;2097;0.014448843384378036;0.02861230329041488
CAMPINAS;524;81;2097;0.014433165873290386;0.03862660944206009
CAMPINAS;525;61;2124;0.014460786716312204;0.02871939736346516
CAMPINAS;526;56;2109;0.014424642511511562;0.026552868658131817
CAMPINAS;527;70;2085;0.014628578159780586;0.03357314148681055
CAMPINAS;528;55;2134;0.014423839072217759;0.02577319587628866
CAMPINAS;529;72;2077;0.01447645276883775;0.03466538276360135
CAMPINAS;530;70;2087;0.01445610138337476;0.033540967896502155
CAMPINAS;531;69;2106;0.014444604362371615;0.03276353276353276
CAMPINAS;532;60;2092;0.014378930792852294;0.028680688336520075
CAMPINAS;533;60;2136;0.014437085620951874;0.028089887640449437
CAMPINAS;534;54;2162;0.014217568809527275;0.02497687326549491
CAMPINAS;535;58;2135;0.01482273746366778;0.027166276346604217
CAMPINAS;536;54;2124;0.014691301695229706;0.025423728813559324
CAMPINAS;537;66;2113;0.014385958761199366;0.031235210601041175
CAMPINAS;538;67;2109;0.0146645200188918;0.03176861071597914
CAMPINAS;539;46;2143;0.014450115085048943;0.021465235650956604
SOROCABA;540;59;1803;0.015119748679516558;0.032723239046034386
SOROCABA;541;58;1828;0.01474510194995855;0.03172866520787746
SOROCABA;542;46;1829;0.01461128996407165;0.025150355385456534
SOROCABA;543;67;1806;0.014872716667511006;0.03709856035437431
SOROCABA;544;56;1822;0.01466250650450231;0.030735455543358946
SOROCABA;545;52;1840;0.014715579358267693;0.02826086956521739
SOROCABA;546;60;1811;0.014766967089330415;0.03313086692435119
SOROCABA;547;47;1838;0.014943474818509139;0.025571273122959738
SOROCABA;548;55;1840;0.014822795562844462;0.029891304347826088
SOROCABA;549;52;1847;0.014871100627344055;0.028153762858689767
SOROCABA;550;61;1815;0.014236136105053093;0.03360881542699724
SOROCABA;551;53;1823;0.0148024483735908;0.029072956664838178
SOROCABA;552;45;1856;0.015093353810034418;0.024245689655172414
SOROCABA;553;44;1835;0.014590532044724202;0.023978201634877384
SOROCABA;554;57;1838;0.014720127602054444;0.031011969532100107
SOROCABA;555;53;1865;0.014888643613927681;0.028418230563002682
SOROCABA;556;46;1833;0.014757950175467962;0.025095471903982543
SOROCABA;557;61;1841;0.01442570530896462;0.033134166214014125
SOROCABA;558;54;1817;0.014651284020408191;0.02971931755641167
SOROCABA;559;55;1829;0.014656830630981553;0.030071077091306724
SAO JOSE DO RIO PRETO;560;46;1598;0.01422691759574036;0.028785982478097622
SAO JOSE DO RIO PRETO;561;50;1606;0.014037780487929757;0.031133250311332503
SAO JOSE DO RIO PRETO;562;40;1630;0.014077110811741343;0.024539877300613498
SAO JOSE DO RIO PRETO;563;45;1613;0.01418363409974405;0.027898326100433975
SAO JOSE DO RIO PRETO;564;39;1612;0.014440838315916932;0.024193548387096774
SAO JOSE DO RIO PRETO;565;38;1603;0.014100108912344764;0.023705552089831567
SAO JOSE DO RIO PRETO;566;40;1656;0.014123649030829147;0.024154589371980676
SAO JOSE DO RIO PRETO;567;56;1563;0.014069536775860585;0.03582853486884197
SAO JOSE DO RIO PRETO;568;46;1579;0.014175468516563018;0.029132362254591513
SAO JOSE DO RIO PRETO;569;41;1588;0.014199377884254205;0.025818639798488665
SAO JOSE DO RIO PRETO;570;56;1579;0.013917118667009584;0.03546548448385054
SAO JOSE DO RIO PRETO;571;46;1612;0.01422888023344087;0.028535980148883373
SAO JOSE DO RIO PRETO;572;53;1595;0.01394762376784407;0.03322884012539185
SAO JOSE DO RIO PRETO;573;41;1615;0.014332184398879356;0.025386996904024767
SAO JOSE DO RIO PRETO;574;51;1581;0.013970117148964832;0.03225806451612903
SAO JOSE DO RIO PRETO;575;54;1572;0.014579409859812487;0.03435114503816794
SAO JOSE DO RIO PRETO;576;49;1598;0.013837657923360861;0.030663329161451813
SAO JOSE DO RIO PRETO;577;41;1615;0.014063712153470994;0.025386996904024767
SAO JOSE DO RIO PRETO;578;41;1596;0.01418085594231605;0.02568922305764411
SAO JOSE DO RIO PRETO;579;46;1587;0.013813411954234649;0.028985507246376812
SANTOS;580;45;2085;0.014259940388466286;0.02158273381294964
SANTOS;581;66;2038;0.0142429680305557;0.0323846908734053
SANTOS;582;60;2052;0.014029999637411571;0.029239766081871343
SANTOS;583;48;2069;0.014280467971593205;0.02319961333977767
SANTOS;584;58;2034;0.014217389370691233;0.028515240904621434
SANTOS;585;57;2064;0.014548401111364687;0.027616279069767442
SANTOS;586;50;2095;0.014185413553511434;0.02386634844868735
SANTOS;587;70;2025;0.014552604271287916;0.0345679012345679
SANTOS;588;57;2081;0.014539870368945221;0.02739067755886593
SANTOS;589;51;2081;0.014403468027081404;0.0245074483421432
SANTOS;590;56;2031;0.014207930991536756;0.027572624322993598
SANTOS;591;55;2054;0.014426303124998988;0.026777020447906523
SANTOS;592;53;2077;0.014331806158833482;0.025517573423206548
SANTOS;593;61;2025;0.014476682801605736;0.030123456790123456
SANTOS;594;65;2061;0.014491249222043078;0.03153808830664726
SANTOS;595;52;2077;0.014447628918773636;0.025036109773712085
SANTOS;596;49;2021;0.014553899230783469;0.024245423057892134
SANTOS;597;47;2063;0.014490773044852632;0.022782355792535142
SANTOS;598;60;2036;0.014135360558886105;0.029469548133595286
SANTOS;599;64;2030;0.014211752908330617;0.03152709359605911
JUNDIAI;600;50;1537;0.014868637173248331;0.03253090435914118
JUNDIAI;601;41;1595;0.014370746025455886;0.025705329153605017
JUNDIAI;602;43;1567;0.014408532034666147;0.02744097000638162
JUNDIAI;603;50;1562;0.014333497550901264;0.03201024327784891
JUNDIAI;604;52;1576;0.01483880841393479;0.03299492385786802
JUNDIAI;605;52;1569;0.01481113251259946;0.0331421287444232
JUNDIAI;606;49;1573;0.014605640003005616;0.031150667514303877
JUNDIAI;607;38;1605;0.014512245217798592;0.02367601246105919
JUNDIAI;608;54;1570;0.014440693180727604;0.034394904458598725
JUNDIAI;609;50;1588;0.014676854403472184;0.031486146095717885
JUNDIAI;610;45;1528;0.014580552218468207;0.029450261780104712
JUNDIAI;611;57;1550;0.014618482590290378;0.036774193548387096
JUNDIAI;612;44;1563;0.014693595219338539;0.02815099168266155
JUNDIAI;613;43;1579;0.014489648609795054;0.027232425585813805
JUNDIAI;614;36;1592;0.014823646829975693;0.022613065326633167
JUNDIAI;615;42;1564;0.014651042751533313;0.026854219948849106
JUNDIAI;616;48;1570;0.014691929407540778;0.030573248407643312
JUNDIAI;617;42;1596;0.014511523429733744;0.02631578947368421
JUNDIAI;618;44;1570;0.014304818254337805;0.02802547770700637
JUNDIAI;619;49;1572;0.015038623433033712;0.031170483460559797
SAO JOSE DOS CAMPOS;620;56;1932;0.014529426606977711;0.028985507246376812
SAO JOSE DOS CAMPOS;621;61;1935;0.014333652909307883;0.03152454780361757
SAO JOSE DOS CAMPOS;622;48;1930;0.01447006153315483;0.024870466321243522
SAO JOSE DOS CAMPOS;623;61;1936;0.014408723114622001;0.031508264462809916
SAO JOSE DOS CAMPOS;624;55;1953;0.01433561799223688;0.02816180235535074
SAO JOSE DOS CAMPOS;625;45;1952;0.01481001914823407;0.02305327868852459
SAO JOSE DOS CAMPOS;626;54;1945;0.014294022495036912;0.027763496143958868
SAO JOSE DOS CAMPOS;627;50;1949;0.014601662458370586;0.025654181631605953
SAO JOSE DOS CAMPOS;628;50;1996;0.014553228080482029;0.025050100200400802
SAO JOSE DOS CAMPOS;629;56;1947;0.014477159830929752;0.028762198253723677
SAO JOSE DOS CAMPOS;630;55;1950;0.014318991550022055;0.028205128205128206
SAO JOSE DOS CAMPOS;631;58;1942;0.014713409721315223;0.029866117404737384
SAO JOSE DOS CAMPOS;632;60;1893;0.014367611391496813;0.03169572107765452
SAO JOSE DOS CAMPOS;633;53;1932;0.014463994489128803;0.027432712215320912
SAO JOSE DOS CAMPOS;634;46;1937;0.014831897085184178;0.023748064016520392
SAO JOSE DOS CAMPOS;635;51;1977;0.014318078433956306;0.025796661608497723
SAO JOSE DOS CAMPOS;636;51;1925;0.014724417954711157;0.026493506493506493
SAO JOSE DOS CAMPOS;637;43;1943;0.014633115790069803;0.02213072568193515
SAO JOSE DOS CAMPOS;638;57;1902;0.014817104897713332;0.02996845425867508
SAO JOSE DOS CAMPOS;639;51;1936;0.01462129205056254;0.02634297520661157
RIBEIRAO PRETO;640;40;1771;0.014150172171554704;0.02258610954263128
RIBEIRAO PRETO;641;45;1776;0.014215955085704423;0.02533783783783784
RIBEIRAO PRETO;642;45;1736;0.014290914512366257;0.025921658986175114
RIBEIRAO PRETO;643;51;1787;0.014032582094568886;0.028539451594851706
RIBEIRAO PRETO;644;50;1740;0.014417858368322673;0.028735632183908046
RIBEIRAO PRETO;645;56;1725;0.013988733063828149;0.03246376811594203
RIBEIRAO PRETO;646;65;1733;0.014684154173243357;0.03750721292556261
RIBEIRAO PRETO;647;46;1737;0.014128338642722647;0.02648244099021301
RIBEIRAO PRETO;648;39;1780;0.014352992273618097;0.021910112359550562
RIBEIRAO PRETO;649;53;1749;0.014331415956255306;0.030303030303030304
RIBEIRAO PRETO;650;47;1756;0.014165462508615055;0.026765375854214124
RIBEIRAO PRETO;651;56;1751;0.014443086222758908;0.03198172472872644
RIBEIRAO PRETO;652;57;1731;0.013917005265740384;0.03292894280762565
RIBEIRAO PRETO;653;44;1749;0.014427918635187735;0.025157232704402517
RIBEIRAO PRETO;654;60;1753;0.014318093905340726;0.034227039361095266
RIBEIRAO PRETO;655;54;1730;0.014074635068962272;0.03121387283236994
RIBEIRAO PRETO;656;62;1724;0.014280084146876993;0.03596287703016241
RIBEIRAO PRETO;657;42;1768;0.013925791698842453;0.023755656108597284
RIBEIRAO PRETO;658;53;1755;0.014423204959487915;0.0301994301994302
RIBEIRAO PRETO;659;57;1748;0.014096318070777143;0.03260869565217391
CURITIBA;660;53;2130;0.014373033464806522;0.02488262910798122
CURITIBA;661;62;2081;0.014836466311345607;0.029793368572801536
CURITIBA;662;61;2086;0.014308661682381643;0.029242569511025888
CURITIBA;663;64;2089;0.014490158502717336;0.030636668262326472
CURITIBA;664;66;2085;0.013973127392487667;0.031654676258992806
CURITIBA;665;55;2097;0.014467124171015883;0.026227944682880304
CURITIBA;666;58;2084;0.014799446007979711;0.02783109404990403
CURITIBA;667;46;2112;0.014631355438386935;0.021780303030303032
CURITIBA;668;55;2114;0.014436535776995434;0.026017029328287606
CURITIBA;669;51;2103;0.014373436147335722;0.024251069900142655
CURITIBA;670;61;2104;0.014410763923666772;0.02899239543726236
CURITIBA;671;58;2090;0.0144440079831195;0.027751196172248804
CURITIBA;672;62;2116;0.014749456963733403;0.02930056710775047
CURITIBA;673;57;2096;0.014604227034235532;0.02719465648854962
CURITIBA;674;55;2124;0.014330115909822366;0.025894538606403013
CURITIBA;675;64;2075;0.01431392680581661;0.030843373493975902
CURITIBA;676;48;2110;0.014420217840216746;0.022748815165876776
CURITIBA;677;53;2118;0.014623822178510812;0.02502360717658168
CURITIBA;678;73;2076;0.014509814415038383;0.03516377649325626
CURITIBA;679;53;2083;0.014479618188350642;0.025444071051368217
LONDRINA;680;56;1644;0.014676707702866186;0.0340632603406326
LONDRINA;681;56;1663;0.01463481387081374;0.03367408298256164
LONDRINA;682;48;1694;0.014525496123967667;0.02833530106257379
LONDRINA;683;54;1699;0.01468796129211884;0.031783402001177165
LONDRINA;684;53;1691;0.01444156916537561;0.03134240094618569
LONDRINA;685;37;1687;0.014793687252019332;0.021932424422050976
LONDRINA;686;44;1695;0.014931208376062446;0.025958702064896755
LONDRINA;687;57;1641;0.014793834783038645;0.03473491773308958
LONDRINA;688;37;1689;0.014690536128747902;0.021906453522794554
LONDRINA;689;43;1704;0.01424901573658721;0.02523474178403756
LONDRINA;690;54;1697;0.014622152740140342;0.03182086034177961
LONDRINA;691;41;1712;0.01446264365126911;0.02394859813084112
LONDRINA;692;51;1676;0.014733145615865334;0.030429594272076373
LONDRINA;693;43;1718;0.0147031021096136;0.025029103608847497
LONDRINA;694;56;1688;0.014602387122207176;0.03317535545023697
LONDRINA;695;48;1723;0.01467819279654134;0.027858386535113175
LONDRINA;696;43;1726;0.014422853749152994;0.024913093858632676
LONDRINA;697;50;1683;0.01433296469819261;0.029708853238265002
LONDRINA;698;39;1711;0.014582509221917369;0.022793687901811806
LONDRINA;699;55;1696;0.014726448630689132;0.03242924528301887
MARINGA;700;49;1556;0.014697186513560927;0.031491002570694086
MARINGA;701;38;1576;0.014401477402884484;0.024111675126903553
MARINGA;702;54;1538;0.014768890650730905;0.035110533159947985
MARINGA;703;49;1518;0.014760358643215102;0.032279314888010543
MARINGA;704;48;1525;0.014491403588450148;0.031475409836065574
MARINGA;705;39;1528;0.01484249433346817;0.025523560209424083
MARINGA;706;45;1514;0.015031540581487665;0.029722589167767502
MARINGA;707;45;1541;0.01483437072735268;0.029201817001946788
MARINGA;708;48;1538;0.014796036907696562;0.031209362808842653
MARINGA;709;41;1544;0.01471583685580528;0.02655440414507772
MARINGA;710;50;1564;0.014243912472219575;0.0319693094629156
MARINGA;711;50;1511;0.014666543113971689;0.03309066843150232
MARINGA;712;55;1493;0.014829040144035282;0.036838580040187544
MARINGA;713;39;1556;0.014598571987230108;0.02506426735218509
MARINGA;714;40;1541;0.014603835030527382;0.025957170668397145
MARINGA;715;48;1523;0.014821298767154734;0.03151674326986211
MARINGA;716;46;1519;0.014851310902460469;0.030283080974325215
MARINGA;717;45;1535;0.014662629755141916;0.029315960912052116
MARINGA;718;45;1533;0.014271513993345754;0.029354207436399216
MARINGA;719;46;1544;0.01450917373190958;0.029792746113989636
JOINVILLE;720;44;1775;0.014610294151386892;0.024788732394366197
JOINVILLE;721;51;1754;0.014837765261387989;0.029076396807297605
JOINVILLE;722;41;1770;0.014793864640519332;0.023163841807909605
JOINVILLE;723;52;1715;0.01450101667185491;0.030320699708454812
JOINVILLE;724;40;1770;0.014589166351966571;0.022598870056497175
JOINVILLE;725;41;1730;0.014789853541323152;0.023699421965317918
JOINVILLE;726;53;1723;0.014530242162228871;0.030760301799187463
JOINVILLE;727;49;1735;0.01475121841138974;0.02824207492795389
JOINVILLE;728;57;1736;0.014678310386127047;0.032834101382488476
JOINVILLE;729;40;1735;0.014473883668482113;0.023054755043227664
JOINVILLE;730;47;1734;0.01466316475442984;0.02710495963091119
JOINVILLE;731;51;1761;0.014730777564543315;0.028960817717206135
JOINVILLE;732;47;1730;0.014680158130400583;0.02716763005780347
JOINVILLE;733;54;1731;0.014518691454030166;0.03119584055459272
JOINVILLE;734;49;1722;0.014545562479240897;0.028455284552845527
JOINVILLE;735;48;1760;0.014511231237773446;0.02727272727272727
JOINVILLE;736;46;1762;0.014834478619292645;0.026106696935300794
JOINVILLE;737;52;1736;0.014698190258148973;0.029953917050691243
JOINVILLE;738;48;1728;0.015278793582670376;0.027777777777777776
JOINVILLE;739;54;1733;0.014778628200948829;0.031159838430467397
FLORIANOPOLIS;740;62;1738;0.013995946818104045;0.03567318757192175
FLORIANOPOLIS;741;60;1742;0.014436104596895462;0.03444316877152698
FLORIANOPOLIS;742;55;1779;0.014048706230276792;0.030916245081506463
FLORIANOPOLIS;743;34;1797;0.014289826291761518;0.018920422927100722
FLORIANOPOLIS;744;56;1769;0.014541341661146807;0.03165630299604296
FLORIANOPOLIS;745;48;1749;0.014371267876918725;0.0274442538593482
FLORIANOPOLIS;746;47;1761;0.014293963926397776;0.02668938103350369
FLORIANOPOLIS;747;55;1760;0.014346684529927736;0.03125
FLORIANOPOLIS;748;40;1784;0.014102743051271748;0.02242152466367713
FLORIANOPOLIS;749;46;1818;0.014269223521675978;0.025302530253025302
FLORIANOPOLIS;750;51;1780;0.013939239420287805;0.028651685393258425
FLORIANOPOLIS;751;47;1769;0.014479485590400246;0.026568682871678916
FLORIANOPOLIS;752;52;1755;0.013980056828102567;0.02962962962962963
FLORIANOPOLIS;753;52;1774;0.014405233290149094;0.029312288613303268
FLORIANOPOLIS;754;49;1793;0.0141055501268216;0.027328499721137756
FLORIANOPOLIS;755;47;1773;0.014185101307088908;0.026508742244782856
FLORIANOPOLIS;756;50;1779;0.01443944255233349;0.028105677346824058
FLORIANOPOLIS;757;55;1757;0.014136124171852225;0.03130335799658509
FLORIANOPOLIS;758;55;1731;0.014183092024785415;0.0317735413056037
FLORIANOPOLIS;759;47;1765;0.014253137554344575;0.026628895184135977
PORTO ALEGRE;760;59;2145;0.013979203674694239;0.027505827505827505
PORTO ALEGRE;761;74;2146;0.01398476650281849;0.034482758620689655
PORTO ALEGRE;762;44;2171;0.013990342796738504;0.02026715799170889
PORTO ALEGRE;763;57;2137;0.014217070965490242;0.02667290594291062
PORTO ALEGRE;764;69;2120;0.014486531085027456;0.032547169811320754
PORTO ALEGRE;765;44;2174;0.014355124671654099;0.020239190432382703
PORTO ALEGRE;766;55;2149;0.014544296045253091;0.025593299208934387
PORTO ALEGRE;767;44;2197;0.014461191150885339;0.02002730996813837
PORTO ALEGRE;768;68;2104;0.014252563854671442;0.03231939163498099
PORTO ALEGRE;769;56;2140;0.014284620859475612;0.026168224299065422
PORTO ALEGRE;770;62;2122;0.01437841394244873;0.029217719132893498
PORTO ALEGRE;771;61;2129;0.01433262083253137;0.028651949271958667
PORTO ALEGRE;772;52;2139;0.014260551891172197;0.02431042543244507
PORTO ALEGRE;773;60;2154;0.014273514581318113;0.027855153203342618
PORTO ALEGRE;774;58;2159;0.014118161942510553;0.026864289022695692
PORTO ALEGRE;775;56;2122;0.014139571745257446;0.02639019792648445
PORTO ALEGRE;776;69;2121;0.014280274025693832;0.03253182461103253
PORTO ALEGRE;777;59;2142;0.014389321711845746;0.027544351073762838
PORTO ALEGRE;778;57;2124;0.014061351828055941;0.026836158192090395
PORTO ALEGRE;779;54;2158;0.014310804801135389;0.025023169601482854
NOVO HAMBURGO - SAO LEOPOLDO;780;48;1764;0.014832707661309768;0.027210884353741496
NOVO HAMBURGO - SAO LEOPOLDO;781;54;1750;0.015022801119476185;0.030857142857142857
NOVO HAMBURGO - SAO LEOPOLDO;782;50;1791;0.014909545711828067;0.027917364600781685
NOVO HAMBURGO - SAO LEOPOLDO;783;54;1727;0.015015298248190817;0.03126809496236248
NOVO HAMBURGO - SAO LEOPOLDO;784;45;1779;0.015009125234643044;0.025295109612141653
NOVO HAMBURGO - SAO LEOPOLDO;785;56;1727;0.014823017130488319;0.03242617255356109
NOVO HAMBURGO - SAO LEOPOLDO;786;63;1719;0.014983191003788766;0.03664921465968586
NOVO HAMBURGO - SAO LEOPOLDO;787;67;1726;0.015159603846487216;0.0388180764774044
NOVO HAMBURGO - SAO LEOPOLDO;788;52;1782;0.014563879742679224;0.029180695847362513
NOVO HAMBURGO - SAO LEOPOLDO;789;42;1761;0.015043652139249467;0.02385008517887564
NOVO HAMBURGO - SAO LEOPOLDO;790;61;1767;0.015004245891728957;0.0345217883418223
NOVO HAMBURGO - SAO LEOPOLDO;791;47;1735;0.015037752831012554;0.027089337175792507
NOVO HAMBURGO - SAO LEOPOLDO;792;56;1754;0.01468320811990861;0.03192702394526796
NOVO HAMBURGO - SAO LEOPOLDO;793;50;1737;0.014879680231805961;0.028785261945883708
NOVO HAMBURGO - SAO LEOPOLDO;794;43;1785;0.014890530584287244;0.024089635854341738
NOVO HAMBURGO - SAO LEOPOLDO;795;47;1769;0.014995271775945397;0.026568682871678916
NOVO HAMBURGO - SAO LEOPOLDO;796;46;1785;0.015175861893513071;0.0257703081232493
NOVO HAMBURGO - SAO LEOPOLDO;797;49;1782;0.014553584020297945;0.02749719416386083
NOVO HAMBURGO - SAO LEOPOLDO;798;40;1775;0.01513416358675873;0.022535211267605635
NOVO HAMBURGO - SAO LEOPOLDO;799;47;1784;0.014756410892057491;0.026345291479820628
CAXIAS DO SUL;800;48;1457;0.014428804500379108;0.032944406314344546
CAXIAS DO SUL;801;45;1495;0.01442211076891218;0.030100334448160536
CAXIAS DO SUL;802;44;1506;0.014232702067702893;0.029216467463479414
CAXIAS DO SUL;803;59;1447;0.01421997234956382;0.04077401520387008
CAXIAS DO SUL;804;49;1445;0.014507537060752368;0.033910034602076124
CAXIAS DO SUL;805;44;1498;0.014244501344933366;0.029372496662216287
CAXIAS DO SUL;806;44;1470;0.014534527640906071;0.029931972789115645
CAXIAS DO SUL;807;48;1476;0.01440859164668883;0.032520325203252036
CAXIAS DO SUL;808;42;1463;0.014266758340726859;0.028708133971291867
CAXIAS DO SUL;809;39;1488;0.014116094942497348;0.02620967741935484
CAXIAS DO SUL;810;46;1438;0.014043081053538567;0.031988873435326845
CAXIAS DO SUL;811;36;1461;0.014270204374852427;0.024640657084188913
CAXIAS DO SUL;812;35;1485;0.01436121241107358;0.02356902356902357
CAXIAS DO SUL;813;46;1428;0.013992647142037743;0.03221288515406162
CAXIAS DO SUL;814;37;1460;0.014541441035250013;0.025342465753424658
CAXIAS DO SUL;815;42;1476;0.014088580990599729;0.028455284552845527
CAXIAS DO SUL;816;48;1461;0.014010129523525025;0.03285420944558522
CAXIAS DO SUL;817;57;1492;0.014239532060713593;0.03820375335120643
CAXIAS DO SUL;818;41;1444;0.014235497158010826;0.028393351800554016
CAXIAS DO SUL;819;40;1461;0.014310045004982407;0.02737850787132101
PELOTAS - RIO GRANDE;820;49;1685;0.01435524687667678;0.029080118694362018
PELOTAS - RIO GRANDE;821;42;1722;0.014446945678066708;0.024390243902439025
PELOTAS - RIO GRANDE;822;43;1721;0.014771277248991356;0.024985473561882625
PELOTAS - RIO GRANDE;823;53;1655;0.014621644706429807;0.03202416918429003
PELOTAS - RIO GRANDE;824;55;1690;0.014404865692589794;0.03254437869822485
PELOTAS - RIO GRANDE;825;54;1708;0.014898066337048203;0.03161592505854801
PELOTAS - RIO GRANDE;826;42;1721;0.014222290167280553;0.02440441603718768
PELOTAS - RIO GRANDE;827;48;1681;0.014667158416707037;0.028554431885782272
PELOTAS - RIO GRANDE;828;51;1716;0.014520777765447773;0.02972027972027972
PELOTAS - RIO GRANDE;829;60;1674;0.014789766403394711;0.035842293906810034
PELOTAS - RIO GRANDE;830;64;1659;0.01493547990406386;0.038577456298975285
PELOTAS - RIO GRANDE;831;50;1684;0.014458266468886188;0.029691211401425176
PELOTAS - RIO GRANDE;832;57;1664;0.014708176156306988;0.034254807692307696
PELOTAS - RIO GRANDE;833;35;1721;0.01484405277738107;0.02033701336432307
PELOTAS - RIO GRANDE;834;51;1695;0.014807446170133878;0.03008849557522124
PELOTAS - RIO GRANDE;835;39;1678;0.014462303393227285;0.023241954707985697
PELOTAS - RIO GRANDE;836;52;1695;0.014644685521148528;0.030678466076696165
PELOTAS - RIO GRANDE;837;51;1691;0.014338828816127098;0.03015966883500887
PELOTAS - RIO GRANDE;838;40;1723;0.0147578474507928;0.023215322112594312
PELOTAS - RIO GRANDE;839;45;1719;0.014657060813375722;0.02617801047120419
CAMPO GRANDE;840;49;1703;0.014531147903840086;0.028772753963593658
CAMPO GRANDE;841;46;1700;0.014633872703097824;0.027058823529411764
CAMPO GRANDE;842;47;1748;0.014263978868605438;0.02688787185354691
CAMPO GRANDE;843;68;1697;0.014682334357977677;0.040070713022981735
CAMPO GRANDE;844;59;1696;0.014664136512157484;0.0347877358490566
CAMPO GRANDE;845;54;1704;0.014855747883248272;0.03169014084507042
CAMPO GRANDE;846;41;1728;0.014662119615896398;0.023726851851851853
CAMPO GRANDE;847;50;1718;0.01489035357294513;0.02910360884749709
CAMPO GRANDE;848;50;1716;0.014743623916252769;0.029137529137529136
CAMPO GRANDE;849;57;1697;0.014919468254334007;0.03358868591632292
CAMPO GRANDE;850;49;1730;0.014331272763500045;0.028323699421965318
CAMPO GRANDE;851;44;1719;0.014651453597404315;0.025596276905177427
CAMPO GRANDE;852;56;1679;0.014563412895056275;0.03335318642048839
CAMPO GRANDE;853;41;1716;0.014850512735215642;0.023892773892773892
CAMPO GRANDE;854;58;1718;0.014790674310542092;0.033760186263096625
CAMPO GRANDE;855;45;1730;0.014470974618173357;0.02601156069364162
CAMPO GRANDE;856;51;1716;0.0146052751386242;0.02972027972027972
CAMPO GRANDE;857;48;1735;0.014736790805668074;0.0276657060518732
CAMPO GRANDE;858;61;1697;0.01459441640324137;0.03594578668238067
CAMPO GRANDE;859;46;1688;0.014587597401917441;0.027251184834123223
CUIABA;860;48;1688;0.015006145643431333;0.02843601895734597
CUIABA;861;44;1649;0.014740390248145413;0.026682838083687082
CUIABA;862;37;1650;0.014632335514541609;0.022424242424242423
CUIABA;863;49;1660;0.01480223171225218;0.029518072289156625
CUIABA;864;53;1680;0.014602903468087455;0.03154761904761905
CUIABA;865;61;1626;0.01489421090147747;0.037515375153751536
CUIABA;866;46;1647;0.014919673797276564;0.02792956891317547
CUIABA;867;34;1688;0.014963295653036226;0.02014218009478673
CUIABA;868;44;1678;0.01514942370054135;0.026221692491060787
CUIABA;869;50;1667;0.015003375674338472;0.029994001199760048
CUIABA;870;49;1648;0.015267033036250514;0.029733009708737865
CUIABA;871;44;1658;0.015057171659259159;0.026537997587454766
CUIABA;872;41;1684;0.015009963255593702;0.024346793349168647
CUIABA;873;54;1664;0.014579388016262589;0.03245192307692308
CUIABA;874;53;1658;0.01486789450417791;0.031966224366706875
CUIABA;875;45;1682;0.015033478998568656;0.0267538644470868
CUIABA;876;50;1697;0.014903401816231416;0.02946375957572186
CUIABA;877;48;1681;0.014730386306397468;0.028554431885782272
CUIABA;878;52;1656;0.014860342999543922;0.03140096618357488
CUIABA;879;40;1722;0.014508891126241952;0.023228803716608595
GOIANIA;880;52;1984;0.014800995891339533;0.02620967741935484
GOIANIA;881;41;1977;0.01440383978913262;0.020738492665655032
GOIANIA;882;60;1973;0.014455696731881663;0.030410542321338063
GOIANIA;883;67;1914;0.01457409757784613;0.03500522466039707
GOIANIA;884;55;1990;0.014781676423220464;0.02763819095477387
GOIANIA;885;68;1955;0.014537091739503896;0.034782608695652174
GOIANIA;886;57;1988;0.01461809059362706;0.028672032193158954
GOIANIA;887;56;1981;0.014559913163922118;0.028268551236749116
GOIANIA;888;66;1926;0.014879046432212856;0.03426791277258567
GOIANIA;889;65;1955;0.014875573214454959;0.03324808184143223
GOIANIA;890;57;1927;0.014682763390526153;0.029579657498702647
GOIANIA;891;55;1947;0.014462180092192247;0.02824858757062147
GOIANIA;892;58;1962;0.014969022695035687;0.029561671763506627
GOIANIA;893;59;1940;0.014568684144343626;0.030412371134020618
GOIANIA;894;61;1956;0.014752146332162909;0.031186094069529654
GOIANIA;895;62;1953;0.01498771781619287;0.031746031746031744
GOIANIA;896;58;1909;0.014574733940470555;0.030382399161864852
GOIANIA;897;56;1913;0.014830940722352977;0.029273392577104027
GOIANIA;898;50;1977;0.014557545963463196;0.025290844714213456
GOIANIA;899;53;1943;0.014788696420646869;0.027277406073082863
BRASILIA;900;57;2144;0.014805726648413524;0.02658582089552239
BRASILIA;901;57;2161;0.014850974417404616;0.026376677464136973
BRASILIA;902;49;2161;0.01471364588053251;0.022674687644608976
BRASILIA;903;47;2189;0.014470932368067407;0.02147099132023755
BRASILIA;904;61;2162;0.014863700003253384;0.028214616096207217
BRASILIA;905;53;2170;0.014768728050458925;0.024423963133640553
BRASILIA;906;50;2194;0.014725449337493845;0.022789425706472195
BRASILIA;907;53;2150;0.01487434715118451;0.024651162790697675
BRASILIA;908;59;2116;0.014581967197441988;0.027882797731568997
BRASILIA;909;51;2155;0.014812214524231945;0.023665893271461718
BRASILIA;910;49;2134;0.014666658008189962;0.02296157450796626
BRASILIA;911;51;2143;0.014416867366273322;0.02379841343910406
BRASILIA;912;45;2184;0.014588511730852897;0.020604395604395604
BRASILIA;913;49;2165;0.01454896615633181;0.022632794457274827
BRASILIA;914;48;2153;0.014721207354197104;0.02229447282861124
BRASILIA;915;47;2158;0.0146518990343724;0.021779425393883226
BRASILIA;916;79;2102;0.01467939713397521;0.03758325404376784
BRASILIA;917;51;2134;0.015044106687384913;0.023898781630740395
BRASILIA;918;52;2150;0.014770971416216836;0.024186046511627906
BRASILIA;919;60;2138;0.014660622309958661;0.02806361085126286
