under_influence;Run;Denounce;Females;Got attacked;Stress
0.01;0;89;1210;234;0.029554359910967606
0.01;1;73;1204;220;0.029404995376207055
0.01;2;83;1179;210;0.029033492499439654
0.01;3;81;1251;209;0.029702044689450046
0.01;4;76;1229;214;0.029293367237567168
0.01;5;74;1205;199;0.02895266059572507
0.01;6;85;1249;198;0.029824813409248054
0.01;7;82;1200;219;0.02866527239353319
0.01;8;58;1246;203;0.02971075041620599
0.01;9;80;1196;222;0.02991643075453591
0.01;10;78;1253;209;0.02861803804990299
0.01;11;71;1239;199;0.028967570892432837
0.01;12;86;1173;241;0.02922523553836429
0.01;13;75;1226;212;0.03033140521517324
0.01;14;72;1182;216;0.029615110586549
0.01;15;74;1173;217;0.028745055187252858
0.01;16;62;1197;203;0.028585814371583976
0.01;17;78;1186;225;0.02938277054246639
0.01;18;78;1247;207;0.02902851164540751
0.01;19;80;1203;211;0.030431221665801398
0.01;20;95;1255;210;0.02946928275345153
0.01;21;65;1205;200;0.029497089956303003
0.01;22;72;1247;193;0.029282361930364553
0.01;23;76;1224;220;0.028987156374931006
0.01;24;62;1215;207;0.029780867085014345
0.01;25;72;1241;209;0.029714662103179346
0.01;26;71;1240;200;0.029831016995047973
0.01;27;73;1201;218;0.030710638897580012
0.01;28;81;1197;209;0.03025580382056517
0.01;29;79;1233;212;0.029633505953348124
0.01;30;92;1224;240;0.02969466810601542
0.01;31;70;1222;218;0.030123621560372953
0.01;32;71;1205;212;0.03008167187673108
0.01;33;63;1244;204;0.029251606205908606
0.01;34;82;1243;215;0.02948420380185155
0.01;35;87;1207;213;0.02976403925358116
0.01;36;79;1236;240;0.029563186414912214
0.01;37;66;1215;215;0.03027314955701597
0.01;38;63;1208;216;0.028839575414442715
0.01;39;88;1239;218;0.02940091741515301
0.01;40;62;1209;207;0.030204000714944113
0.01;41;71;1179;192;0.029174127569704573
0.01;42;65;1224;175;0.031433909812639126
0.01;43;71;1187;184;0.029611317734655626
0.01;44;70;1219;204;0.02925184165847721
0.01;45;80;1197;213;0.030011869006513717
0.01;46;95;1231;219;0.02944107742895348
0.01;47;77;1257;221;0.029530481857752616
0.01;48;56;1153;196;0.03053095226993281
0.01;49;74;1235;213;0.029912940173849708
0.01;50;66;1160;177;0.0306734900263835
0.01;51;62;1207;183;0.030161675097800645
0.01;52;85;1249;232;0.029239410633430555
0.01;53;61;1203;185;0.029180249775292245
0.01;54;83;1204;211;0.029663030015249805
0.01;55;67;1197;181;0.02922098415163883
0.01;56;69;1225;182;0.02953108326207486
0.01;57;62;1227;216;0.030228975927677534
0.01;58;67;1251;212;0.029265920586934335
0.01;59;61;1202;168;0.029242728110263704
0.01;60;74;1208;228;0.029577944327064603
0.01;61;76;1203;208;0.029448885177165783
0.01;62;71;1226;203;0.030444514452255562
0.01;63;95;1201;213;0.02877233636392136
0.01;64;69;1196;189;0.029981189806621494
0.01;65;77;1285;222;0.029377405175518654
0.01;66;69;1242;190;0.029044817888051827
0.01;67;64;1199;216;0.03064188223532573
0.01;68;86;1218;231;0.03032179504271962
0.01;69;60;1192;177;0.029911961986796257
0.01;70;67;1161;190;0.030190493721617438
0.01;71;71;1183;200;0.030514024873819608
0.01;72;88;1238;217;0.030022136928384856
0.01;73;81;1194;219;0.02994431569521078
0.01;74;83;1241;211;0.02898033743937541
0.01;75;63;1233;199;0.029165747376619346
0.01;76;72;1203;238;0.030249848733973066
0.01;77;78;1196;209;0.028892469733207207
0.01;78;83;1229;221;0.030338372569573197
0.01;79;65;1211;203;0.029316757383707124
0.01;80;59;1166;186;0.029764832039631095
0.01;81;78;1216;220;0.029969724358388506
0.01;82;84;1212;200;0.02953767575903507
0.01;83;76;1244;220;0.029474390675650358
0.01;84;73;1235;207;0.030574096917966174
0.01;85;84;1215;223;0.02866264954036367
0.01;86;76;1214;217;0.03035869372066108
0.01;87;81;1169;243;0.030632137375686385
0.01;88;77;1216;195;0.029869353011802574
0.01;89;80;1221;212;0.029558885781652743
0.01;90;76;1205;219;0.0296415757422808
0.01;91;70;1187;190;0.029492939889360626
0.01;92;82;1235;217;0.029620974130454197
0.01;93;66;1240;201;0.02870284334552497
0.01;94;73;1191;213;0.029384314364205785
0.01;95;67;1248;210;0.02912306638424755
0.01;96;83;1272;204;0.030072123159099334
0.01;97;67;1243;220;0.029867873113894584
0.01;98;70;1185;231;0.030526170201883897
0.01;99;75;1231;213;0.02997268797852798
0.01;100;56;1196;192;0.029502936871994012
0.01;101;62;1202;182;0.0298705554436264
0.01;102;67;1242;205;0.029397758661631107
0.01;103;68;1202;175;0.030568533997062098
0.01;104;77;1192;202;0.029826176193459706
0.01;105;77;1238;221;0.031168455037849988
0.01;106;70;1241;207;0.030621464770593687
0.01;107;82;1219;215;0.0297328618992564
0.01;108;76;1229;227;0.029479110920220545
0.01;109;76;1187;208;0.02957070902172223
0.01;110;74;1282;224;0.029637371172437515
0.01;111;72;1279;210;0.030865516964746206
0.01;112;74;1172;197;0.029014529540677955
0.01;113;79;1247;189;0.02842058662427444
0.01;114;58;1191;199;0.030694753992762586
0.01;115;62;1159;168;0.030212110695591494
0.01;116;78;1230;212;0.030096005582297258
0.01;117;65;1240;199;0.029344200938086783
0.01;118;80;1210;219;0.028720166685730027
0.01;119;68;1283;213;0.029305984968959652
0.01;120;76;1201;223;0.03028573091904376
0.01;121;79;1291;202;0.029630053697370318
0.01;122;71;1231;208;0.02946802698344809
0.01;123;78;1210;240;0.030423950371536834
0.01;124;70;1261;191;0.029387415424082703
0.01;125;72;1187;201;0.02977614845443857
0.01;126;77;1159;213;0.029367562012104217
0.01;127;74;1232;205;0.029679223327097673
0.01;128;73;1238;223;0.030452668907045753
0.01;129;85;1222;208;0.029383191838166317
0.01;130;68;1224;200;0.030156273194550595
0.01;131;83;1279;204;0.028434154836132427
0.01;132;68;1208;210;0.02981576568461321
0.01;133;71;1238;204;0.0295695059068408
0.01;134;75;1222;229;0.03034703131286837
0.01;135;66;1194;170;0.028877937923944885
0.01;136;75;1225;198;0.02988910576735635
0.01;137;93;1203;238;0.030305340154295327
0.01;138;76;1162;207;0.03000043664851375
0.01;139;84;1225;212;0.030326503704345083
0.01;140;74;1199;214;0.029922317043055403
0.01;141;80;1246;219;0.02940718721773866
0.01;142;77;1234;214;0.030422561522387686
0.01;143;76;1270;233;0.030087840519192
0.01;144;68;1187;204;0.031415501496808065
0.01;145;79;1223;203;0.030037380195212245
0.01;146;81;1218;238;0.03001593194020665
0.01;147;72;1231;202;0.030007506759045444
0.01;148;84;1201;217;0.029523461391217958
0.01;149;84;1253;247;0.0298753439509218
0.01;150;58;1239;173;0.029414123501767395
0.01;151;62;1218;203;0.02990450620400223
0.01;152;78;1215;192;0.029994074965319237
0.01;153;67;1214;202;0.03013539471062316
0.01;154;70;1225;202;0.03067507548285683
0.01;155;69;1243;210;0.03020456177388464
0.01;156;74;1199;205;0.02964456181536231
0.01;157;73;1225;238;0.02870674018375184
0.01;158;69;1259;200;0.030243539642987625
0.01;159;90;1200;204;0.028864691308663606
0.01;160;77;1211;210;0.028725598578593033
0.01;161;80;1186;205;0.02916516309310688
0.01;162;75;1192;192;0.02969435792719905
0.01;163;71;1284;215;0.030244485155900967
0.01;164;78;1258;217;0.029549255842841994
0.01;165;74;1244;228;0.030162921553578786
0.01;166;72;1223;207;0.028940927306335
0.01;167;72;1219;222;0.029176851604495537
0.01;168;76;1258;209;0.029779018007990446
0.01;169;78;1220;212;0.029302061718117008
0.01;170;76;1210;203;0.02984135495033297
0.01;171;97;1179;229;0.029568383211981273
0.01;172;70;1231;224;0.029724737838595257
0.01;173;78;1203;183;0.028796850697479608
0.01;174;76;1202;195;0.02929334201685165
0.01;175;85;1213;216;0.030219541208345167
0.01;176;78;1230;220;0.028945622535038462
0.01;177;80;1211;211;0.029715037371357843
0.01;178;75;1202;201;0.029544914665997977
0.01;179;67;1230;196;0.029399413231223442
0.01;180;71;1245;190;0.030113319823659175
0.01;181;82;1207;202;0.030004620964810626
0.01;182;85;1220;203;0.029749392665129677
0.01;183;72;1225;204;0.028569553064875897
0.01;184;80;1186;217;0.029399365425247268
0.01;185;77;1211;199;0.02955054632868968
0.01;186;72;1256;225;0.029623944478496294
0.01;187;79;1182;211;0.02994244836036317
0.01;188;66;1188;193;0.028755874241924308
0.01;189;87;1245;244;0.02975616269768555
0.01;190;72;1237;203;0.029370908687579998
0.01;191;64;1225;194;0.02901702642221257
0.01;192;75;1227;200;0.030872925054904438
0.01;193;70;1203;188;0.028524784816237894
0.01;194;58;1253;187;0.029141715104682785
0.01;195;70;1283;205;0.029827595062583697
0.01;196;70;1229;215;0.03059198658904593
0.01;197;77;1244;211;0.029265894184357214
0.01;198;70;1271;207;0.030510109419896157
0.01;199;69;1208;193;0.029478106738019736
0.07999999999999999;200;82;1275;220;0.02942371185987634
0.07999999999999999;201;78;1236;200;0.028839228441891167
0.07999999999999999;202;76;1227;210;0.029956254350554528
0.07999999999999999;203;67;1266;172;0.029782386328470783
0.07999999999999999;204;78;1170;213;0.0304070246848682
0.07999999999999999;205;76;1242;214;0.029355346153673453
0.07999999999999999;206;65;1249;207;0.030156135930064595
0.07999999999999999;207;80;1242;209;0.028820323710353087
0.07999999999999999;208;55;1209;206;0.029729794581188924
0.07999999999999999;209;75;1189;195;0.0292911887600073
0.07999999999999999;210;76;1262;187;0.030147007365426245
0.07999999999999999;211;64;1239;203;0.029356301070362543
0.07999999999999999;212;72;1190;191;0.029734589533858168
0.07999999999999999;213;81;1257;212;0.030004183536148196
0.07999999999999999;214;79;1202;212;0.03001074430849304
0.07999999999999999;215;73;1210;200;0.029656916044201523
0.07999999999999999;216;89;1246;222;0.02936453128279269
0.07999999999999999;217;77;1235;191;0.03090190965761552
0.07999999999999999;218;65;1248;178;0.030307055697119126
0.07999999999999999;219;63;1272;200;0.029997551618718584
0.07999999999999999;220;76;1179;197;0.030673390089451958
0.07999999999999999;221;71;1235;210;0.029869447205382607
0.07999999999999999;222;83;1223;201;0.03085838861043157
0.07999999999999999;223;75;1183;214;0.03032827563631079
0.07999999999999999;224;73;1262;187;0.030072905828623948
0.07999999999999999;225;72;1148;204;0.029824257656785196
0.07999999999999999;226;68;1219;205;0.03070320267475678
0.07999999999999999;227;81;1243;203;0.02987374540248473
0.07999999999999999;228;86;1255;224;0.030779594849787477
0.07999999999999999;229;63;1172;206;0.02954548129470013
0.07999999999999999;230;80;1237;221;0.029447527932574276
0.07999999999999999;231;81;1203;209;0.029722745358930356
0.07999999999999999;232;76;1193;214;0.029600447633904126
0.07999999999999999;233;76;1243;205;0.02917017963464121
0.07999999999999999;234;67;1182;202;0.02967377427155525
0.07999999999999999;235;68;1273;209;0.02914049603850129
0.07999999999999999;236;82;1187;225;0.028770497494940036
0.07999999999999999;237;79;1249;230;0.03023567828938684
0.07999999999999999;238;72;1237;213;0.03053760017732527
0.07999999999999999;239;75;1228;210;0.030483618042576165
0.07999999999999999;240;73;1230;229;0.030123261839795145
0.07999999999999999;241;54;1230;162;0.03021091280519522
0.07999999999999999;242;86;1238;217;0.03032077219149501
0.07999999999999999;243;81;1212;205;0.030151590447149965
0.07999999999999999;244;65;1230;198;0.03125500540558321
0.07999999999999999;245;91;1277;225;0.03027281832670356
0.07999999999999999;246;85;1213;224;0.03051541943224735
0.07999999999999999;247;75;1232;187;0.030447442564411297
0.07999999999999999;248;68;1191;196;0.031074670408763605
0.07999999999999999;249;72;1271;222;0.03117291955104234
0.07999999999999999;250;67;1259;212;0.030318786935183358
0.07999999999999999;251;68;1229;199;0.03036168156749486
0.07999999999999999;252;70;1236;191;0.030425532441449837
0.07999999999999999;253;64;1234;195;0.028903279392090222
0.07999999999999999;254;71;1230;224;0.02992442815269498
0.07999999999999999;255;69;1240;179;0.029341197543977255
0.07999999999999999;256;72;1225;217;0.02966327935357591
0.07999999999999999;257;76;1215;193;0.02921772684395931
0.07999999999999999;258;71;1215;189;0.03013800178846722
0.07999999999999999;259;86;1240;248;0.030166659163015364
0.07999999999999999;260;87;1257;234;0.030635375423373776
0.07999999999999999;261;74;1227;224;0.030290213455874918
0.07999999999999999;262;83;1225;201;0.030833639515343677
0.07999999999999999;263;77;1215;222;0.03067662170300282
0.07999999999999999;264;68;1217;182;0.02901879422101301
0.07999999999999999;265;80;1217;216;0.03014714944648005
0.07999999999999999;266;75;1220;222;0.03117692733683102
0.07999999999999999;267;72;1228;210;0.029894631135658958
0.07999999999999999;268;73;1251;209;0.02942430249681825
0.07999999999999999;269;75;1241;204;0.029764371484021
0.07999999999999999;270;65;1247;195;0.029530649084211755
0.07999999999999999;271;81;1226;213;0.029317348444688862
0.07999999999999999;272;62;1248;177;0.02985959356871479
0.07999999999999999;273;86;1189;222;0.02942821105523694
0.07999999999999999;274;73;1222;208;0.02878566483295494
0.07999999999999999;275;71;1217;184;0.030787220966363965
0.07999999999999999;276;88;1193;247;0.029809940086307832
0.07999999999999999;277;74;1201;197;0.030192310644824805
0.07999999999999999;278;75;1227;199;0.030127371544055075
0.07999999999999999;279;74;1219;191;0.029368669567856834
0.07999999999999999;280;67;1209;211;0.03040883351492273
0.07999999999999999;281;59;1226;184;0.029906103322251396
0.07999999999999999;282;88;1210;197;0.03004639366738593
0.07999999999999999;283;75;1257;231;0.03033174024101113
0.07999999999999999;284;81;1204;210;0.031291380024721184
0.07999999999999999;285;73;1176;210;0.03015334975246936
0.07999999999999999;286;75;1297;218;0.029633463699902936
0.07999999999999999;287;65;1265;200;0.03058877439122196
0.07999999999999999;288;81;1222;249;0.030884511885784654
0.07999999999999999;289;63;1222;185;0.030193711845709237
0.07999999999999999;290;60;1200;169;0.029026650215771107
0.07999999999999999;291;72;1188;194;0.02911193359941316
0.07999999999999999;292;65;1201;186;0.030000598133687793
0.07999999999999999;293;89;1232;232;0.030457310011348968
0.07999999999999999;294;85;1261;232;0.030178714187244812
0.07999999999999999;295;72;1173;190;0.029371371833682228
0.07999999999999999;296;79;1211;236;0.03004725938912055
0.07999999999999999;297;81;1213;209;0.029933919159592128
0.07999999999999999;298;83;1177;223;0.03021786523349141
0.07999999999999999;299;82;1233;206;0.030583951688558715
0.07999999999999999;300;73;1222;240;0.030148038520567563
0.07999999999999999;301;85;1212;236;0.030686157046949075
0.07999999999999999;302;72;1155;224;0.029210363433571664
0.07999999999999999;303;81;1185;214;0.029511471056197443
0.07999999999999999;304;75;1200;204;0.030318814263351083
0.07999999999999999;305;73;1226;219;0.030006021150688237
0.07999999999999999;306;61;1239;220;0.0291147231515666
0.07999999999999999;307;85;1260;236;0.03116823613641767
0.07999999999999999;308;80;1188;219;0.029577993667592457
0.07999999999999999;309;76;1221;221;0.02991303609398001
0.07999999999999999;310;75;1204;181;0.029731679505163457
0.07999999999999999;311;71;1224;200;0.029395181139983805
0.07999999999999999;312;73;1214;210;0.029952143783267965
0.07999999999999999;313;84;1152;195;0.029459490470491477
0.07999999999999999;314;85;1231;222;0.030601131269896876
0.07999999999999999;315;64;1224;206;0.029293812368145156
0.07999999999999999;316;76;1276;221;0.03018834795292704
0.07999999999999999;317;70;1222;195;0.029553088844778554
0.07999999999999999;318;83;1226;233;0.030079630469138422
0.07999999999999999;319;69;1247;202;0.03011180046291327
0.07999999999999999;320;74;1169;195;0.030737308839971816
0.07999999999999999;321;84;1223;211;0.030082611607161105
0.07999999999999999;322;91;1232;223;0.02889579962716211
0.07999999999999999;323;83;1207;200;0.030504307906635695
0.07999999999999999;324;71;1248;200;0.029781306061640894
0.07999999999999999;325;81;1177;235;0.029980373817611806
0.07999999999999999;326;71;1198;206;0.030682719569831162
0.07999999999999999;327;75;1205;216;0.02902396027143198
0.07999999999999999;328;86;1225;196;0.030777973115797275
0.07999999999999999;329;79;1229;184;0.028910999180394643
0.07999999999999999;330;68;1241;182;0.03057171179750434
0.07999999999999999;331;57;1205;192;0.030037006859991493
0.07999999999999999;332;69;1199;202;0.029099727249950087
0.07999999999999999;333;79;1206;215;0.03086001718767212
0.07999999999999999;334;74;1205;188;0.029580218577899487
0.07999999999999999;335;80;1226;216;0.031019247347703165
0.07999999999999999;336;78;1280;187;0.028885844657950844
0.07999999999999999;337;85;1200;232;0.02966788747203464
0.07999999999999999;338;68;1241;200;0.030242295315741352
0.07999999999999999;339;82;1240;187;0.029829209246646303
0.07999999999999999;340;77;1254;244;0.031147355647714436
0.07999999999999999;341;75;1241;197;0.029572223516844524
0.07999999999999999;342;63;1219;209;0.030110181099042024
0.07999999999999999;343;70;1192;197;0.029559278385921692
0.07999999999999999;344;63;1216;208;0.03091222517856206
0.07999999999999999;345;86;1236;231;0.029996193339846572
0.07999999999999999;346;72;1292;211;0.03034026867911185
0.07999999999999999;347;73;1238;226;0.030335181521477576
0.07999999999999999;348;76;1224;217;0.029611935018644637
0.07999999999999999;349;79;1153;198;0.029711615816341415
0.07999999999999999;350;81;1200;212;0.03069008156142334
0.07999999999999999;351;78;1221;235;0.030437584613083015
0.07999999999999999;352;56;1203;204;0.031123339275772256
0.07999999999999999;353;74;1196;204;0.029275983072209192
0.07999999999999999;354;75;1213;190;0.030232374040217173
0.07999999999999999;355;81;1188;205;0.02956466923472607
0.07999999999999999;356;78;1190;224;0.029848388025400074
0.07999999999999999;357;72;1211;202;0.029909017298695776
0.07999999999999999;358;71;1258;211;0.030910421572960485
0.07999999999999999;359;57;1218;176;0.030060330407482426
0.07999999999999999;360;73;1222;201;0.030009442508370454
0.07999999999999999;361;80;1189;217;0.03085227326915238
0.07999999999999999;362;67;1252;190;0.030035988186906705
0.07999999999999999;363;79;1208;214;0.03000766041110666
0.07999999999999999;364;78;1177;239;0.03079186736497225
0.07999999999999999;365;75;1237;238;0.029381577484119875
0.07999999999999999;366;69;1245;197;0.029786605739585116
0.07999999999999999;367;78;1222;197;0.03001628237530238
0.07999999999999999;368;71;1229;203;0.030546628729945825
0.07999999999999999;369;73;1257;196;0.030278624532705137
0.07999999999999999;370;80;1233;194;0.029677941692801735
0.07999999999999999;371;71;1194;211;0.030128158251006662
0.07999999999999999;372;77;1202;205;0.030225860400906558
0.07999999999999999;373;78;1182;226;0.029208308517884363
0.07999999999999999;374;75;1253;201;0.02905926467216276
0.07999999999999999;375;72;1233;224;0.030744119528657625
0.07999999999999999;376;68;1202;205;0.03048322882978715
0.07999999999999999;377;80;1220;225;0.030205484485319005
0.07999999999999999;378;74;1236;214;0.03017974480714666
0.07999999999999999;379;73;1208;195;0.029477693084438907
0.07999999999999999;380;67;1203;203;0.03025159066488326
0.07999999999999999;381;79;1225;216;0.029359616703960943
0.07999999999999999;382;69;1229;188;0.029869757035016476
0.07999999999999999;383;85;1242;217;0.031044509844829298
0.07999999999999999;384;92;1190;211;0.03026000375563616
0.07999999999999999;385;76;1225;226;0.030231366258925016
0.07999999999999999;386;72;1231;208;0.03048386536153936
0.07999999999999999;387;79;1212;202;0.029038322394084812
0.07999999999999999;388;93;1189;261;0.031057788715323206
0.07999999999999999;389;75;1216;188;0.030291868448581886
0.07999999999999999;390;69;1212;225;0.030347146090261443
0.07999999999999999;391;74;1173;215;0.031291841633476994
0.07999999999999999;392;64;1229;172;0.030270806127337554
0.07999999999999999;393;65;1219;214;0.02997011005136891
0.07999999999999999;394;62;1260;201;0.029620274192464352
0.07999999999999999;395;68;1140;199;0.030140618605687314
0.07999999999999999;396;70;1261;203;0.031214684549836846
0.07999999999999999;397;79;1258;192;0.0293240576975816
0.07999999999999999;398;64;1250;205;0.030546889977948726
0.07999999999999999;399;93;1272;217;0.02996370903029824
0.15;400;86;1184;235;0.031117668159246072
0.15;401;83;1237;205;0.030785342745133427
0.15;402;84;1193;214;0.03016427218775216
0.15;403;79;1228;229;0.03003614271410197
0.15;404;82;1216;225;0.02981204838200548
0.15;405;78;1242;198;0.030865154834497772
0.15;406;85;1231;229;0.029837448059105445
0.15;407;76;1241;238;0.03101445508551929
0.15;408;71;1212;219;0.030311124727047476
0.15;409;72;1219;219;0.0294510824596886
0.15;410;82;1198;227;0.03065148043048573
0.15;411;64;1205;216;0.03032714951395603
0.15;412;84;1274;221;0.03083457914894699
0.15;413;82;1231;219;0.030013368064237947
0.15;414;68;1204;202;0.03032010008311052
0.15;415;79;1220;216;0.029900127897430413
0.15;416;56;1216;178;0.029435148286409266
0.15;417;78;1207;219;0.030609596295600394
0.15;418;68;1222;188;0.03110123729593864
0.15;419;70;1211;195;0.03024483195868979
0.15;420;78;1244;227;0.0296199573640576
0.15;421;76;1266;205;0.029703601971165585
0.15;422;92;1208;227;0.030723163293566197
0.15;423;67;1278;211;0.03032028288568687
0.15;424;73;1211;192;0.02971323974313051
0.15;425;79;1190;211;0.03015765126652881
0.15;426;73;1226;222;0.030962007634703664
0.15;427;76;1198;216;0.030716961977027005
0.15;428;76;1255;212;0.030662640947634854
0.15;429;73;1226;218;0.030496331635447835
0.15;430;74;1179;205;0.029666256780271356
0.15;431;79;1161;216;0.030193359340152937
0.15;432;73;1273;230;0.03028328813921553
0.15;433;86;1219;234;0.03119035673915819
0.15;434;71;1251;215;0.030571281759311557
0.15;435;72;1190;220;0.03189568369031128
0.15;436;88;1236;235;0.03000111577419684
0.15;437;86;1197;229;0.03072742451102434
0.15;438;67;1197;196;0.030146664069367432
0.15;439;76;1177;193;0.030834947462486266
0.15;440;77;1195;220;0.03089197441723497
0.15;441;72;1164;205;0.02936272254725829
0.15;442;81;1205;238;0.03107836527669939
0.15;443;78;1223;212;0.029657276059709144
0.15;444;75;1221;213;0.03160421840061457
0.15;445;71;1242;216;0.03082983653666261
0.15;446;66;1203;202;0.030962852931600757
0.15;447;78;1198;218;0.03042359460365641
0.15;448;64;1245;187;0.0306388857319866
0.15;449;65;1221;227;0.03055733863579781
0.15;450;78;1215;213;0.030057126925482014
0.15;451;93;1201;249;0.030204844168570853
0.15;452;70;1242;210;0.029991310195493278
0.15;453;68;1213;184;0.03102963817318707
0.15;454;78;1248;208;0.030341249943495196
0.15;455;80;1227;235;0.030383613609472483
0.15;456;73;1221;197;0.029909492560761315
0.15;457;64;1205;212;0.031115848899473626
0.15;458;66;1186;215;0.030759190618785705
0.15;459;87;1252;237;0.029696802556393613
0.15;460;78;1227;202;0.029642100019777476
0.15;461;86;1206;192;0.030444839219039795
0.15;462;93;1245;243;0.02972697774530546
0.15;463;72;1255;210;0.030664983590676438
0.15;464;71;1179;231;0.030181297176318567
0.15;465;79;1232;229;0.030045059641683802
0.15;466;68;1164;220;0.03131157343387582
0.15;467;71;1238;209;0.030334519020836576
0.15;468;77;1251;207;0.030139389039571588
0.15;469;77;1290;220;0.03105761363179078
0.15;470;84;1161;215;0.030581562011938034
0.15;471;83;1309;214;0.030279406092853307
0.15;472;78;1273;211;0.029122802115974768
0.15;473;69;1197;201;0.030209300333146432
0.15;474;86;1230;232;0.030326184129240753
0.15;475;72;1158;212;0.030047325254832304
0.15;476;93;1238;235;0.029711942604495344
0.15;477;73;1242;193;0.02972827303893281
0.15;478;85;1195;216;0.02997199237170726
0.15;479;91;1241;214;0.03149929476580493
0.15;480;71;1255;200;0.029704146365343694
0.15;481;72;1278;218;0.030011166166926367
0.15;482;74;1211;232;0.03067474784867057
0.15;483;81;1219;228;0.030276591545747626
0.15;484;68;1257;219;0.03092108054367782
0.15;485;60;1210;212;0.030929316195237328
0.15;486;86;1246;229;0.030360684688362602
0.15;487;78;1191;209;0.03087331740585403
0.15;488;76;1212;210;0.029672854985302335
0.15;489;68;1197;185;0.029928087554598654
0.15;490;70;1213;204;0.03079059261631513
0.15;491;80;1192;223;0.029738939596556158
0.15;492;75;1191;218;0.030332575727379504
0.15;493;90;1251;229;0.02976092512406851
0.15;494;82;1200;244;0.031114131419929535
0.15;495;66;1231;205;0.02997270711281016
0.15;496;67;1220;196;0.03011819919806844
0.15;497;63;1195;213;0.03023104277723239
0.15;498;83;1158;217;0.03009960381455723
0.15;499;82;1228;220;0.030280546822034342
0.15;500;73;1181;218;0.030692918875512395
0.15;501;75;1220;225;0.031139441755376154
0.15;502;78;1178;186;0.03090311677456978
0.15;503;72;1251;218;0.029798546799127586
0.15;504;72;1218;202;0.030817678635155218
0.15;505;78;1179;234;0.03097531145834359
0.15;506;65;1175;194;0.02974876404998042
0.15;507;86;1256;224;0.031073081292062318
0.15;508;87;1219;203;0.030421866421023416
0.15;509;62;1193;187;0.0313739954843981
0.15;510;83;1210;228;0.029861584221480636
0.15;511;78;1256;224;0.030862009039982798
0.15;512;79;1233;207;0.030106835538493415
0.15;513;72;1249;195;0.03098656997740405
0.15;514;75;1225;217;0.03084812311096859
0.15;515;81;1183;215;0.030820109083049198
0.15;516;78;1198;214;0.030232468264806665
0.15;517;77;1221;209;0.03026398268664927
0.15;518;73;1226;223;0.03067196902907639
0.15;519;79;1226;199;0.031294708396155446
0.15;520;74;1243;203;0.030509660507967603
0.15;521;92;1281;230;0.030075609498543283
0.15;522;80;1176;245;0.02946933925099732
0.15;523;77;1226;203;0.030598083659500838
0.15;524;88;1168;242;0.03156695379813597
0.15;525;75;1159;234;0.029679160330402063
0.15;526;62;1235;194;0.03077384442343045
0.15;527;72;1204;187;0.02979808811904804
0.15;528;58;1187;207;0.030521518499756244
0.15;529;66;1191;204;0.029904640758756665
0.15;530;60;1190;197;0.030102844471694964
0.15;531;76;1242;246;0.03125604627795786
0.15;532;63;1227;208;0.030861992744805465
0.15;533;65;1218;192;0.03031457306292473
0.15;534;70;1244;206;0.030114437987447725
0.15;535;79;1259;223;0.030078571345476028
0.15;536;73;1248;208;0.031194433314012348
0.15;537;74;1213;188;0.031042146945376183
0.15;538;85;1225;213;0.030018080569550264
0.15;539;73;1259;219;0.030848078858531754
0.15;540;68;1208;204;0.029766299083658968
0.15;541;76;1200;222;0.030374377926929264
0.15;542;82;1212;215;0.030759682649384345
0.15;543;69;1209;202;0.030773510831236646
0.15;544;93;1143;258;0.030358843132191837
0.15;545;80;1220;213;0.031445870507238335
0.15;546;66;1187;186;0.029327101199268967
0.15;547;68;1223;215;0.030163951894704912
0.15;548;88;1229;236;0.030845257003405947
0.15;549;64;1174;200;0.030697317549319456
0.15;550;79;1173;204;0.030124544912049755
0.15;551;73;1228;209;0.03140627149848042
0.15;552;83;1175;224;0.030610224484059034
0.15;553;74;1212;234;0.03186780611845589
0.15;554;76;1208;192;0.030670165019884895
0.15;555;95;1231;239;0.03126711789275808
0.15;556;67;1188;201;0.030528563871679317
0.15;557;78;1236;188;0.03061140640941981
0.15;558;65;1190;187;0.030886974394006388
0.15;559;69;1272;183;0.029357538766707377
0.15;560;79;1206;197;0.02990106191631019
0.15;561;72;1267;196;0.030676105489790044
0.15;562;83;1225;220;0.029625453407409335
0.15;563;74;1220;216;0.030111531289838497
0.15;564;76;1193;203;0.030151990114904124
0.15;565;75;1186;212;0.03127302612409929
0.15;566;69;1191;198;0.030721114994765198
0.15;567;84;1196;237;0.029799425912163093
0.15;568;81;1198;247;0.030768112174867544
0.15;569;73;1211;206;0.03010250768627318
0.15;570;75;1227;215;0.030844858590783952
0.15;571;84;1188;226;0.030479975062805663
0.15;572;73;1236;207;0.030309033843975774
0.15;573;88;1201;226;0.03088125746398483
0.15;574;75;1251;212;0.02979295560478598
0.15;575;69;1189;216;0.030284710094750835
0.15;576;67;1224;198;0.030180516757827743
0.15;577;69;1235;206;0.02941242482965345
0.15;578;66;1231;196;0.030371852163348777
0.15;579;78;1218;229;0.03091775441488458
0.15;580;78;1210;199;0.031442795094848604
0.15;581;88;1233;229;0.03055611401548248
0.15;582;65;1226;186;0.029571466628692488
0.15;583;76;1210;220;0.031529399300856485
0.15;584;72;1243;184;0.03018363647049692
0.15;585;73;1176;196;0.029740994558731176
0.15;586;75;1227;217;0.03025441116361769
0.15;587;73;1240;207;0.03161033327757063
0.15;588;77;1211;209;0.030715276605062656
0.15;589;87;1230;243;0.030377615280953965
0.15;590;90;1208;236;0.03004947317780788
0.15;591;77;1240;220;0.029653891761076957
0.15;592;82;1212;233;0.030036185264558143
0.15;593;74;1233;225;0.02970448928555046
0.15;594;79;1171;223;0.029319681469007163
0.15;595;77;1245;233;0.030260575288189866
0.15;596;85;1233;216;0.02963545950849622
0.15;597;73;1193;207;0.030067145780951623
0.15;598;80;1187;244;0.032116492983220474
0.15;599;82;1186;211;0.030158963970459987
0.21999999999999997;600;82;1284;240;0.029709075071977415
0.21999999999999997;601;63;1212;211;0.029189261897567622
0.21999999999999997;602;89;1252;236;0.030753618874505145
0.21999999999999997;603;81;1207;194;0.030329056418066595
0.21999999999999997;604;70;1187;211;0.02971935335599469
0.21999999999999997;605;75;1176;189;0.030890145592899827
0.21999999999999997;606;75;1172;204;0.03090264700575472
0.21999999999999997;607;79;1205;213;0.030618829649297186
0.21999999999999997;608;86;1241;247;0.03186948019138395
0.21999999999999997;609;91;1223;230;0.02987341056100505
0.21999999999999997;610;63;1166;190;0.030489817537007885
0.21999999999999997;611;88;1241;210;0.0305624249826315
0.21999999999999997;612;74;1245;231;0.030651932480141874
0.21999999999999997;613;59;1204;187;0.030666618038578904
0.21999999999999997;614;84;1221;221;0.031049037033166367
0.21999999999999997;615;104;1250;243;0.030234923104205613
0.21999999999999997;616;70;1225;190;0.02973637518117367
0.21999999999999997;617;93;1235;239;0.031200837078654096
0.21999999999999997;618;79;1218;216;0.031193334583757854
0.21999999999999997;619;71;1266;184;0.030059323105049524
0.21999999999999997;620;78;1226;227;0.030964651782377485
0.21999999999999997;621;81;1212;232;0.030780561288943853
0.21999999999999997;622;80;1195;228;0.031104914095517102
0.21999999999999997;623;67;1194;215;0.03088913920155452
0.21999999999999997;624;93;1210;243;0.031255702201731045
0.21999999999999997;625;87;1228;233;0.030855073337205968
0.21999999999999997;626;76;1188;214;0.031539334890976364
0.21999999999999997;627;97;1199;225;0.032302701412399305
0.21999999999999997;628;81;1160;206;0.0321468484990872
0.21999999999999997;629;88;1251;233;0.03131972155371973
0.21999999999999997;630;86;1228;202;0.03015204791930936
0.21999999999999997;631;73;1213;219;0.03185547559419961
0.21999999999999997;632;91;1247;236;0.03057609007825893
0.21999999999999997;633;71;1195;221;0.03136825836395805
0.21999999999999997;634;68;1252;230;0.032282600917961174
0.21999999999999997;635;84;1222;233;0.03232651322440582
0.21999999999999997;636;74;1187;212;0.030158967022235392
0.21999999999999997;637;69;1273;206;0.03056770676018914
0.21999999999999997;638;61;1204;194;0.03049520638842619
0.21999999999999997;639;63;1245;204;0.03048282148540166
0.21999999999999997;640;77;1132;227;0.030643120637433883
0.21999999999999997;641;78;1213;214;0.029736174139086264
0.21999999999999997;642;77;1220;247;0.03145277694907636
0.21999999999999997;643;80;1207;210;0.029435497326432327
0.21999999999999997;644;75;1250;220;0.031208180414701348
0.21999999999999997;645;74;1217;222;0.029694903050144866
0.21999999999999997;646;79;1204;219;0.031094319905962616
0.21999999999999997;647;66;1264;203;0.03122570570334263
0.21999999999999997;648;73;1215;229;0.03182537968904856
0.21999999999999997;649;91;1217;231;0.030059948159774943
0.21999999999999997;650;86;1239;225;0.030776933727844877
0.21999999999999997;651;69;1272;195;0.03044853206497532
0.21999999999999997;652;79;1199;229;0.030679630362367878
0.21999999999999997;653;77;1203;203;0.029466785134810186
0.21999999999999997;654;89;1212;214;0.03135762050710445
0.21999999999999997;655;72;1223;218;0.031093580210921953
0.21999999999999997;656;78;1209;198;0.030594770612442392
0.21999999999999997;657;75;1201;209;0.030684912814376023
0.21999999999999997;658;76;1209;209;0.031055181327852864
0.21999999999999997;659;62;1193;204;0.030030582226218152
0.21999999999999997;660;71;1231;220;0.03200541034133738
0.21999999999999997;661;70;1274;205;0.030276534057461744
0.21999999999999997;662;76;1163;202;0.0299529028712457
0.21999999999999997;663;78;1211;239;0.03210041553584797
0.21999999999999997;664;62;1181;191;0.03156277141583253
0.21999999999999997;665;87;1181;223;0.03160108689197188
0.21999999999999997;666;65;1227;183;0.02907179261005226
0.21999999999999997;667;82;1202;220;0.03109115576949012
0.21999999999999997;668;78;1246;196;0.03062907226732794
0.21999999999999997;669;86;1223;234;0.031038034313101988
0.21999999999999997;670;75;1250;240;0.030741214602830934
0.21999999999999997;671;74;1275;198;0.0301500766675035
0.21999999999999997;672;61;1188;198;0.030575946662265447
0.21999999999999997;673;77;1272;223;0.030402833116127955
0.21999999999999997;674;76;1247;215;0.029338289190603682
0.21999999999999997;675;70;1242;233;0.03078177107826564
0.21999999999999997;676;86;1206;236;0.030963942353397247
0.21999999999999997;677;83;1269;232;0.030462568801951227
0.21999999999999997;678;83;1225;216;0.031043758082339876
0.21999999999999997;679;68;1207;219;0.03050882153280711
0.21999999999999997;680;78;1242;243;0.031054589049550493
0.21999999999999997;681;82;1187;206;0.030812380788695467
0.21999999999999997;682;72;1220;215;0.03170091308201536
0.21999999999999997;683;73;1175;200;0.03066532751181935
0.21999999999999997;684;80;1228;224;0.030885390144135095
0.21999999999999997;685;80;1256;229;0.03042811614079343
0.21999999999999997;686;60;1228;175;0.029626687486491405
0.21999999999999997;687;86;1223;240;0.031012187276932057
0.21999999999999997;688;77;1191;196;0.030713184593758523
0.21999999999999997;689;85;1247;206;0.03081220712572702
0.21999999999999997;690;66;1181;194;0.03114465865304502
0.21999999999999997;691;65;1209;175;0.030265052355235512
0.21999999999999997;692;63;1195;207;0.030088747152519166
0.21999999999999997;693;85;1230;223;0.0306669007649717
0.21999999999999997;694;68;1179;195;0.030740327159792837
0.21999999999999997;695;74;1230;220;0.03136456864828362
0.21999999999999997;696;81;1238;211;0.030242910669461914
0.21999999999999997;697;91;1224;248;0.030581320183787626
0.21999999999999997;698;88;1214;233;0.03105362920821572
0.21999999999999997;699;88;1240;240;0.031258177377991095
0.21999999999999997;700;81;1205;213;0.03083544489439797
0.21999999999999997;701;73;1248;202;0.031035932081247244
0.21999999999999997;702;75;1281;220;0.030637952029902618
0.21999999999999997;703;75;1217;216;0.030866581248360305
0.21999999999999997;704;79;1250;197;0.03081608896067725
0.21999999999999997;705;75;1153;210;0.03061370040824076
0.21999999999999997;706;83;1206;231;0.030276106267335474
0.21999999999999997;707;74;1197;213;0.03115665777823665
0.21999999999999997;708;84;1232;225;0.03089186633192031
0.21999999999999997;709;74;1179;205;0.03022991957112698
0.21999999999999997;710;77;1173;215;0.031110676996860643
0.21999999999999997;711;90;1221;227;0.03131745387298297
0.21999999999999997;712;74;1262;231;0.03071608887733559
0.21999999999999997;713;89;1246;247;0.02990565282674558
0.21999999999999997;714;76;1247;216;0.03150008959047577
0.21999999999999997;715;82;1247;222;0.03144184782606666
0.21999999999999997;716;66;1166;190;0.03041463524607092
0.21999999999999997;717;79;1212;206;0.031499097007760685
0.21999999999999997;718;59;1240;208;0.03095600553991119
0.21999999999999997;719;79;1184;223;0.03158183714025644
0.21999999999999997;720;79;1220;245;0.031081860211624217
0.21999999999999997;721;85;1217;238;0.030890539550593985
0.21999999999999997;722;73;1203;218;0.031173929049648417
0.21999999999999997;723;76;1258;238;0.030757005305599255
0.21999999999999997;724;65;1232;215;0.030920304302094335
0.21999999999999997;725;74;1224;217;0.029710780381575364
0.21999999999999997;726;69;1183;205;0.030287765636028006
0.21999999999999997;727;71;1199;197;0.030296582974737408
0.21999999999999997;728;84;1222;241;0.03110504283753455
0.21999999999999997;729;78;1181;213;0.031085836898325267
0.21999999999999997;730;78;1224;210;0.03065708775232675
0.21999999999999997;731;81;1251;193;0.0302594954099215
0.21999999999999997;732;78;1156;218;0.031091204456965702
0.21999999999999997;733;80;1192;217;0.030011116028985076
0.21999999999999997;734;80;1180;204;0.03126718456890459
0.21999999999999997;735;100;1250;261;0.03142390335380357
0.21999999999999997;736;81;1214;215;0.030566108451099933
0.21999999999999997;737;90;1183;231;0.031095092936069553
0.21999999999999997;738;75;1212;212;0.030213645035712222
0.21999999999999997;739;83;1191;228;0.030785561912570973
0.21999999999999997;740;91;1235;212;0.031129519427836396
0.21999999999999997;741;79;1224;205;0.030418778838035877
0.21999999999999997;742;79;1165;223;0.03059739570306502
0.21999999999999997;743;75;1209;194;0.030064697708653353
0.21999999999999997;744;78;1188;214;0.03031969525981583
0.21999999999999997;745;76;1257;220;0.03051039554139071
0.21999999999999997;746;82;1235;217;0.03044511948343699
0.21999999999999997;747;88;1215;242;0.03036279583649826
0.21999999999999997;748;68;1211;193;0.03144063829118218
0.21999999999999997;749;70;1195;215;0.03147324858926107
0.21999999999999997;750;73;1208;232;0.03214103270493634
0.21999999999999997;751;73;1201;218;0.030681358022915134
0.21999999999999997;752;63;1172;209;0.03079475775843642
0.21999999999999997;753;80;1230;210;0.030995838327841356
0.21999999999999997;754;76;1173;199;0.03082784738691584
0.21999999999999997;755;80;1192;236;0.031251797633312504
0.21999999999999997;756;78;1220;216;0.03001824276074737
0.21999999999999997;757;69;1220;222;0.03046843462943556
0.21999999999999997;758;82;1199;200;0.03110432678404757
0.21999999999999997;759;67;1251;211;0.031825340606943316
0.21999999999999997;760;71;1226;199;0.030143996670701112
0.21999999999999997;761;70;1225;208;0.030715250405164523
0.21999999999999997;762;78;1228;212;0.030922289970673273
0.21999999999999997;763;66;1253;209;0.03095683397000083
0.21999999999999997;764;76;1236;200;0.029902472217643312
0.21999999999999997;765;69;1222;214;0.030388777867566916
0.21999999999999997;766;76;1227;225;0.031583672716149286
0.21999999999999997;767;88;1233;226;0.029906119499408457
0.21999999999999997;768;73;1176;224;0.03100242340126306
0.21999999999999997;769;66;1239;206;0.029788459657214886
0.21999999999999997;770;78;1247;217;0.030627765701606618
0.21999999999999997;771;75;1179;213;0.02959574470220895
0.21999999999999997;772;59;1205;206;0.030876038880956982
0.21999999999999997;773;97;1172;228;0.030674405226731
0.21999999999999997;774;69;1158;208;0.030840738703008522
0.21999999999999997;775;82;1183;200;0.029638007553100403
0.21999999999999997;776;85;1216;230;0.031698372756383084
0.21999999999999997;777;88;1221;212;0.030880939594625227
0.21999999999999997;778;90;1209;231;0.030113172682256283
0.21999999999999997;779;72;1208;234;0.031063704371722775
0.21999999999999997;780;83;1231;225;0.030245047964468058
0.21999999999999997;781;79;1216;195;0.030394076595495485
0.21999999999999997;782;80;1185;230;0.0315130870328151
0.21999999999999997;783;76;1207;197;0.030930290656300447
0.21999999999999997;784;75;1259;228;0.030810152100947952
0.21999999999999997;785;80;1192;205;0.030634877164215892
0.21999999999999997;786;79;1231;239;0.030695111737656756
0.21999999999999997;787;83;1226;237;0.031460805893740916
0.21999999999999997;788;71;1195;208;0.031145407811616094
0.21999999999999997;789;81;1279;200;0.030325725181126115
0.21999999999999997;790;79;1198;231;0.031285292696342754
0.21999999999999997;791;70;1233;203;0.03143408326696756
0.21999999999999997;792;66;1190;183;0.030509553053803627
0.21999999999999997;793;83;1186;244;0.031230323061807345
0.21999999999999997;794;96;1232;240;0.030656759755930865
0.21999999999999997;795;65;1238;216;0.031649431187474174
0.21999999999999997;796;85;1175;217;0.031117066681185197
0.21999999999999997;797;91;1170;223;0.030941862363806007
0.21999999999999997;798;78;1189;209;0.031091762212265877
0.21999999999999997;799;77;1234;221;0.030569998886553117
0.29;800;78;1240;232;0.03172170012775675
0.29;801;69;1217;195;0.03089469185442459
0.29;802;88;1188;228;0.030932062820355304
0.29;803;78;1229;224;0.03136999457343189
0.29;804;78;1222;240;0.03056237759320066
0.29;805;97;1239;218;0.03101869647421679
0.29;806;78;1170;224;0.03110423367280648
0.29;807;85;1145;228;0.030726105926926425
0.29;808;90;1245;243;0.030326231005460426
0.29;809;94;1208;242;0.032595178223583925
0.29;810;81;1231;220;0.031223225640361948
0.29;811;70;1204;201;0.030356890696365747
0.29;812;73;1220;214;0.03082988641663422
0.29;813;65;1186;192;0.03228722963911202
0.29;814;80;1208;234;0.03103862071037322
0.29;815;77;1188;223;0.030592652982078677
0.29;816;83;1210;225;0.03038032938345118
0.29;817;86;1242;225;0.02953706203999523
0.29;818;77;1241;225;0.03176920802555082
0.29;819;84;1203;211;0.030479303363729882
0.29;820;75;1236;208;0.03205588956321197
0.29;821;74;1207;200;0.03094586190610059
0.29;822;68;1182;200;0.030944290789386503
0.29;823;74;1230;220;0.03144694834666825
0.29;824;83;1193;205;0.03113278607459699
0.29;825;81;1172;239;0.03104837555450343
0.29;826;82;1230;231;0.030481312283807117
0.29;827;75;1217;211;0.03107133177627395
0.29;828;71;1241;219;0.03183708049340917
0.29;829;87;1283;238;0.030978293925422958
0.29;830;92;1262;234;0.030354180429775165
0.29;831;68;1218;207;0.03116373009260998
0.29;832;68;1252;212;0.03074644085919041
0.29;833;84;1245;240;0.031710866729864874
0.29;834;77;1216;220;0.030840047383927288
0.29;835;75;1225;220;0.031415135212691264
0.29;836;87;1271;215;0.029785365779108213
0.29;837;79;1209;218;0.031338206444522974
0.29;838;66;1228;205;0.031097085322007598
0.29;839;73;1216;220;0.031241814049716682
0.29;840;79;1240;224;0.0322029506355537
0.29;841;79;1251;226;0.03002947653965388
0.29;842;70;1180;194;0.03176406754769622
0.29;843;81;1264;211;0.03174789860381803
0.29;844;84;1242;220;0.031025076471846838
0.29;845;79;1221;222;0.030840310445359086
0.29;846;79;1260;239;0.03168614546763199
0.29;847;83;1182;250;0.03088068967662288
0.29;848;69;1228;198;0.03226051481033653
0.29;849;84;1222;232;0.030607986783454548
0.29;850;76;1193;212;0.030828176934473026
0.29;851;70;1185;200;0.03133903585504121
0.29;852;75;1204;220;0.032339656949341045
0.29;853;94;1227;264;0.03284590224096005
0.29;854;84;1217;236;0.03213105218286665
0.29;855;96;1218;219;0.02992556138378396
0.29;856;66;1190;182;0.03080717603609966
0.29;857;83;1174;210;0.030753372324491376
0.29;858;82;1214;237;0.030370843483860554
0.29;859;74;1236;210;0.031760628354432247
0.29;860;75;1197;193;0.031075623140255245
0.29;861;84;1226;226;0.031228961648797262
0.29;862;66;1214;207;0.0302547088354867
0.29;863;85;1192;231;0.03077356974453611
0.29;864;71;1201;226;0.031636710623325355
0.29;865;80;1224;210;0.030741073721216733
0.29;866;67;1178;173;0.03130484908046948
0.29;867;77;1217;221;0.03085984901748181
0.29;868;83;1169;214;0.03239773385091844
0.29;869;74;1219;202;0.029629847553594834
0.29;870;75;1266;235;0.031294555030975196
0.29;871;89;1218;215;0.030701956098005988
0.29;872;75;1230;241;0.03110539563002463
0.29;873;98;1260;261;0.030851016232243247
0.29;874;81;1211;200;0.03078766615466563
0.29;875;88;1243;213;0.030353951454285735
0.29;876;82;1271;228;0.03098564092670775
0.29;877;87;1221;214;0.030322313306226728
0.29;878;65;1215;186;0.03215470895956375
0.29;879;62;1235;167;0.030721752536870532
0.29;880;75;1181;202;0.030712903041004914
0.29;881;79;1202;205;0.03130934445904482
0.29;882;64;1188;192;0.03186803227765755
0.29;883;81;1224;214;0.030755191500097902
0.29;884;76;1201;199;0.031650540989249014
0.29;885;67;1234;197;0.031801258903290025
0.29;886;80;1183;190;0.03207605043848156
0.29;887;85;1250;217;0.030704781785837378
0.29;888;82;1204;216;0.03150577824376666
0.29;889;69;1218;222;0.030460939814113738
0.29;890;87;1256;232;0.03028227537765197
0.29;891;75;1229;212;0.03159715887470561
0.29;892;83;1188;211;0.03126957669769323
0.29;893;77;1237;229;0.030948152323969278
0.29;894;82;1212;214;0.030711630733231975
0.29;895;77;1182;238;0.03160655378501693
0.29;896;91;1217;229;0.031887985681639044
0.29;897;88;1174;231;0.03055040978408013
0.29;898;89;1186;232;0.031083463037392362
0.29;899;78;1230;216;0.030410235909277574
0.29;900;81;1231;214;0.031036423937315944
0.29;901;75;1227;223;0.031919654120648226
0.29;902;85;1215;239;0.030301559684412727
0.29;903;87;1156;232;0.03159745902282592
0.29;904;70;1251;176;0.03061211810593752
0.29;905;67;1226;194;0.031195348385556727
0.29;906;89;1231;244;0.03086168246769734
0.29;907;95;1186;233;0.031973924114118625
0.29;908;86;1271;225;0.030811111644623884
0.29;909;73;1234;213;0.030711151109449907
0.29;910;69;1280;194;0.030377227700218983
0.29;911;61;1202;212;0.03008524674723804
0.29;912;83;1194;222;0.03117477542697134
0.29;913;79;1234;208;0.03042925858581603
0.29;914;72;1168;207;0.03026386145971034
0.29;915;65;1195;173;0.030168980230250574
0.29;916;70;1221;202;0.03143834274822862
0.29;917;65;1191;200;0.031264075921335614
0.29;918;95;1179;213;0.03063695238192046
0.29;919;73;1182;215;0.031609593943915826
0.29;920;68;1155;202;0.03001642719500913
0.29;921;77;1228;206;0.03073580708962741
0.29;922;78;1209;209;0.03200373097648904
0.29;923;72;1233;201;0.03052001735068259
0.29;924;91;1256;225;0.031298016081087135
0.29;925;73;1234;223;0.030056873983717616
0.29;926;76;1226;222;0.03149038848070835
0.29;927;81;1202;207;0.031101351417907132
0.29;928;70;1179;200;0.031003510700741015
0.29;929;87;1252;242;0.031227088768952114
0.29;930;85;1230;220;0.03191244773210668
0.29;931;90;1220;224;0.03087918909520824
0.29;932;72;1184;209;0.03116746329625984
0.29;933;71;1247;201;0.03171309622684153
0.29;934;80;1191;225;0.03112251024344995
0.29;935;79;1217;245;0.031909417878930264
0.29;936;85;1229;198;0.03100454258079711
0.29;937;72;1255;194;0.030615891175778936
0.29;938;86;1158;245;0.031050490399632934
0.29;939;81;1257;245;0.030746578811925048
0.29;940;87;1252;220;0.03161047671854804
0.29;941;84;1176;222;0.030609855667990443
0.29;942;85;1190;265;0.03321424103974923
0.29;943;68;1273;222;0.03095281226126779
0.29;944;80;1177;237;0.03136730337151443
0.29;945;77;1207;225;0.03035791631373381
0.29;946;85;1235;224;0.030357897940132692
0.29;947;85;1189;244;0.03134202338521829
0.29;948;77;1215;209;0.030678928280416726
0.29;949;78;1191;218;0.03014900907645376
0.29;950;64;1189;190;0.031045411267095386
0.29;951;78;1208;193;0.032241444898255686
0.29;952;85;1255;227;0.031140180656085082
0.29;953;77;1225;200;0.03125233041855061
0.29;954;75;1247;203;0.03260410352185136
0.29;955;86;1220;234;0.031183585770025016
0.29;956;88;1229;223;0.03146729244142904
0.29;957;72;1203;211;0.031139994708617825
0.29;958;80;1259;224;0.030561097106391315
0.29;959;81;1168;229;0.03135109096775434
0.29;960;80;1243;224;0.030974080230516808
0.29;961;82;1214;222;0.031188856078927615
0.29;962;72;1209;198;0.031056372963873903
0.29;963;75;1264;230;0.030252041749995073
0.29;964;82;1208;222;0.03120638585467882
0.29;965;51;1203;188;0.031480852418174554
0.29;966;59;1214;200;0.030850687738117683
0.29;967;90;1213;240;0.03192858285544032
0.29;968;83;1178;238;0.03159746848127936
0.29;969;80;1227;200;0.02972807162279565
0.29;970;84;1236;222;0.030069432081193125
0.29;971;82;1265;236;0.031149720758126186
0.29;972;67;1233;217;0.03068500774587352
0.29;973;79;1226;224;0.031680059616574226
0.29;974;70;1226;255;0.031345364247008685
0.29;975;63;1230;183;0.031022317313021568
0.29;976;82;1265;230;0.030608833591375784
0.29;977;87;1205;214;0.030827137315022596
0.29;978;80;1218;217;0.03154629449611167
0.29;979;86;1218;219;0.030420995160879517
0.29;980;88;1251;220;0.030572851472084658
0.29;981;79;1203;224;0.031043162275018257
0.29;982;71;1244;217;0.03151713593409438
0.29;983;76;1157;217;0.03176873337319179
0.29;984;75;1193;219;0.03135846524022543
0.29;985;81;1204;242;0.03263218866534704
0.29;986;70;1244;223;0.03043439555773823
0.29;987;82;1251;223;0.030821860631318646
0.29;988;89;1175;257;0.030987309246061818
0.29;989;92;1200;238;0.03127549395700885
0.29;990;69;1245;214;0.03125353671628354
0.29;991;80;1255;238;0.031539866182800524
0.29;992;70;1201;208;0.03057864793304099
0.29;993;86;1249;228;0.032300111016033
0.29;994;75;1181;202;0.031361252793079046
0.29;995;70;1198;222;0.03107130692979727
0.29;996;80;1230;239;0.030759407067724807
0.29;997;63;1227;215;0.03139714140085026
0.29;998;74;1156;226;0.031655193400951846
0.29;999;85;1264;215;0.03112192602126794
0.36;1000;82;1222;211;0.032484078484556075
0.36;1001;90;1204;224;0.03288320695938309
0.36;1002;80;1226;207;0.03066525679021042
0.36;1003;88;1165;234;0.0316939411005296
0.36;1004;73;1214;208;0.03168557987552011
0.36;1005;88;1222;227;0.0308849573879922
0.36;1006;84;1232;232;0.03202737300238708
0.36;1007;89;1255;227;0.031372146866654155
0.36;1008;78;1201;250;0.031001431368530563
0.36;1009;82;1188;236;0.03111495014440388
0.36;1010;72;1211;200;0.0313325193232837
0.36;1011;77;1205;213;0.03129226396900205
0.36;1012;62;1228;225;0.03126618294018436
0.36;1013;69;1211;221;0.032402751297179025
0.36;1014;84;1213;247;0.03241843950657697
0.36;1015;75;1277;217;0.032030969402950506
0.36;1016;78;1235;220;0.031232352188369283
0.36;1017;87;1186;236;0.031895238725070496
0.36;1018;84;1207;220;0.03147949806604463
0.36;1019;85;1205;220;0.03081758557271863
0.36;1020;78;1258;209;0.03020605562653561
0.36;1021;88;1209;240;0.03149476270101265
0.36;1022;67;1234;201;0.03154876341577072
0.36;1023;90;1237;236;0.030280762495019202
0.36;1024;72;1255;191;0.0311891638542587
0.36;1025;72;1156;208;0.03049645843215095
0.36;1026;82;1179;201;0.03086952311354649
0.36;1027;77;1193;204;0.031287480881256734
0.36;1028;78;1203;212;0.031362434610761505
0.36;1029;84;1210;255;0.03157893594195855
0.36;1030;83;1227;236;0.03223051930175021
0.36;1031;67;1224;204;0.03215579603313137
0.36;1032;65;1220;183;0.03193929190004654
0.36;1033;89;1198;225;0.03250237265372963
0.36;1034;88;1258;247;0.03091038659840191
0.36;1035;70;1272;200;0.030931855942008098
0.36;1036;84;1218;194;0.03038741515023325
0.36;1037;74;1234;208;0.03153313502325091
0.36;1038;85;1222;235;0.030941807281675626
0.36;1039;84;1177;212;0.030296518014291438
0.36;1040;85;1257;226;0.031592627605581916
0.36;1041;80;1217;232;0.030477548792180682
0.36;1042;85;1168;221;0.03139841364601841
0.36;1043;79;1226;224;0.03170852856431192
0.36;1044;85;1234;234;0.031397451527094396
0.36;1045;77;1220;223;0.031485534674880224
0.36;1046;73;1224;210;0.031531242376870654
0.36;1047;106;1236;260;0.031557218163507796
0.36;1048;68;1232;215;0.030671622170009204
0.36;1049;86;1223;205;0.03202305872792239
0.36;1050;77;1228;233;0.030640896057080928
0.36;1051;85;1199;254;0.031577218074907064
0.36;1052;105;1250;248;0.0313667079234179
0.36;1053;83;1198;235;0.03250544217856898
0.36;1054;69;1276;202;0.031981073243247476
0.36;1055;66;1234;228;0.030530977248811843
0.36;1056;74;1267;218;0.031060041736948003
0.36;1057;88;1260;254;0.03131374420746015
0.36;1058;78;1245;205;0.031161206251048124
0.36;1059;95;1182;228;0.03230659093032708
0.36;1060;65;1235;195;0.03137620148793891
0.36;1061;80;1237;227;0.030895643660860943
0.36;1062;90;1204;236;0.03128820960328365
0.36;1063;76;1188;255;0.031199607175761222
0.36;1064;67;1257;194;0.03210697609420148
0.36;1065;82;1221;229;0.03261412484012586
0.36;1066;79;1249;237;0.031083025067312326
0.36;1067;75;1218;194;0.0318760028084662
0.36;1068;70;1253;216;0.03120442083867759
0.36;1069;67;1215;209;0.031168955003158836
0.36;1070;85;1167;241;0.030964067324781797
0.36;1071;86;1236;222;0.03100391217609429
0.36;1072;58;1207;177;0.031192171324197968
0.36;1073;85;1236;220;0.03223015638387692
0.36;1074;84;1203;220;0.03229816249814362
0.36;1075;84;1234;204;0.03213731874099864
0.36;1076;78;1212;212;0.031838008821382574
0.36;1077;85;1177;209;0.031837301308041015
0.36;1078;75;1166;224;0.03176697521783701
0.36;1079;66;1214;229;0.0313780090160367
0.36;1080;84;1243;241;0.031471356166107384
0.36;1081;87;1210;225;0.03212725204576532
0.36;1082;89;1201;229;0.03092825348763071
0.36;1083;75;1239;230;0.031029783017664857
0.36;1084;92;1227;223;0.03250696804627192
0.36;1085;91;1198;224;0.03187976608965224
0.36;1086;84;1191;226;0.03144250834204932
0.36;1087;101;1248;232;0.031499964575062656
0.36;1088;71;1238;229;0.03170241738306838
0.36;1089;77;1209;252;0.032042166338838406
0.36;1090;75;1192;214;0.03277139724359222
0.36;1091;74;1254;238;0.03040054845921667
0.36;1092;78;1219;196;0.031978728305696744
0.36;1093;72;1209;204;0.031131532239593435
0.36;1094;74;1245;214;0.03081430767287978
0.36;1095;91;1178;238;0.031394239279152795
0.36;1096;61;1202;208;0.03145431317439999
0.36;1097;62;1245;196;0.031588002950391846
0.36;1098;89;1226;211;0.0310818157552227
0.36;1099;75;1243;214;0.031227055221849508
0.36;1100;76;1189;226;0.03152909472455861
0.36;1101;115;1244;293;0.03125761785834215
0.36;1102;80;1249;208;0.030725078321652062
0.36;1103;70;1182;202;0.03130478819004149
0.36;1104;77;1222;206;0.03208294209951414
0.36;1105;77;1193;223;0.03347943275527967
0.36;1106;95;1312;251;0.03132129211840125
0.36;1107;65;1243;202;0.030325786150891914
0.36;1108;75;1216;197;0.031058227710391063
0.36;1109;84;1220;247;0.031854179734452814
0.36;1110;94;1226;242;0.031000706172059696
0.36;1111;68;1200;204;0.03161545126530811
0.36;1112;55;1165;176;0.031972436974070456
0.36;1113;84;1288;212;0.030848023959096492
0.36;1114;68;1169;211;0.03139189806859444
0.36;1115;77;1165;219;0.031687542905669545
0.36;1116;86;1212;235;0.03085138644152419
0.36;1117;89;1207;221;0.030776861674448187
0.36;1118;80;1217;233;0.030691142327944787
0.36;1119;84;1223;215;0.031333298640462505
0.36;1120;76;1168;216;0.030927745928279064
0.36;1121;77;1174;216;0.0309854296413782
0.36;1122;78;1221;228;0.031221049053525615
0.36;1123;81;1261;217;0.03217171223114292
0.36;1124;67;1217;209;0.03100686000511891
0.36;1125;57;1223;184;0.0315051372668615
0.36;1126;85;1202;215;0.031369991258634294
0.36;1127;68;1240;198;0.031108170866296404
0.36;1128;83;1213;212;0.03142735366511013
0.36;1129;88;1198;235;0.031905422637686656
0.36;1130;85;1201;232;0.03177497954719169
0.36;1131;82;1210;204;0.031025257540234805
0.36;1132;72;1184;241;0.03204120115174709
0.36;1133;81;1212;233;0.03154155422638729
0.36;1134;78;1189;219;0.0318248973427634
0.36;1135;69;1268;218;0.03116804419202904
0.36;1136;69;1177;197;0.031680926992399966
0.36;1137;77;1249;181;0.03117148395060328
0.36;1138;78;1281;225;0.031742985289705095
0.36;1139;78;1239;215;0.03081641050309216
0.36;1140;90;1166;265;0.031408805446822896
0.36;1141;97;1207;248;0.03238655153218658
0.36;1142;85;1262;238;0.032045937631292404
0.36;1143;71;1244;221;0.031210853415044378
0.36;1144;77;1259;206;0.030965977628723777
0.36;1145;80;1223;249;0.03222762025027622
0.36;1146;80;1224;223;0.031909174298704795
0.36;1147;73;1212;210;0.03088156888436693
0.36;1148;78;1199;217;0.03155514479978557
0.36;1149;91;1266;242;0.031007772764584902
0.36;1150;72;1207;224;0.032251256210108846
0.36;1151;91;1220;227;0.031008081189720708
0.36;1152;75;1260;207;0.03160282875704144
0.36;1153;82;1272;207;0.031897802409764114
0.36;1154;66;1232;188;0.03151149056449737
0.36;1155;87;1195;224;0.03256459089482013
0.36;1156;73;1171;210;0.030369570786800755
0.36;1157;69;1203;199;0.031227603823642137
0.36;1158;80;1199;243;0.03110390664448347
0.36;1159;64;1211;220;0.032402933485112605
0.36;1160;69;1263;194;0.03181058419921701
0.36;1161;74;1246;217;0.03100536105586709
0.36;1162;71;1223;215;0.0304137333404501
0.36;1163;72;1218;229;0.031510722696723587
0.36;1164;77;1165;206;0.031003582761123215
0.36;1165;77;1213;215;0.03141018753179775
0.36;1166;76;1241;187;0.030947856041797846
0.36;1167;94;1280;271;0.031009996551926704
0.36;1168;76;1211;226;0.03160899534812239
0.36;1169;79;1232;226;0.03132049058831452
0.36;1170;77;1193;224;0.03228618344307504
0.36;1171;71;1239;216;0.030795668535113833
0.36;1172;80;1243;214;0.03187962145861607
0.36;1173;64;1225;201;0.031068624347660542
0.36;1174;95;1196;227;0.031619509556570405
0.36;1175;73;1213;216;0.03195045755721251
0.36;1176;75;1229;208;0.031686649108923166
0.36;1177;72;1244;227;0.031123097031202765
0.36;1178;75;1220;210;0.03092381170091655
0.36;1179;90;1179;222;0.030858934705713378
0.36;1180;73;1170;220;0.03253850753874274
0.36;1181;65;1233;219;0.031801094666622995
0.36;1182;76;1226;196;0.030580044391670076
0.36;1183;76;1212;221;0.03238253454708602
0.36;1184;91;1210;228;0.031176288389961747
0.36;1185;73;1247;197;0.03034039669695035
0.36;1186;78;1233;211;0.03155478349210052
0.36;1187;84;1235;216;0.030917976072101262
0.36;1188;93;1248;243;0.031376629935282216
0.36;1189;82;1227;213;0.031544172824766986
0.36;1190;73;1194;227;0.031890626447304296
0.36;1191;75;1232;231;0.03100386341103544
0.36;1192;68;1220;196;0.03230189743704592
0.36;1193;70;1248;218;0.03139983326357021
0.36;1194;77;1243;215;0.0316943020066075
0.36;1195;84;1194;213;0.030893416692900442
0.36;1196;84;1222;225;0.030708268459654575
0.36;1197;79;1232;244;0.0318534771770272
0.36;1198;79;1223;212;0.03186488049897305
0.36;1199;78;1187;197;0.03187950988087113
0.42999999999999994;1200;71;1233;229;0.03239790750869756
0.42999999999999994;1201;85;1269;228;0.03132864575399315
0.42999999999999994;1202;83;1200;230;0.032360856047474885
0.42999999999999994;1203;75;1230;232;0.03197696472631861
0.42999999999999994;1204;78;1239;225;0.031014630893117474
0.42999999999999994;1205;81;1221;223;0.032167297430068034
0.42999999999999994;1206;89;1182;226;0.0307903786495894
0.42999999999999994;1207;81;1172;233;0.03157795573758448
0.42999999999999994;1208;64;1212;198;0.03242538697082731
0.42999999999999994;1209;96;1219;264;0.032766978789407375
0.42999999999999994;1210;81;1227;223;0.031165320636364464
0.42999999999999994;1211;89;1179;227;0.032160990482073264
0.42999999999999994;1212;72;1206;230;0.03231320414825412
0.42999999999999994;1213;91;1251;222;0.03100947769494822
0.42999999999999994;1214;93;1229;229;0.03185956841151955
0.42999999999999994;1215;93;1178;248;0.03294969421346246
0.42999999999999994;1216;79;1247;218;0.030544490757679756
0.42999999999999994;1217;86;1207;221;0.03268874765053484
0.42999999999999994;1218;75;1235;249;0.03235961897218217
0.42999999999999994;1219;96;1229;254;0.03258605267471987
0.42999999999999994;1220;80;1241;208;0.03186605873859119
0.42999999999999994;1221;66;1227;224;0.03246121128812035
0.42999999999999994;1222;75;1207;225;0.03219996522886034
0.42999999999999994;1223;83;1221;231;0.031988118838377856
0.42999999999999994;1224;64;1208;178;0.031412828170648756
0.42999999999999994;1225;73;1205;213;0.032024623824965064
0.42999999999999994;1226;91;1210;242;0.03154604030728312
0.42999999999999994;1227;81;1217;246;0.031182044675287485
0.42999999999999994;1228;72;1186;199;0.03104521387972851
0.42999999999999994;1229;76;1250;212;0.03241792338861957
0.42999999999999994;1230;79;1199;228;0.030201221735090593
0.42999999999999994;1231;80;1261;242;0.03282983135288635
0.42999999999999994;1232;81;1213;202;0.03206924245966659
0.42999999999999994;1233;81;1236;243;0.03175110968352263
0.42999999999999994;1234;82;1237;225;0.031336932350753244
0.42999999999999994;1235;71;1184;228;0.032654894517921675
0.42999999999999994;1236;72;1203;210;0.031170263494460018
0.42999999999999994;1237;67;1226;196;0.031417869350136914
0.42999999999999994;1238;65;1217;203;0.03144677896492244
0.42999999999999994;1239;90;1207;208;0.031251313132100646
0.42999999999999994;1240;72;1204;227;0.03127350853736582
0.42999999999999994;1241;80;1231;225;0.03151014711533862
0.42999999999999994;1242;65;1219;199;0.03120291068214159
0.42999999999999994;1243;87;1224;206;0.03119328215529821
0.42999999999999994;1244;80;1200;223;0.03140082377627718
0.42999999999999994;1245;65;1255;204;0.03199233237816584
0.42999999999999994;1246;84;1193;214;0.031429193363222
0.42999999999999994;1247;78;1226;216;0.031944218070208565
0.42999999999999994;1248;90;1239;217;0.03103610628170678
0.42999999999999994;1249;89;1200;214;0.03161193443750185
0.42999999999999994;1250;91;1235;232;0.03210241801029417
0.42999999999999994;1251;90;1207;232;0.031590691232611524
0.42999999999999994;1252;75;1240;212;0.032474399026624905
0.42999999999999994;1253;63;1227;190;0.031807731155633415
0.42999999999999994;1254;82;1261;208;0.03145957229270041
0.42999999999999994;1255;65;1228;208;0.03152346620562198
0.42999999999999994;1256;90;1174;231;0.03237072088522712
0.42999999999999994;1257;73;1207;213;0.031190185527993384
0.42999999999999994;1258;82;1187;231;0.0318965523388237
0.42999999999999994;1259;84;1181;238;0.03304318048361502
0.42999999999999994;1260;80;1226;229;0.03200157136352233
0.42999999999999994;1261;72;1206;222;0.03174263750147601
0.42999999999999994;1262;84;1169;222;0.03179077909893976
0.42999999999999994;1263;95;1202;260;0.03198006228656536
0.42999999999999994;1264;76;1183;201;0.03167930997762757
0.42999999999999994;1265;73;1177;217;0.03199641589400669
0.42999999999999994;1266;56;1191;182;0.031051830581958064
0.42999999999999994;1267;71;1288;209;0.031446733042867214
0.42999999999999994;1268;68;1245;213;0.03262454594060465
0.42999999999999994;1269;77;1262;238;0.032032150114677284
0.42999999999999994;1270;80;1231;224;0.0322205394390944
0.42999999999999994;1271;69;1271;224;0.031982928917403654
0.42999999999999994;1272;73;1225;218;0.03082234684831824
0.42999999999999994;1273;78;1192;232;0.03220377877191105
0.42999999999999994;1274;73;1185;198;0.03152744122194158
0.42999999999999994;1275;74;1247;200;0.03160100639443976
0.42999999999999994;1276;84;1261;233;0.03113115759412406
0.42999999999999994;1277;90;1206;248;0.030701331882590704
0.42999999999999994;1278;85;1244;249;0.03161968952531116
0.42999999999999994;1279;92;1265;234;0.032563768662862556
0.42999999999999994;1280;80;1249;244;0.031712278458301844
0.42999999999999994;1281;79;1213;203;0.031292557354947605
0.42999999999999994;1282;73;1204;208;0.03153493857300425
0.42999999999999994;1283;68;1256;210;0.03128400152836506
0.42999999999999994;1284;79;1218;228;0.03188108579683246
0.42999999999999994;1285;71;1194;203;0.032129051596780166
0.42999999999999994;1286;93;1250;232;0.03167398762116069
0.42999999999999994;1287;80;1214;194;0.03155347313068747
0.42999999999999994;1288;79;1185;229;0.03096024866654506
0.42999999999999994;1289;77;1264;220;0.03280195788535345
0.42999999999999994;1290;87;1230;228;0.03175088058141831
0.42999999999999994;1291;80;1283;217;0.0317818378439761
0.42999999999999994;1292;91;1200;221;0.032476495209167365
0.42999999999999994;1293;82;1220;240;0.031600504839432865
0.42999999999999994;1294;74;1235;201;0.03135007826664851
0.42999999999999994;1295;62;1231;213;0.03141944170349635
0.42999999999999994;1296;74;1224;193;0.03175395816914643
0.42999999999999994;1297;84;1220;216;0.03212377844982308
0.42999999999999994;1298;77;1269;201;0.031038813026020688
0.42999999999999994;1299;88;1214;216;0.03200115542295123
0.42999999999999994;1300;72;1218;207;0.03152866634126431
0.42999999999999994;1301;70;1192;196;0.03176549698209978
0.42999999999999994;1302;81;1247;218;0.03139552124192872
0.42999999999999994;1303;74;1238;193;0.03167972431539795
0.42999999999999994;1304;81;1231;236;0.030757858910864667
0.42999999999999994;1305;72;1207;213;0.03264357996093304
0.42999999999999994;1306;78;1220;225;0.03138617925583606
0.42999999999999994;1307;93;1200;272;0.03188761052273847
0.42999999999999994;1308;78;1240;213;0.0319546374445869
0.42999999999999994;1309;72;1198;221;0.031205101717706765
0.42999999999999994;1310;81;1198;229;0.03168277223069089
0.42999999999999994;1311;84;1213;218;0.0322780891524279
0.42999999999999994;1312;74;1243;224;0.032197172318217074
0.42999999999999994;1313;70;1245;212;0.03131224307439856
0.42999999999999994;1314;84;1181;222;0.03205961170535619
0.42999999999999994;1315;86;1241;209;0.03145199045448478
0.42999999999999994;1316;100;1218;237;0.03258053694759803
0.42999999999999994;1317;75;1203;213;0.03071390393196635
0.42999999999999994;1318;80;1217;217;0.03232536029249207
0.42999999999999994;1319;74;1240;206;0.031447590666885905
0.42999999999999994;1320;78;1242;225;0.03245459419199357
0.42999999999999994;1321;81;1217;225;0.03187424752048643
0.42999999999999994;1322;113;1255;271;0.032464179935600905
0.42999999999999994;1323;86;1192;229;0.033122957367649
0.42999999999999994;1324;83;1231;229;0.031323056466730885
0.42999999999999994;1325;84;1260;222;0.031787680672940966
0.42999999999999994;1326;82;1218;221;0.03195048969146584
0.42999999999999994;1327;71;1187;222;0.032839303387727586
0.42999999999999994;1328;78;1216;218;0.031554716484657304
0.42999999999999994;1329;80;1192;211;0.030589240371663717
0.42999999999999994;1330;67;1246;209;0.032072028229035494
0.42999999999999994;1331;92;1235;227;0.03234704339978444
0.42999999999999994;1332;88;1234;220;0.031822413554591235
0.42999999999999994;1333;80;1215;199;0.031597422229465814
0.42999999999999994;1334;82;1237;212;0.03101622422066007
0.42999999999999994;1335;70;1210;240;0.03207667925892281
0.42999999999999994;1336;81;1216;221;0.03177899632726893
0.42999999999999994;1337;85;1197;238;0.03180251311084303
0.42999999999999994;1338;86;1233;233;0.032190137679707166
0.42999999999999994;1339;76;1261;199;0.03200426061950701
0.42999999999999994;1340;71;1162;215;0.031051653960824648
0.42999999999999994;1341;89;1219;229;0.03164810354231224
0.42999999999999994;1342;72;1248;214;0.032560744141696865
0.42999999999999994;1343;65;1200;203;0.03180245071088218
0.42999999999999994;1344;89;1192;220;0.03223299116567854
0.42999999999999994;1345;73;1210;206;0.03140732169639336
0.42999999999999994;1346;80;1231;240;0.03161852551763563
0.42999999999999994;1347;75;1208;226;0.0327477278010024
0.42999999999999994;1348;84;1201;228;0.03222336024544284
0.42999999999999994;1349;81;1212;210;0.031563184888879436
0.42999999999999994;1350;81;1208;232;0.031754421070763234
0.42999999999999994;1351;83;1214;222;0.03098889374157997
0.42999999999999994;1352;87;1199;220;0.03086403840146054
0.42999999999999994;1353;90;1230;217;0.031522677606201595
0.42999999999999994;1354;66;1231;189;0.031337090368900956
0.42999999999999994;1355;60;1200;178;0.03163668469872614
0.42999999999999994;1356;80;1196;207;0.031982705580537396
0.42999999999999994;1357;71;1212;206;0.030943124564228177
0.42999999999999994;1358;84;1223;233;0.03135966957496384
0.42999999999999994;1359;64;1267;180;0.03066387650594889
0.42999999999999994;1360;86;1218;221;0.03141963867020564
0.42999999999999994;1361;78;1210;248;0.03257309213694023
0.42999999999999994;1362;66;1222;218;0.03289367873939223
0.42999999999999994;1363;74;1231;208;0.031610279919165714
0.42999999999999994;1364;84;1238;242;0.03258819899035544
0.42999999999999994;1365;86;1221;252;0.032013767687053066
0.42999999999999994;1366;83;1207;210;0.032236005394029786
0.42999999999999994;1367;78;1212;232;0.03318058562367309
0.42999999999999994;1368;76;1194;222;0.031556851861416914
0.42999999999999994;1369;89;1206;225;0.032838656995283
0.42999999999999994;1370;71;1213;219;0.030782133380905158
0.42999999999999994;1371;78;1294;229;0.0323136533537834
0.42999999999999994;1372;65;1163;200;0.032242014075402954
0.42999999999999994;1373;72;1208;217;0.03158181197748211
0.42999999999999994;1374;86;1229;219;0.031748715357004624
0.42999999999999994;1375;74;1250;211;0.03265261881305107
0.42999999999999994;1376;77;1193;232;0.03139372373204213
0.42999999999999994;1377;85;1240;231;0.03151784012492451
0.42999999999999994;1378;81;1228;214;0.03084527272128535
0.42999999999999994;1379;91;1215;231;0.031802078706092515
0.42999999999999994;1380;79;1243;233;0.03132216403852053
0.42999999999999994;1381;85;1205;219;0.03120829086185554
0.42999999999999994;1382;89;1213;219;0.031783111424424665
0.42999999999999994;1383;86;1162;229;0.03198214186423301
0.42999999999999994;1384;77;1280;218;0.032861150978486874
0.42999999999999994;1385;76;1194;234;0.03193209837200105
0.42999999999999994;1386;73;1240;226;0.03136369375915821
0.42999999999999994;1387;66;1224;196;0.03264977699010492
0.42999999999999994;1388;85;1224;224;0.031228568331847433
0.42999999999999994;1389;86;1224;225;0.03207141923362815
0.42999999999999994;1390;87;1195;227;0.03144328760752776
0.42999999999999994;1391;81;1190;208;0.032112479567673206
0.42999999999999994;1392;68;1183;217;0.030592833280218588
0.42999999999999994;1393;76;1247;210;0.03191080003148024
0.42999999999999994;1394;92;1233;235;0.031145633344505715
0.42999999999999994;1395;81;1217;241;0.03236863763950962
0.42999999999999994;1396;80;1261;222;0.031683757906557385
0.42999999999999994;1397;82;1198;210;0.03140875169787722
0.42999999999999994;1398;74;1234;200;0.03261753471251042
0.42999999999999994;1399;79;1246;248;0.03186703901703947
0.5;1400;80;1237;239;0.03197697023362105
0.5;1401;73;1198;219;0.03257206033649241
0.5;1402;84;1157;224;0.03271283847057396
0.5;1403;85;1232;241;0.032316034204740676
0.5;1404;90;1172;236;0.03192434170045701
0.5;1405;78;1236;243;0.03172130888953599
0.5;1406;73;1205;209;0.032422055032549586
0.5;1407;77;1236;218;0.03185443146018961
0.5;1408;82;1199;231;0.031569288945137663
0.5;1409;95;1200;244;0.032401358684993616
0.5;1410;84;1205;248;0.0317524192637781
0.5;1411;79;1186;211;0.03321640877469899
0.5;1412;81;1192;244;0.032108781377431526
0.5;1413;67;1200;195;0.03169732623151584
0.5;1414;79;1165;226;0.032225582130363965
0.5;1415;86;1177;221;0.032754747664236236
0.5;1416;77;1228;192;0.03161368593985393
0.5;1417;78;1233;204;0.03138972529467893
0.5;1418;66;1210;225;0.03243015627869609
0.5;1419;72;1238;231;0.03246472879823904
0.5;1420;65;1229;210;0.03271882895424505
0.5;1421;97;1221;254;0.03258454900452698
0.5;1422;98;1214;250;0.03260258532784948
0.5;1423;83;1228;229;0.03169386332616817
0.5;1424;87;1257;238;0.03287528405288187
0.5;1425;80;1212;227;0.03268535734055018
0.5;1426;82;1218;234;0.030551760242849557
0.5;1427;98;1237;224;0.03155737158553958
0.5;1428;85;1238;263;0.03249072723625325
0.5;1429;79;1193;243;0.03389488408467944
0.5;1430;98;1180;245;0.032121101262946546
0.5;1431;88;1245;242;0.03211445060548147
0.5;1432;88;1222;241;0.031768108398474396
0.5;1433;76;1198;224;0.03290222642830653
0.5;1434;69;1242;215;0.03195103384575524
0.5;1435;77;1218;219;0.03159521042956575
0.5;1436;75;1252;206;0.03373027513758051
0.5;1437;83;1248;243;0.03312724345553919
0.5;1438;88;1249;228;0.03176775821629378
0.5;1439;96;1183;262;0.03242916802395686
0.5;1440;74;1197;213;0.03169846556623659
0.5;1441;90;1168;220;0.03271153316810041
0.5;1442;79;1278;211;0.03185289482417497
0.5;1443;73;1217;200;0.03179452539990369
0.5;1444;76;1219;244;0.0319259942947993
0.5;1445;101;1198;233;0.031030444653297868
0.5;1446;85;1204;229;0.03279827781185274
0.5;1447;78;1212;227;0.032696061847626044
0.5;1448;72;1223;186;0.032797832866283856
0.5;1449;79;1244;212;0.03239685714490732
0.5;1450;68;1218;244;0.03166784661019715
0.5;1451;84;1169;247;0.03114598551183243
0.5;1452;74;1188;223;0.03169345945892673
0.5;1453;87;1219;256;0.03245240836351338
0.5;1454;85;1244;242;0.0327031079070561
0.5;1455;84;1251;230;0.03175292105685143
0.5;1456;96;1210;252;0.03239900321045933
0.5;1457;76;1201;219;0.03236090663435543
0.5;1458;85;1198;243;0.03113712307538202
0.5;1459;80;1231;235;0.032538639907938254
0.5;1460;70;1219;205;0.03220961617474656
0.5;1461;67;1200;187;0.031713747053338036
0.5;1462;79;1232;233;0.03192552879060733
0.5;1463;74;1248;216;0.03205787616082692
0.5;1464;88;1190;232;0.03196647172219655
0.5;1465;80;1238;201;0.032016142878051275
0.5;1466;77;1252;198;0.032335625353300174
0.5;1467;77;1218;191;0.03136500235873372
0.5;1468;87;1249;223;0.03247416768812546
0.5;1469;73;1256;214;0.032094956689437334
0.5;1470;88;1215;239;0.03135469563858645
0.5;1471;96;1181;249;0.032259757699888036
0.5;1472;78;1228;231;0.0321106335367656
0.5;1473;71;1222;205;0.031952785132090114
0.5;1474;65;1213;220;0.03163524345649773
0.5;1475;73;1219;224;0.03225292209611976
0.5;1476;71;1258;224;0.032369996585681717
0.5;1477;69;1194;216;0.03327568650752377
0.5;1478;96;1199;248;0.03168334374028761
0.5;1479;76;1184;212;0.03171325972809589
0.5;1480;81;1241;223;0.03209024247152544
0.5;1481;78;1183;206;0.031269418681784726
0.5;1482;84;1221;239;0.03180244226174884
0.5;1483;93;1250;225;0.032808063052382944
0.5;1484;73;1214;218;0.032270396633408596
0.5;1485;87;1237;207;0.031642881411822414
0.5;1486;77;1258;238;0.03228680925976787
0.5;1487;84;1249;231;0.03181239798790858
0.5;1488;89;1241;238;0.032042054917975904
0.5;1489;71;1173;237;0.03308514381617154
0.5;1490;83;1206;211;0.03291272407068789
0.5;1491;77;1212;240;0.0322151296074359
0.5;1492;83;1232;230;0.03285226453932464
0.5;1493;85;1164;225;0.031929223514870306
0.5;1494;84;1226;231;0.03178173624628006
0.5;1495;76;1213;213;0.03188435905901158
0.5;1496;88;1218;235;0.03182017074461825
0.5;1497;82;1225;207;0.0332870936633275
0.5;1498;64;1190;216;0.032744346594025676
0.5;1499;78;1255;222;0.03192785385113765
0.5;1500;93;1219;232;0.032348857112846886
0.5;1501;100;1207;233;0.03208459008945047
0.5;1502;78;1171;229;0.03196228079496876
0.5;1503;73;1211;206;0.03123646233509987
0.5;1504;77;1228;244;0.030994480147952606
0.5;1505;102;1231;246;0.03266840516564043
0.5;1506;84;1218;235;0.03235658462070941
0.5;1507;76;1212;230;0.03303847669765063
0.5;1508;91;1213;257;0.03101578699540907
0.5;1509;82;1191;210;0.03127086575183534
0.5;1510;78;1181;215;0.03246720395709266
0.5;1511;67;1220;216;0.032162295369457944
0.5;1512;78;1236;222;0.033180038440765225
0.5;1513;59;1217;209;0.03279080603814945
0.5;1514;100;1230;242;0.033108415557195764
0.5;1515;61;1281;223;0.03232340901829814
0.5;1516;85;1249;225;0.03196341100828614
0.5;1517;82;1236;225;0.03203698210173915
0.5;1518;86;1196;227;0.03201637532945057
0.5;1519;80;1248;214;0.03213140856545903
0.5;1520;84;1252;237;0.03268935820612363
0.5;1521;90;1230;213;0.03340629402028536
0.5;1522;92;1275;256;0.03238341293869274
0.5;1523;76;1219;237;0.03323481439440339
0.5;1524;74;1235;225;0.031135308674297306
0.5;1525;82;1230;200;0.03139214936781051
0.5;1526;82;1237;216;0.03201933230967117
0.5;1527;61;1179;223;0.03251541148838206
0.5;1528;90;1239;229;0.03238215776270119
0.5;1529;77;1238;232;0.03216787505732129
0.5;1530;84;1222;217;0.031927988317517524
0.5;1531;95;1242;255;0.032664565234521326
0.5;1532;83;1243;213;0.031688528009072604
0.5;1533;64;1264;211;0.03284187000975722
0.5;1534;83;1255;245;0.03183087004070911
0.5;1535;85;1233;211;0.03132340409697883
0.5;1536;84;1230;237;0.032941291654503324
0.5;1537;93;1195;244;0.03244236467809341
0.5;1538;75;1243;235;0.032634714409098674
0.5;1539;73;1209;215;0.03262577352095314
0.5;1540;73;1196;230;0.03208401738749312
0.5;1541;85;1276;234;0.03169137321230223
0.5;1542;88;1243;208;0.03185012219286849
0.5;1543;74;1288;244;0.03211860481520735
0.5;1544;87;1237;228;0.033046985871967575
0.5;1545;77;1263;216;0.032182202239395656
0.5;1546;71;1213;212;0.03316621047534982
0.5;1547;76;1212;229;0.03092985611603261
0.5;1548;82;1258;230;0.03177313811138844
0.5;1549;91;1213;243;0.03305010952999903
0.5;1550;86;1243;217;0.03204120912136905
0.5;1551;70;1211;223;0.03260245520319892
0.5;1552;91;1209;226;0.030403996319077937
0.5;1553;76;1203;214;0.03297434668727161
0.5;1554;76;1180;209;0.03198706434734663
0.5;1555;94;1228;233;0.03178997001245798
0.5;1556;70;1202;226;0.03204327796474817
0.5;1557;72;1193;209;0.03269490783736353
0.5;1558;91;1209;239;0.03202525421275203
0.5;1559;72;1228;240;0.03298337894746679
0.5;1560;82;1183;238;0.03233906440420621
0.5;1561;87;1198;219;0.03262740434485508
0.5;1562;72;1214;203;0.03192550825119857
0.5;1563;81;1188;255;0.032313779342062955
0.5;1564;84;1189;228;0.03239575162320658
0.5;1565;78;1227;206;0.032139403826461514
0.5;1566;89;1183;242;0.03258578833060137
0.5;1567;91;1244;212;0.03287448127781044
0.5;1568;71;1259;224;0.031851305213480244
0.5;1569;86;1181;230;0.03237353808441914
0.5;1570;89;1221;216;0.03163786136410519
0.5;1571;83;1217;212;0.031111234207995227
0.5;1572;82;1219;222;0.0315082295442447
0.5;1573;81;1231;224;0.03236822412527988
0.5;1574;76;1212;230;0.0332310687924371
0.5;1575;72;1273;218;0.03131431297100028
0.5;1576;84;1221;242;0.03286983077299993
0.5;1577;71;1230;223;0.03198011048153699
0.5;1578;78;1238;240;0.032190898358464726
0.5;1579;80;1243;218;0.031874285528067973
0.5;1580;82;1222;218;0.03262948263596529
0.5;1581;92;1222;232;0.033262487306513794
0.5;1582;69;1219;220;0.03222590739655161
0.5;1583;82;1203;217;0.03155293360121257
0.5;1584;84;1219;200;0.03220369100291713
0.5;1585;69;1169;191;0.031777958942819755
0.5;1586;78;1241;222;0.032559285357768426
0.5;1587;81;1225;206;0.03183592111699527
0.5;1588;101;1250;247;0.03265759404384333
0.5;1589;92;1220;220;0.03205391107655244
0.5;1590;67;1232;190;0.03153843649879615
0.5;1591;67;1239;203;0.032516911585181406
0.5;1592;77;1221;222;0.032276933762129464
0.5;1593;77;1210;224;0.031417790883989424
0.5;1594;78;1275;222;0.03230651635421514
0.5;1595;74;1241;247;0.03258106823806106
0.5;1596;76;1201;210;0.030444869994818283
0.5;1597;79;1208;232;0.031891481555660926
0.5;1598;84;1230;216;0.031500672515265615
0.5;1599;73;1214;206;0.03247624545631808
