has_gun;Run;Denounce;Females;Got attacked;Stress
0.1;0;75;1214;202;0.030382867833756703
0.1;1;87;1254;232;0.03019258870714365
0.1;2;67;1214;201;0.029218011558208544
0.1;3;65;1208;182;0.0303658032005613
0.1;4;80;1248;212;0.030712919479695712
0.1;5;62;1202;200;0.030178624362057652
0.1;6;72;1277;218;0.030065401919728466
0.1;7;78;1241;243;0.03024511360168566
0.1;8;74;1260;183;0.030677785054292712
0.1;9;68;1180;184;0.030208738117361085
0.1;10;75;1154;225;0.030235275270081737
0.1;11;83;1244;230;0.03130888618341311
0.1;12;59;1207;185;0.029709470441295367
0.1;13;73;1207;220;0.02977917782664926
0.1;14;77;1226;198;0.030364725941780423
0.1;15;88;1229;233;0.030111592588649823
0.1;16;74;1202;190;0.02936887153394996
0.1;17;88;1189;223;0.02970198630571964
0.1;18;80;1213;215;0.029386044205115557
0.1;19;71;1244;241;0.02879716674178314
0.1;20;76;1170;204;0.0309034795402541
0.1;21;83;1166;183;0.03095202032499954
0.1;22;83;1253;190;0.029436833013343613
0.1;23;55;1249;175;0.02956992675456164
0.1;24;70;1246;203;0.03007643629857282
0.1;25;66;1191;180;0.030060629385770525
0.1;26;89;1246;234;0.030457854917091635
0.1;27;67;1238;213;0.02986719534148769
0.1;28;70;1214;204;0.030641211837862368
0.1;29;69;1239;201;0.029894327357007915
0.1;30;77;1219;222;0.030417962569228275
0.1;31;72;1228;225;0.029369640494742413
0.1;32;75;1217;191;0.03047556238453518
0.1;33;73;1180;203;0.030340806389372078
0.1;34;78;1211;202;0.030481385834376783
0.1;35;75;1241;217;0.02919920842112387
0.1;36;83;1185;229;0.029971798061505878
0.1;37;65;1231;208;0.029749271697021944
0.1;38;65;1159;213;0.030886834936782636
0.1;39;73;1202;198;0.0295812891588188
0.1;40;74;1235;224;0.02961699046790781
0.1;41;74;1167;171;0.029633664274187187
0.1;42;73;1218;209;0.03002301059338076
0.1;43;68;1172;186;0.030936322183643845
0.1;44;61;1222;182;0.03015346424018686
0.1;45;84;1255;215;0.03023874713629446
0.1;46;71;1240;195;0.02948786975803889
0.1;47;93;1213;238;0.030787516628447427
0.1;48;64;1242;218;0.030085349225460942
0.1;49;74;1181;205;0.03017052684879478
0.1;50;79;1245;216;0.030966320607242602
0.1;51;82;1224;203;0.031021782253424116
0.1;52;72;1219;194;0.02959269061503058
0.1;53;65;1207;187;0.030049894600314767
0.1;54;68;1143;192;0.030313950159710012
0.1;55;63;1249;198;0.029675824719663256
0.1;56;63;1209;193;0.030347744726346236
0.1;57;76;1251;217;0.03007979840781696
0.1;58;75;1220;229;0.031031165753630234
0.1;59;80;1172;236;0.03123452830251305
0.1;60;74;1164;212;0.028818427090583014
0.1;61;71;1186;201;0.030175969946712056
0.1;62;67;1224;185;0.029826137352242644
0.1;63;72;1221;185;0.030428600067815798
0.1;64;74;1199;205;0.031020797473536067
0.1;65;71;1216;209;0.030102659990207843
0.1;66;76;1234;202;0.029651784537620872
0.1;67;80;1208;192;0.02998700774542141
0.1;68;85;1251;227;0.030344047147182578
0.1;69;65;1238;194;0.03002776052159197
0.1;70;88;1178;258;0.030648355993083885
0.1;71;78;1227;182;0.02988709220189908
0.1;72;77;1193;210;0.030703477402329867
0.1;73;70;1219;180;0.028411263940736897
0.1;74;63;1231;220;0.02850373829467758
0.1;75;83;1205;206;0.030314709130351905
0.1;76;83;1226;224;0.028691253614395035
0.1;77;66;1204;193;0.029948092494468566
0.1;78;79;1197;214;0.030598040883700196
0.1;79;70;1249;205;0.030600127671651326
0.1;80;64;1193;200;0.03067504006339592
0.1;81;94;1192;235;0.03181947900161393
0.1;82;73;1268;202;0.03008685942223602
0.1;83;86;1217;241;0.030613241600879672
0.1;84;82;1230;223;0.029984661682339188
0.1;85;66;1253;216;0.030722878045943963
0.1;86;85;1228;241;0.03038200088620619
0.1;87;60;1202;200;0.03128038770885013
0.1;88;78;1213;214;0.03143055248953471
0.1;89;87;1216;219;0.031071112817523595
0.1;90;78;1232;231;0.030843752808491325
0.1;91;78;1233;217;0.030390701143726745
0.1;92;66;1214;194;0.029670983566474192
0.1;93;90;1259;231;0.03003591442232043
0.1;94;86;1252;228;0.030622245321525795
0.1;95;81;1238;230;0.029905161063985775
0.1;96;70;1216;212;0.030347379078855694
0.1;97;86;1227;221;0.02982134517731282
0.1;98;90;1132;228;0.030306807861971985
0.1;99;80;1219;211;0.03057670109233986
0.1;100;61;1196;200;0.031097767660828345
0.1;101;73;1258;200;0.03047196824963096
0.1;102;72;1230;211;0.030085165320410785
0.1;103;77;1222;207;0.030026683204848546
0.1;104;69;1238;226;0.030400839676270747
0.1;105;74;1259;205;0.029503231495578923
0.1;106;79;1249;190;0.029870122990795583
0.1;107;81;1213;219;0.029651873961028814
0.1;108;86;1211;216;0.030407378917239495
0.1;109;52;1183;180;0.03053152767928051
0.1;110;64;1214;207;0.03051350504856866
0.1;111;81;1205;223;0.030097869867160378
0.1;112;68;1209;192;0.02938242324448307
0.1;113;90;1227;229;0.030107966422933098
0.1;114;77;1199;224;0.029978597972865475
0.1;115;79;1201;217;0.03008757536434289
0.1;116;97;1195;261;0.030012586470903574
0.1;117;79;1214;200;0.030104667202545246
0.1;118;73;1227;200;0.030312310252024233
0.1;119;60;1187;186;0.030089426516087855
0.1;120;70;1218;197;0.030272170180147363
0.1;121;84;1239;230;0.029952563850663555
0.1;122;85;1226;233;0.030432835843587698
0.1;123;77;1217;198;0.029817044272261728
0.1;124;68;1203;203;0.02990276525964283
0.1;125;86;1238;219;0.03112630064059598
0.1;126;81;1237;231;0.030247769862005516
0.1;127;62;1193;184;0.03019643423754234
0.1;128;76;1210;225;0.031194573893569895
0.1;129;79;1230;228;0.030707375184945648
0.1;130;75;1168;206;0.030539682132567962
0.1;131;79;1227;219;0.029804552111866934
0.1;132;56;1260;184;0.02957986355164554
0.1;133;73;1246;208;0.029168185037739738
0.1;134;76;1184;205;0.030165554588493387
0.1;135;71;1209;222;0.0310408726393746
0.1;136;87;1194;227;0.030595440815450903
0.1;137;69;1188;206;0.02994715304581138
0.1;138;76;1234;213;0.029018973285631418
0.1;139;81;1258;238;0.03082762698053388
0.1;140;75;1207;214;0.030159525080748695
0.1;141;77;1178;196;0.030841741956268126
0.1;142;80;1182;255;0.030476220041088894
0.1;143;96;1218;226;0.030334878355146585
0.1;144;81;1198;201;0.02928599879359139
0.1;145;70;1226;216;0.029448020015933725
0.1;146;76;1234;191;0.029838200027648733
0.1;147;84;1248;201;0.030377721467471683
0.1;148;65;1233;191;0.030333089788833832
0.1;149;74;1214;201;0.030021146236241445
0.1;150;81;1249;217;0.03001900335912582
0.1;151;64;1231;209;0.029663678764191202
0.1;152;86;1196;221;0.030108801676491135
0.1;153;80;1206;204;0.03003629201504225
0.1;154;69;1204;220;0.03050824618124177
0.1;155;74;1290;211;0.0305887790322495
0.1;156;65;1240;191;0.029896854403580943
0.1;157;74;1163;214;0.030456244559822345
0.1;158;64;1192;203;0.030935658382515482
0.1;159;73;1243;195;0.03058983228950683
0.1;160;88;1185;230;0.03073042938197979
0.1;161;89;1177;245;0.0306693671203636
0.1;162;76;1239;222;0.02934461589819708
0.1;163;80;1246;196;0.030366389183033644
0.1;164;76;1222;220;0.0312472103965059
0.1;165;80;1149;214;0.0305702919206315
0.1;166;68;1229;207;0.0301191923164978
0.1;167;88;1240;211;0.030244766067390377
0.1;168;84;1230;209;0.030648978086555225
0.1;169;81;1189;216;0.029488719945923825
0.1;170;84;1199;216;0.030731369560523393
0.1;171;88;1191;206;0.029461030692160235
0.1;172;94;1193;235;0.030364026789789243
0.1;173;67;1216;197;0.029578139136991956
0.1;174;76;1205;237;0.02998551659459189
0.1;175;82;1238;227;0.029929839334071926
0.1;176;78;1264;203;0.030411433129393185
0.1;177;78;1198;205;0.02991610517547985
0.1;178;75;1220;220;0.03090540686344307
0.1;179;83;1253;210;0.03043638465537622
0.1;180;66;1231;183;0.029992945633290167
0.1;181;79;1230;223;0.03044478228929234
0.1;182;79;1188;226;0.030626038584473058
0.1;183;73;1223;190;0.03040561928454033
0.1;184;72;1193;203;0.030790569031171586
0.1;185;74;1172;212;0.03029967704385602
0.1;186;80;1167;237;0.02941836589086917
0.1;187;84;1259;218;0.029937606629122763
0.1;188;73;1213;236;0.03034266848156985
0.1;189;97;1225;224;0.030278971509671623
0.1;190;87;1203;221;0.030362912095503045
0.1;191;85;1215;195;0.029244878612347223
0.1;192;89;1261;237;0.029225591479380995
0.1;193;76;1213;214;0.03090967774063443
0.1;194;65;1233;194;0.030023237447984935
0.1;195;74;1205;205;0.029854068404121102
0.1;196;63;1195;223;0.029618853512315614
0.1;197;78;1218;198;0.02979667824234443
0.1;198;95;1218;242;0.0296864933692538
0.1;199;72;1236;186;0.03028414931027653
0.2142857142857143;200;105;1264;320;0.042633476111035004
0.2142857142857143;201;97;1198;306;0.039012413772960684
0.2142857142857143;202;107;1272;317;0.04170777129606152
0.2142857142857143;203;102;1222;296;0.04028402863175561
0.2142857142857143;204;93;1210;284;0.03990731334979496
0.2142857142857143;205;84;1203;264;0.04327329471398838
0.2142857142857143;206;105;1189;312;0.0404920980353741
0.2142857142857143;207;104;1220;305;0.04313141830678149
0.2142857142857143;208;91;1251;291;0.04063231509128385
0.2142857142857143;209;104;1224;272;0.041633860008762645
0.2142857142857143;210;99;1183;305;0.04207408820690226
0.2142857142857143;211;109;1248;314;0.04164230565763173
0.2142857142857143;212;102;1237;282;0.042209291933103174
0.2142857142857143;213;89;1208;283;0.04161461855104505
0.2142857142857143;214;103;1226;313;0.04085799144246991
0.2142857142857143;215;91;1218;287;0.04190929191198942
0.2142857142857143;216;85;1176;293;0.042583730154490934
0.2142857142857143;217;107;1285;302;0.040776762390639626
0.2142857142857143;218;114;1210;324;0.041897217463098886
0.2142857142857143;219;89;1262;291;0.04035781574517319
0.2142857142857143;220;92;1232;281;0.04027626937367938
0.2142857142857143;221;86;1200;260;0.041690464289192576
0.2142857142857143;222;94;1201;285;0.0415891521504387
0.2142857142857143;223;97;1256;288;0.03985126243629598
0.2142857142857143;224;97;1236;284;0.04132669066787684
0.2142857142857143;225;96;1207;287;0.041151294118766835
0.2142857142857143;226;96;1154;284;0.04092405755052047
0.2142857142857143;227;88;1196;293;0.04060230516234228
0.2142857142857143;228;90;1222;287;0.0409416766475103
0.2142857142857143;229;105;1161;269;0.04077732268179394
0.2142857142857143;230;99;1200;276;0.040495872412541364
0.2142857142857143;231;96;1233;266;0.04038611084860677
0.2142857142857143;232;93;1259;286;0.04171328583359281
0.2142857142857143;233;84;1238;288;0.0430560910082842
0.2142857142857143;234;93;1178;269;0.040795702925097786
0.2142857142857143;235;93;1185;275;0.04082128112408429
0.2142857142857143;236;114;1275;308;0.042902568890517356
0.2142857142857143;237;108;1225;315;0.041946561212030525
0.2142857142857143;238;86;1239;263;0.04111698465300195
0.2142857142857143;239;81;1231;272;0.04031664334451035
0.2142857142857143;240;105;1240;298;0.0408289019482475
0.2142857142857143;241;106;1266;275;0.04176411285599031
0.2142857142857143;242;130;1232;334;0.042223319201862106
0.2142857142857143;243;96;1203;288;0.04163204637496349
0.2142857142857143;244;109;1223;293;0.04097660079653248
0.2142857142857143;245;90;1222;318;0.04207585496940006
0.2142857142857143;246;88;1208;254;0.040839157239929494
0.2142857142857143;247;101;1222;289;0.04204585849516394
0.2142857142857143;248;80;1220;280;0.04031590849332321
0.2142857142857143;249;87;1181;251;0.04083284226889934
0.2142857142857143;250;101;1198;294;0.04226931293100688
0.2142857142857143;251;110;1178;299;0.04033354554182236
0.2142857142857143;252;105;1209;276;0.04107362643935133
0.2142857142857143;253;88;1225;279;0.041092868121064614
0.2142857142857143;254;104;1190;271;0.04135772641494921
0.2142857142857143;255;90;1198;269;0.04330198947102704
0.2142857142857143;256;94;1257;306;0.042137308845028774
0.2142857142857143;257;100;1276;280;0.041612329383753616
0.2142857142857143;258;93;1163;294;0.04173695583934947
0.2142857142857143;259;87;1274;276;0.04142897138901536
0.2142857142857143;260;96;1177;283;0.04197773162957848
0.2142857142857143;261;108;1212;292;0.04113076380109516
0.2142857142857143;262;88;1252;275;0.04133016770526367
0.2142857142857143;263;111;1229;304;0.04053444772687433
0.2142857142857143;264;90;1199;243;0.040660773583289546
0.2142857142857143;265;85;1194;263;0.04344218704597338
0.2142857142857143;266;102;1223;298;0.04159973845477054
0.2142857142857143;267;93;1224;301;0.040614611745768
0.2142857142857143;268;118;1292;336;0.040995545950222395
0.2142857142857143;269;89;1190;299;0.04145327622779736
0.2142857142857143;270;109;1235;322;0.042064909154633345
0.2142857142857143;271;107;1158;314;0.04153957792729977
0.2142857142857143;272;109;1158;271;0.04214475519289693
0.2142857142857143;273;103;1179;300;0.04276977295254132
0.2142857142857143;274;91;1228;281;0.0411745291323294
0.2142857142857143;275;104;1228;273;0.04251877547159829
0.2142857142857143;276;111;1175;309;0.04189637620990352
0.2142857142857143;277;98;1254;259;0.04108817727534514
0.2142857142857143;278;87;1237;270;0.03971323274374101
0.2142857142857143;279;84;1275;277;0.040335035686980346
0.2142857142857143;280;93;1269;292;0.041191700014244846
0.2142857142857143;281;92;1223;273;0.04050152769808603
0.2142857142857143;282;89;1245;294;0.04181264924177424
0.2142857142857143;283;108;1253;315;0.040663832587101975
0.2142857142857143;284;98;1230;301;0.041881808431019685
0.2142857142857143;285;96;1226;277;0.040876157014008735
0.2142857142857143;286;97;1191;277;0.04117248747556224
0.2142857142857143;287;95;1211;289;0.04207177712625059
0.2142857142857143;288;93;1215;296;0.04106362736964303
0.2142857142857143;289;98;1261;289;0.04062538714716277
0.2142857142857143;290;98;1192;269;0.04097907355531868
0.2142857142857143;291;78;1225;272;0.04294458872581018
0.2142857142857143;292;103;1180;279;0.040408229088470325
0.2142857142857143;293;99;1240;286;0.04012293664260868
0.2142857142857143;294;102;1177;292;0.0411583972803695
0.2142857142857143;295;106;1218;280;0.04254812668978005
0.2142857142857143;296;95;1214;263;0.04238405480076225
0.2142857142857143;297;93;1267;272;0.04049876008659079
0.2142857142857143;298;98;1242;286;0.041367425230562485
0.2142857142857143;299;100;1179;297;0.04272575865282574
0.2142857142857143;300;107;1212;337;0.041786409748068125
0.2142857142857143;301;98;1167;327;0.043160967835241176
0.2142857142857143;302;103;1195;314;0.04282806273541517
0.2142857142857143;303;94;1187;291;0.041155319256787774
0.2142857142857143;304;102;1178;303;0.04126983614872152
0.2142857142857143;305;85;1200;299;0.04158388640210853
0.2142857142857143;306;104;1213;312;0.04198267051339389
0.2142857142857143;307;97;1219;307;0.0409386710573523
0.2142857142857143;308;104;1265;278;0.04067373416289698
0.2142857142857143;309;99;1205;303;0.04160549594575012
0.2142857142857143;310;100;1187;309;0.04149479073952806
0.2142857142857143;311;89;1160;290;0.04248023960687245
0.2142857142857143;312;97;1224;312;0.04031047603402713
0.2142857142857143;313;89;1198;293;0.04059923868417618
0.2142857142857143;314;103;1232;312;0.04137699659610797
0.2142857142857143;315;104;1246;283;0.041434497857560586
0.2142857142857143;316;98;1177;305;0.04168663602543095
0.2142857142857143;317;93;1201;276;0.04065473915129347
0.2142857142857143;318;114;1200;309;0.041132701703592324
0.2142857142857143;319;80;1215;265;0.04109719047722064
0.2142857142857143;320;103;1215;288;0.042598448821881636
0.2142857142857143;321;109;1153;298;0.04218291258865885
0.2142857142857143;322;101;1199;296;0.039801148310478436
0.2142857142857143;323;94;1209;267;0.040231956205380226
0.2142857142857143;324;103;1229;285;0.04022429846567237
0.2142857142857143;325;73;1166;253;0.041823583937815434
0.2142857142857143;326;110;1236;297;0.042672128455842395
0.2142857142857143;327;103;1234;294;0.0412460218010718
0.2142857142857143;328;94;1220;288;0.042430785073532505
0.2142857142857143;329;101;1224;294;0.0411905252660501
0.2142857142857143;330;101;1242;282;0.04064897430997019
0.2142857142857143;331;109;1229;292;0.042246209968729014
0.2142857142857143;332;90;1205;265;0.04054683782006247
0.2142857142857143;333;103;1204;296;0.041221044896007634
0.2142857142857143;334;76;1211;253;0.04089392633943474
0.2142857142857143;335;87;1225;267;0.041988893457968565
0.2142857142857143;336;100;1220;302;0.04113883230056855
0.2142857142857143;337;110;1238;298;0.04184407288025151
0.2142857142857143;338;79;1164;252;0.04266157338761652
0.2142857142857143;339;102;1217;321;0.041554854908694094
0.2142857142857143;340;92;1234;288;0.041597281954651295
0.2142857142857143;341;87;1207;271;0.04194384670980904
0.2142857142857143;342;87;1238;270;0.040908063685405116
0.2142857142857143;343;105;1234;301;0.041975783661633376
0.2142857142857143;344;97;1185;295;0.040815665834772454
0.2142857142857143;345;91;1202;273;0.041425601512318284
0.2142857142857143;346;84;1222;288;0.04212990583323489
0.2142857142857143;347;106;1238;275;0.04175377264094934
0.2142857142857143;348;107;1191;291;0.04109744411058035
0.2142857142857143;349;96;1195;315;0.041203629268055764
0.2142857142857143;350;106;1198;310;0.04107694993902875
0.2142857142857143;351;88;1187;287;0.04019105242969121
0.2142857142857143;352;96;1214;273;0.04177667603961614
0.2142857142857143;353;103;1223;293;0.04143278498349635
0.2142857142857143;354;97;1198;264;0.04058689468144356
0.2142857142857143;355;99;1229;283;0.04172155591424639
0.2142857142857143;356;97;1219;283;0.039711691341374485
0.2142857142857143;357;96;1195;273;0.04072888592668087
0.2142857142857143;358;94;1229;308;0.04058916848881553
0.2142857142857143;359;101;1238;305;0.04163729912499914
0.2142857142857143;360;103;1217;306;0.04123996344343131
0.2142857142857143;361;101;1239;339;0.04304547758378213
0.2142857142857143;362;100;1217;281;0.040792216105417875
0.2142857142857143;363;91;1192;298;0.04062313146403301
0.2142857142857143;364;90;1203;286;0.04134867192462548
0.2142857142857143;365;118;1255;341;0.0420251025390361
0.2142857142857143;366;104;1167;299;0.04200084233050665
0.2142857142857143;367;82;1199;269;0.04080420045627224
0.2142857142857143;368;97;1223;276;0.04172379603001174
0.2142857142857143;369;93;1223;293;0.042426138152278026
0.2142857142857143;370;94;1200;287;0.04207252216387139
0.2142857142857143;371;104;1208;311;0.04204278634096832
0.2142857142857143;372;90;1191;283;0.04251044643661067
0.2142857142857143;373;99;1183;282;0.04149914644017876
0.2142857142857143;374;103;1250;311;0.042556481360548744
0.2142857142857143;375;99;1186;288;0.042048739544702306
0.2142857142857143;376;94;1238;280;0.04175657218621263
0.2142857142857143;377;103;1211;292;0.04238313360718548
0.2142857142857143;378;104;1236;300;0.04247343594766993
0.2142857142857143;379;89;1215;293;0.04124303549115696
0.2142857142857143;380;105;1195;284;0.04165626013969537
0.2142857142857143;381;109;1229;310;0.041897736980409696
0.2142857142857143;382;90;1128;276;0.04159966708593465
0.2142857142857143;383;98;1229;318;0.042208248707020786
0.2142857142857143;384;85;1170;295;0.04082496422938348
0.2142857142857143;385;115;1170;322;0.04193871697574577
0.2142857142857143;386;103;1166;283;0.04163745319718225
0.2142857142857143;387;105;1225;273;0.04194187423409334
0.2142857142857143;388;101;1227;296;0.04054481644841833
0.2142857142857143;389;90;1193;278;0.04176619689245469
0.2142857142857143;390;94;1203;285;0.04109740982841573
0.2142857142857143;391;107;1172;292;0.04178408529912136
0.2142857142857143;392;90;1222;286;0.041207056487763453
0.2142857142857143;393;96;1178;316;0.04162093989814792
0.2142857142857143;394;97;1210;253;0.0415346858729591
0.2142857142857143;395;96;1183;291;0.041898059265087155
0.2142857142857143;396;105;1264;321;0.041923421227329026
0.2142857142857143;397;111;1210;313;0.04026199389362655
0.2142857142857143;398;102;1215;289;0.04064763869651759
0.2142857142857143;399;101;1204;317;0.04221707600076768
0.3285714285714286;400;112;1263;387;0.053396916802742736
0.3285714285714286;401;120;1241;372;0.05252106663844353
0.3285714285714286;402;105;1208;347;0.05226419286520653
0.3285714285714286;403;138;1226;387;0.05235758867101184
0.3285714285714286;404;117;1202;341;0.054986087118896285
0.3285714285714286;405;117;1305;374;0.051030325773647384
0.3285714285714286;406;124;1212;361;0.05134064038096788
0.3285714285714286;407;134;1189;377;0.0525124764514117
0.3285714285714286;408;135;1198;394;0.05255637846884219
0.3285714285714286;409;116;1148;345;0.05212743248072697
0.3285714285714286;410;117;1197;361;0.05237797979687229
0.3285714285714286;411;123;1218;387;0.05210318832599393
0.3285714285714286;412;119;1260;372;0.0522941859563086
0.3285714285714286;413;129;1233;411;0.053139830003953975
0.3285714285714286;414;110;1204;351;0.05349657471532097
0.3285714285714286;415;117;1247;390;0.052428424835279555
0.3285714285714286;416;109;1215;402;0.05235511612997954
0.3285714285714286;417;118;1234;363;0.05192771703693607
0.3285714285714286;418;108;1242;355;0.05394109673824863
0.3285714285714286;419;103;1223;350;0.05318809221554751
0.3285714285714286;420;108;1200;346;0.054906269818014844
0.3285714285714286;421;131;1207;371;0.05117800728423123
0.3285714285714286;422;131;1254;357;0.05258173035184274
0.3285714285714286;423;109;1204;363;0.051654885587155835
0.3285714285714286;424;126;1228;371;0.054194569467050195
0.3285714285714286;425;126;1192;368;0.052669515812619354
0.3285714285714286;426;140;1188;398;0.05259613593607743
0.3285714285714286;427;124;1220;373;0.05359260874631122
0.3285714285714286;428;133;1210;400;0.054150710299170506
0.3285714285714286;429;111;1279;381;0.052446984382857054
0.3285714285714286;430;117;1243;351;0.05382934852772277
0.3285714285714286;431;114;1260;351;0.05182286538650157
0.3285714285714286;432;137;1228;427;0.05253997087936736
0.3285714285714286;433;138;1196;413;0.05426622942012896
0.3285714285714286;434;120;1233;340;0.051624051837082595
0.3285714285714286;435;144;1204;387;0.052219026932945445
0.3285714285714286;436;116;1201;377;0.05219570274656891
0.3285714285714286;437;121;1268;393;0.05411599502115665
0.3285714285714286;438;119;1202;378;0.05271535436999892
0.3285714285714286;439;132;1231;386;0.0523298268471302
0.3285714285714286;440;126;1211;349;0.05263595862762654
0.3285714285714286;441;111;1195;350;0.05228608507726785
0.3285714285714286;442;127;1187;396;0.05241513288831016
0.3285714285714286;443;116;1186;333;0.05328433604106501
0.3285714285714286;444;131;1238;367;0.05366306213813802
0.3285714285714286;445;121;1214;388;0.05294097770474593
0.3285714285714286;446;112;1210;339;0.05177569631712235
0.3285714285714286;447;115;1210;345;0.053194751126680095
0.3285714285714286;448;105;1229;376;0.05403591733697305
0.3285714285714286;449;127;1197;354;0.05443718333023966
0.3285714285714286;450;117;1233;348;0.05297447809935982
0.3285714285714286;451;105;1264;341;0.05210038542716235
0.3285714285714286;452;148;1259;403;0.05230180441416409
0.3285714285714286;453;108;1145;327;0.05216670324629255
0.3285714285714286;454;116;1216;333;0.05337152375565006
0.3285714285714286;455;114;1202;388;0.05162872984578703
0.3285714285714286;456;106;1230;371;0.051851945711557566
0.3285714285714286;457;120;1225;359;0.051845921487362674
0.3285714285714286;458;119;1214;372;0.053239826824145464
0.3285714285714286;459;118;1254;371;0.05176284161734668
0.3285714285714286;460;114;1178;341;0.05267706728682458
0.3285714285714286;461;123;1221;377;0.05136325279353285
0.3285714285714286;462;119;1192;318;0.052842222537949145
0.3285714285714286;463;102;1215;381;0.05205587153576312
0.3285714285714286;464;120;1205;391;0.052529951591564934
0.3285714285714286;465;117;1246;375;0.051359892100738956
0.3285714285714286;466;119;1152;358;0.05240563948159339
0.3285714285714286;467;118;1225;338;0.051757530167255296
0.3285714285714286;468;122;1180;380;0.05289056969099952
0.3285714285714286;469;108;1259;345;0.05085106229073639
0.3285714285714286;470;126;1202;340;0.051921355005199975
0.3285714285714286;471;121;1252;371;0.05155924338328185
0.3285714285714286;472;101;1213;367;0.05246969122150546
0.3285714285714286;473;116;1253;358;0.05270867214412639
0.3285714285714286;474;115;1249;353;0.05294172257808714
0.3285714285714286;475;97;1241;339;0.05277147638526506
0.3285714285714286;476;116;1197;395;0.05433219118550736
0.3285714285714286;477;115;1141;357;0.052119599791006825
0.3285714285714286;478;147;1184;416;0.054368890734821394
0.3285714285714286;479;122;1194;410;0.05226329194401558
0.3285714285714286;480;120;1239;371;0.05221151006313278
0.3285714285714286;481;114;1246;362;0.052128962864377355
0.3285714285714286;482;114;1197;374;0.052371540284239404
0.3285714285714286;483;110;1211;365;0.052589832260955184
0.3285714285714286;484;127;1172;363;0.05219593784414646
0.3285714285714286;485;123;1279;366;0.052062329779373036
0.3285714285714286;486;94;1237;343;0.05286011150673551
0.3285714285714286;487;128;1217;361;0.05174023536770665
0.3285714285714286;488;119;1229;395;0.0523974506091662
0.3285714285714286;489;113;1217;360;0.05253484468018267
0.3285714285714286;490;117;1229;379;0.05175655998309681
0.3285714285714286;491;112;1201;376;0.05348038617847985
0.3285714285714286;492;137;1226;426;0.05316296258864409
0.3285714285714286;493;111;1227;352;0.05326418460611657
0.3285714285714286;494;118;1211;350;0.054260046422489154
0.3285714285714286;495;122;1199;381;0.05326979866201099
0.3285714285714286;496;114;1200;342;0.052082216930111204
0.3285714285714286;497;124;1202;376;0.05092165263566982
0.3285714285714286;498;129;1187;367;0.053352835324732575
0.3285714285714286;499;123;1278;387;0.05225488997773777
0.3285714285714286;500;104;1181;351;0.0517853364816019
0.3285714285714286;501;101;1230;331;0.052315565396959064
0.3285714285714286;502;133;1210;377;0.05304381096475033
0.3285714285714286;503;134;1223;393;0.05340820435828667
0.3285714285714286;504;118;1262;390;0.05196209197486479
0.3285714285714286;505;127;1247;413;0.05291759755461237
0.3285714285714286;506;105;1210;359;0.0521207021070646
0.3285714285714286;507;107;1201;400;0.05304137391019532
0.3285714285714286;508;120;1196;379;0.05385175468542617
0.3285714285714286;509;108;1180;347;0.051173455080472385
0.3285714285714286;510;124;1201;364;0.05228796079289151
0.3285714285714286;511;104;1172;353;0.052742309769863674
0.3285714285714286;512;119;1210;389;0.052298714095449686
0.3285714285714286;513;115;1166;341;0.052120431441682234
0.3285714285714286;514;133;1223;383;0.051596115477697435
0.3285714285714286;515;126;1202;376;0.05132727265726581
0.3285714285714286;516;111;1203;362;0.0538816794147235
0.3285714285714286;517;137;1172;400;0.05378391786083029
0.3285714285714286;518;118;1198;347;0.05156329977324286
0.3285714285714286;519;113;1288;349;0.05354661576087318
0.3285714285714286;520;112;1206;344;0.05272186310419285
0.3285714285714286;521;146;1213;383;0.05270219948286659
0.3285714285714286;522;106;1184;355;0.05311995482549165
0.3285714285714286;523;119;1184;335;0.05285603471460274
0.3285714285714286;524;129;1255;395;0.05177138505621994
0.3285714285714286;525;120;1180;358;0.05463521198719434
0.3285714285714286;526;120;1205;355;0.05207043185218583
0.3285714285714286;527;93;1260;340;0.053204414484139644
0.3285714285714286;528;114;1191;381;0.051169886517026954
0.3285714285714286;529;121;1182;406;0.05447720542819586
0.3285714285714286;530;102;1249;348;0.0528533775556919
0.3285714285714286;531;117;1206;366;0.05351693429273494
0.3285714285714286;532;130;1211;391;0.054155885027722804
0.3285714285714286;533;131;1227;402;0.05192561820096099
0.3285714285714286;534;105;1240;332;0.05233239736727941
0.3285714285714286;535;106;1211;342;0.051851002585359685
0.3285714285714286;536;88;1237;338;0.05161249081766398
0.3285714285714286;537;118;1215;371;0.053007292249571916
0.3285714285714286;538;119;1247;362;0.052378869275260406
0.3285714285714286;539;117;1178;397;0.05286920709924244
0.3285714285714286;540;114;1240;405;0.054576895594431456
0.3285714285714286;541;131;1256;409;0.053436479425354504
0.3285714285714286;542;106;1188;368;0.05019297301685199
0.3285714285714286;543;114;1224;363;0.0506288879847792
0.3285714285714286;544;96;1154;298;0.05187852476013144
0.3285714285714286;545;119;1250;367;0.05327366031184705
0.3285714285714286;546;113;1171;359;0.05236472243450172
0.3285714285714286;547;108;1252;349;0.0527532096155368
0.3285714285714286;548;146;1255;402;0.051529286737829215
0.3285714285714286;549;105;1218;335;0.05230856566364765
0.3285714285714286;550;113;1196;408;0.053592177355697664
0.3285714285714286;551;117;1252;347;0.05313641968463264
0.3285714285714286;552;117;1234;351;0.05278020370022669
0.3285714285714286;553;117;1156;378;0.0546820192871349
0.3285714285714286;554;106;1158;359;0.05172085246806974
0.3285714285714286;555;116;1230;354;0.05192041438338913
0.3285714285714286;556;116;1230;376;0.05363765773612664
0.3285714285714286;557;102;1228;318;0.0527023967529188
0.3285714285714286;558;107;1204;342;0.05339740714964913
0.3285714285714286;559;118;1173;365;0.05328001710187016
0.3285714285714286;560;118;1222;357;0.05152809999543927
0.3285714285714286;561;108;1264;396;0.053707118571399516
0.3285714285714286;562;123;1193;360;0.05172109466231929
0.3285714285714286;563;123;1262;379;0.05227381674694543
0.3285714285714286;564;116;1165;370;0.05273723983524889
0.3285714285714286;565;138;1182;427;0.05149757173158847
0.3285714285714286;566;135;1198;412;0.05254388823917733
0.3285714285714286;567;118;1149;340;0.052473307688270285
0.3285714285714286;568;117;1240;362;0.05127107689482252
0.3285714285714286;569;110;1184;352;0.05306203196795885
0.3285714285714286;570;105;1239;328;0.05300242260075935
0.3285714285714286;571;134;1282;418;0.05294454549707459
0.3285714285714286;572;105;1204;352;0.051588217300310026
0.3285714285714286;573;144;1173;404;0.051907073546022545
0.3285714285714286;574;101;1151;375;0.053455003735001706
0.3285714285714286;575;123;1221;378;0.05445538108052362
0.3285714285714286;576;123;1222;424;0.05115636061164088
0.3285714285714286;577;124;1204;404;0.05356517918310662
0.3285714285714286;578;108;1225;363;0.052327326546491845
0.3285714285714286;579;121;1245;361;0.05243196651563834
0.3285714285714286;580;134;1235;359;0.05148397237021313
0.3285714285714286;581;117;1270;364;0.052860510158033815
0.3285714285714286;582;111;1264;353;0.052302396087240924
0.3285714285714286;583;109;1199;353;0.05252259830977689
0.3285714285714286;584;113;1211;363;0.0530747547303586
0.3285714285714286;585;123;1141;372;0.05288760294496152
0.3285714285714286;586;133;1215;388;0.05441459630476429
0.3285714285714286;587;126;1236;392;0.052674818553301646
0.3285714285714286;588;113;1207;339;0.05221873000823201
0.3285714285714286;589;132;1260;377;0.05183412936353019
0.3285714285714286;590;113;1211;367;0.052941360583591335
0.3285714285714286;591;109;1214;359;0.05259465655327287
0.3285714285714286;592;119;1222;354;0.052682724416806194
0.3285714285714286;593;132;1189;383;0.052534488416629624
0.3285714285714286;594;109;1215;351;0.051766172501942716
0.3285714285714286;595;132;1229;404;0.05271714702208158
0.3285714285714286;596;104;1214;336;0.05170815081009773
0.3285714285714286;597;122;1270;344;0.053055098912334744
0.3285714285714286;598;117;1211;357;0.05199526389083376
0.3285714285714286;599;124;1267;357;0.05280068161679674
0.44285714285714284;600;134;1196;430;0.06404024753036897
0.44285714285714284;601;153;1218;441;0.06379850180210196
0.44285714285714284;602;153;1185;477;0.06401706072370358
0.44285714285714284;603;153;1248;503;0.06489931801310807
0.44285714285714284;604;127;1232;404;0.06458647721075277
0.44285714285714284;605;153;1222;455;0.06316677773698826
0.44285714285714284;606;149;1214;466;0.06421392982648173
0.44285714285714284;607;132;1284;455;0.0646513330549423
0.44285714285714284;608;141;1242;453;0.06373238697323204
0.44285714285714284;609;122;1225;444;0.062879486058001
0.44285714285714284;610;159;1250;472;0.06439974561651443
0.44285714285714284;611;136;1199;435;0.06288608063051598
0.44285714285714284;612;138;1206;433;0.06263789960143402
0.44285714285714284;613;159;1285;510;0.06466321097642959
0.44285714285714284;614;147;1219;454;0.06395425980610567
0.44285714285714284;615;132;1219;430;0.06492767758566256
0.44285714285714284;616;128;1181;423;0.06349592999717421
0.44285714285714284;617;128;1202;436;0.06329467635996208
0.44285714285714284;618;123;1183;445;0.0639160691409707
0.44285714285714284;619;145;1230;461;0.06278252391914017
0.44285714285714284;620;143;1205;450;0.06415139428130978
0.44285714285714284;621;144;1197;462;0.062075715790569225
0.44285714285714284;622;157;1284;496;0.06585503665048376
0.44285714285714284;623;148;1216;487;0.06407157046177195
0.44285714285714284;624;136;1208;433;0.06400865665619523
0.44285714285714284;625;142;1207;444;0.064077037435161
0.44285714285714284;626;150;1245;456;0.06361775864757929
0.44285714285714284;627;138;1235;469;0.06382602644338001
0.44285714285714284;628;142;1248;450;0.0640788246614477
0.44285714285714284;629;147;1209;461;0.06379671967481823
0.44285714285714284;630;156;1238;473;0.06299823011894366
0.44285714285714284;631;154;1208;482;0.06251940214838053
0.44285714285714284;632;130;1177;446;0.06448278929073395
0.44285714285714284;633;139;1208;425;0.06439344642052115
0.44285714285714284;634;120;1231;406;0.06552168451117846
0.44285714285714284;635;148;1204;494;0.06594139658250762
0.44285714285714284;636;136;1212;465;0.06443511867297394
0.44285714285714284;637;146;1271;470;0.0643029613693998
0.44285714285714284;638;139;1301;439;0.06376721851015206
0.44285714285714284;639;115;1206;443;0.06379772068970413
0.44285714285714284;640;155;1211;446;0.06571959847100907
0.44285714285714284;641;144;1221;445;0.06405998037133337
0.44285714285714284;642;158;1255;455;0.06430998687401857
0.44285714285714284;643;119;1259;386;0.06372712923878149
0.44285714285714284;644;136;1225;430;0.06300694385387935
0.44285714285714284;645;146;1225;456;0.06269879947429258
0.44285714285714284;646;142;1216;454;0.06383341150757801
0.44285714285714284;647;160;1214;507;0.06346465145999071
0.44285714285714284;648;130;1241;439;0.06376991620849864
0.44285714285714284;649;148;1176;469;0.06318123724472863
0.44285714285714284;650;125;1211;421;0.06593289223244639
0.44285714285714284;651;110;1247;422;0.0636410064822296
0.44285714285714284;652;151;1214;452;0.06516247779886628
0.44285714285714284;653;130;1217;438;0.06352460147806975
0.44285714285714284;654;162;1180;492;0.06352089701360818
0.44285714285714284;655;148;1236;470;0.0630393235421751
0.44285714285714284;656;129;1226;457;0.06293709448149684
0.44285714285714284;657;134;1247;443;0.06508542512802297
0.44285714285714284;658;133;1198;423;0.0643768634922558
0.44285714285714284;659;141;1244;447;0.06405550609472141
0.44285714285714284;660;142;1256;471;0.06244746738247948
0.44285714285714284;661;138;1210;451;0.06650164077647785
0.44285714285714284;662;142;1177;466;0.06323080805668213
0.44285714285714284;663;114;1232;433;0.06526989543014684
0.44285714285714284;664;127;1216;430;0.0632132189229785
0.44285714285714284;665;124;1222;421;0.06443646115279679
0.44285714285714284;666;131;1207;402;0.06446982203641231
0.44285714285714284;667;138;1188;442;0.06392381256053574
0.44285714285714284;668;139;1203;434;0.06501752968787454
0.44285714285714284;669;136;1196;426;0.06340811202333774
0.44285714285714284;670;136;1242;439;0.06496882060472269
0.44285714285714284;671;139;1196;413;0.06453069726374351
0.44285714285714284;672;130;1200;461;0.06534705534357492
0.44285714285714284;673;146;1273;499;0.06429482415692662
0.44285714285714284;674;160;1193;509;0.0649548151501024
0.44285714285714284;675;154;1235;468;0.06597619625869415
0.44285714285714284;676;146;1217;475;0.06288938112307065
0.44285714285714284;677;162;1246;465;0.06321294485040313
0.44285714285714284;678;147;1199;482;0.06558301438318614
0.44285714285714284;679;160;1221;486;0.06379425855486229
0.44285714285714284;680;144;1231;479;0.06570336261858233
0.44285714285714284;681;138;1158;433;0.06387476410165888
0.44285714285714284;682;140;1168;448;0.06377931021293574
0.44285714285714284;683;130;1239;452;0.06254970701356712
0.44285714285714284;684;162;1197;448;0.06313001749084744
0.44285714285714284;685;143;1163;451;0.06626633019188984
0.44285714285714284;686;128;1208;455;0.06254312749915367
0.44285714285714284;687;140;1178;462;0.06623354944551879
0.44285714285714284;688;117;1206;375;0.06268757818044766
0.44285714285714284;689;128;1225;466;0.0651327541313462
0.44285714285714284;690;146;1195;429;0.06257402998606992
0.44285714285714284;691;131;1247;435;0.06553566636011489
0.44285714285714284;692;147;1209;436;0.06410958134935917
0.44285714285714284;693;146;1217;437;0.0628816858543081
0.44285714285714284;694;126;1245;422;0.06443280647096417
0.44285714285714284;695;130;1221;429;0.062160270867042476
0.44285714285714284;696;136;1274;438;0.06295496867224137
0.44285714285714284;697;134;1218;462;0.06364080781093363
0.44285714285714284;698;141;1198;469;0.06497269904412144
0.44285714285714284;699;135;1216;435;0.06493685433368752
0.44285714285714284;700;134;1206;450;0.06456512250413227
0.44285714285714284;701;141;1267;468;0.06452653729081288
0.44285714285714284;702;140;1274;458;0.064297204832723
0.44285714285714284;703;133;1221;430;0.06455466285567237
0.44285714285714284;704;134;1194;440;0.06381082650972567
0.44285714285714284;705;149;1225;471;0.06342598630095568
0.44285714285714284;706;128;1197;393;0.06386646189388535
0.44285714285714284;707;139;1228;417;0.06317097644309448
0.44285714285714284;708;130;1185;437;0.06481667802798388
0.44285714285714284;709;140;1224;444;0.06312487565797231
0.44285714285714284;710;144;1226;440;0.06391731008691816
0.44285714285714284;711;145;1193;446;0.06467899517802798
0.44285714285714284;712;139;1214;436;0.06353386275930359
0.44285714285714284;713;135;1191;424;0.06329784123507975
0.44285714285714284;714;158;1208;484;0.06403533904219957
0.44285714285714284;715;150;1152;468;0.0634542602276223
0.44285714285714284;716;128;1206;444;0.06369029106189551
0.44285714285714284;717;150;1256;435;0.0636132158252785
0.44285714285714284;718;138;1289;451;0.06354257018497877
0.44285714285714284;719;142;1254;449;0.06502321159357724
0.44285714285714284;720;145;1263;443;0.06356732681293167
0.44285714285714284;721;148;1222;466;0.06295653414727843
0.44285714285714284;722;136;1196;412;0.06489303897394047
0.44285714285714284;723;138;1228;444;0.06429813436022451
0.44285714285714284;724;160;1234;491;0.0631995209021642
0.44285714285714284;725;150;1245;419;0.06569648749891434
0.44285714285714284;726;136;1198;430;0.06469373726610438
0.44285714285714284;727;129;1260;417;0.06455236590255474
0.44285714285714284;728;138;1234;438;0.06365592211981422
0.44285714285714284;729;145;1241;452;0.06303763183958574
0.44285714285714284;730;148;1179;478;0.06389933038527329
0.44285714285714284;731;154;1229;474;0.06449303414298906
0.44285714285714284;732;145;1224;421;0.06523147742579449
0.44285714285714284;733;147;1216;436;0.062201625572186156
0.44285714285714284;734;156;1264;444;0.06304057016462747
0.44285714285714284;735;155;1191;477;0.06457766956853965
0.44285714285714284;736;166;1213;497;0.06476850073365706
0.44285714285714284;737;145;1264;442;0.06226945393688849
0.44285714285714284;738;128;1217;441;0.06428862547122928
0.44285714285714284;739;123;1181;444;0.06358773802453838
0.44285714285714284;740;145;1230;488;0.06285297634160192
0.44285714285714284;741;144;1196;465;0.06469189107715685
0.44285714285714284;742;142;1246;449;0.06445008763339954
0.44285714285714284;743;137;1214;460;0.06420808616456834
0.44285714285714284;744;149;1261;480;0.06444714496325944
0.44285714285714284;745;144;1217;421;0.06386532513896509
0.44285714285714284;746;145;1216;438;0.06316412934862412
0.44285714285714284;747;141;1215;443;0.06441026494631287
0.44285714285714284;748;124;1208;439;0.06255240417974399
0.44285714285714284;749;134;1214;434;0.06515888799432322
0.44285714285714284;750;141;1203;427;0.06293140516399326
0.44285714285714284;751;144;1214;446;0.06413750922941995
0.44285714285714284;752;153;1187;491;0.065443838360528
0.44285714285714284;753;146;1218;487;0.0637543697428949
0.44285714285714284;754;136;1236;454;0.06554305015094118
0.44285714285714284;755;158;1218;508;0.06341762098632436
0.44285714285714284;756;143;1251;402;0.06470877748956973
0.44285714285714284;757;139;1219;427;0.06329017239685093
0.44285714285714284;758;147;1230;454;0.06430995558249551
0.44285714285714284;759;149;1205;480;0.06443360274052055
0.44285714285714284;760;135;1235;419;0.06537844476636034
0.44285714285714284;761;153;1187;446;0.06298997989114584
0.44285714285714284;762;143;1193;459;0.06360552117719773
0.44285714285714284;763;143;1208;456;0.0615504818623168
0.44285714285714284;764;123;1184;406;0.06477619327439589
0.44285714285714284;765;147;1228;442;0.06478515250420035
0.44285714285714284;766;134;1219;400;0.06307318018232899
0.44285714285714284;767;118;1200;413;0.06485328727051287
0.44285714285714284;768;157;1227;440;0.06355502148325085
0.44285714285714284;769;134;1214;390;0.06350858391117922
0.44285714285714284;770;128;1219;430;0.06411172358793019
0.44285714285714284;771;141;1209;482;0.06283382921952305
0.44285714285714284;772;139;1266;430;0.06428457471011888
0.44285714285714284;773;143;1287;466;0.0625639469112696
0.44285714285714284;774;147;1213;468;0.06501344486500983
0.44285714285714284;775;129;1223;448;0.06286612520692643
0.44285714285714284;776;150;1233;464;0.0652146060248807
0.44285714285714284;777;135;1175;457;0.06515627415464893
0.44285714285714284;778;131;1219;436;0.06326421462923089
0.44285714285714284;779;149;1225;461;0.06385085797359911
0.44285714285714284;780;150;1252;480;0.06403746205857265
0.44285714285714284;781;122;1253;461;0.06253624402149437
0.44285714285714284;782;134;1195;434;0.0648593434053799
0.44285714285714284;783;123;1226;419;0.06285028971646528
0.44285714285714284;784;152;1218;466;0.06576416019587111
0.44285714285714284;785;144;1216;433;0.06314540261487217
0.44285714285714284;786;159;1276;497;0.06431961179476978
0.44285714285714284;787;145;1195;454;0.06441858707127578
0.44285714285714284;788;152;1211;489;0.0636013947161056
0.44285714285714284;789;139;1229;423;0.0633169728056602
0.44285714285714284;790;156;1194;462;0.06554288563233522
0.44285714285714284;791;138;1186;458;0.06359895606705727
0.44285714285714284;792;138;1261;469;0.06277914496860909
0.44285714285714284;793;121;1234;432;0.06565551524460775
0.44285714285714284;794;136;1200;456;0.06487667612966105
0.44285714285714284;795;137;1210;413;0.0628308536406156
0.44285714285714284;796;140;1230;442;0.06385218258524497
0.44285714285714284;797;140;1240;430;0.06423497909565527
0.44285714285714284;798;138;1247;434;0.06439752226404058
0.44285714285714284;799;148;1247;450;0.06526052175855752
0.5571428571428572;800;158;1253;547;0.0759100318647089
0.5571428571428572;801;173;1197;538;0.07475628126256519
0.5571428571428572;802;169;1256;538;0.0778858280146261
0.5571428571428572;803;169;1240;499;0.07562669158191627
0.5571428571428572;804;156;1226;513;0.07528826481121922
0.5571428571428572;805;164;1248;562;0.0745986754863971
0.5571428571428572;806;149;1197;528;0.07692998617379648
0.5571428571428572;807;155;1227;543;0.07564756667537789
0.5571428571428572;808;161;1189;546;0.07407031035886194
0.5571428571428572;809;170;1218;551;0.07641942591529122
0.5571428571428572;810;165;1225;534;0.07633654927137824
0.5571428571428572;811;150;1146;488;0.07591578093365102
0.5571428571428572;812;167;1255;537;0.07610078052027794
0.5571428571428572;813;154;1186;489;0.0749036702584339
0.5571428571428572;814;155;1262;510;0.07579811796675824
0.5571428571428572;815;160;1261;574;0.07584146496458427
0.5571428571428572;816;171;1246;519;0.07581190888258892
0.5571428571428572;817;161;1208;495;0.07437913734967347
0.5571428571428572;818;156;1216;510;0.07634892035902408
0.5571428571428572;819;169;1186;555;0.07624143212303784
0.5571428571428572;820;174;1245;500;0.07585785171015677
0.5571428571428572;821;165;1251;572;0.07512798857447137
0.5571428571428572;822;196;1283;573;0.07702560239578879
0.5571428571428572;823;138;1212;473;0.07536443738379886
0.5571428571428572;824;176;1199;562;0.07462589723758564
0.5571428571428572;825;158;1237;517;0.07612864890578537
0.5571428571428572;826;163;1232;542;0.07596374968856152
0.5571428571428572;827;166;1188;516;0.07694457384854551
0.5571428571428572;828;149;1264;498;0.07471819077789668
0.5571428571428572;829;177;1220;541;0.07562024751519213
0.5571428571428572;830;172;1238;514;0.07533389760521257
0.5571428571428572;831;148;1261;487;0.07347174541868338
0.5571428571428572;832;162;1231;539;0.07511459668002679
0.5571428571428572;833;158;1195;498;0.0757895690460331
0.5571428571428572;834;188;1221;590;0.07378985988339234
0.5571428571428572;835;159;1213;493;0.07424519451133502
0.5571428571428572;836;137;1213;509;0.07606106756321876
0.5571428571428572;837;176;1167;544;0.07487338049422564
0.5571428571428572;838;164;1213;544;0.07640074687456747
0.5571428571428572;839;177;1247;560;0.0759866612354866
0.5571428571428572;840;145;1232;523;0.07508345846321912
0.5571428571428572;841;179;1215;534;0.07407979643192009
0.5571428571428572;842;168;1190;544;0.07510415057294798
0.5571428571428572;843;159;1240;544;0.07595259643386569
0.5571428571428572;844;168;1197;524;0.07556919207131761
0.5571428571428572;845;139;1181;495;0.07477768164855966
0.5571428571428572;846;167;1177;562;0.07527570118604257
0.5571428571428572;847;166;1228;530;0.07514589924744962
0.5571428571428572;848;172;1234;528;0.07407748281780291
0.5571428571428572;849;166;1212;523;0.07436233075325879
0.5571428571428572;850;150;1244;528;0.07539355652624598
0.5571428571428572;851;145;1204;497;0.07523480159318227
0.5571428571428572;852;145;1204;480;0.07564789642340333
0.5571428571428572;853;144;1230;536;0.07564052220622972
0.5571428571428572;854;164;1281;532;0.07493898659314163
0.5571428571428572;855;163;1185;526;0.07544795171262063
0.5571428571428572;856;152;1198;531;0.07657034027267375
0.5571428571428572;857;168;1182;571;0.07548767535897646
0.5571428571428572;858;151;1274;509;0.07485195885772444
0.5571428571428572;859;180;1213;535;0.07426525756054124
0.5571428571428572;860;150;1223;504;0.07731810577285887
0.5571428571428572;861;155;1208;563;0.0743586319410014
0.5571428571428572;862;160;1256;535;0.07663381135226195
0.5571428571428572;863;165;1237;524;0.07461948949508382
0.5571428571428572;864;165;1218;525;0.07503477525125822
0.5571428571428572;865;151;1222;518;0.07469132289146349
0.5571428571428572;866;166;1181;537;0.07463374907833556
0.5571428571428572;867;156;1201;556;0.07518021825670662
0.5571428571428572;868;151;1226;509;0.0752705182277663
0.5571428571428572;869;166;1242;561;0.07513233002052198
0.5571428571428572;870;164;1220;520;0.07693411295429667
0.5571428571428572;871;159;1225;517;0.07580999163964024
0.5571428571428572;872;160;1229;520;0.07533399375197386
0.5571428571428572;873;152;1146;516;0.07719698169929916
0.5571428571428572;874;158;1177;460;0.07459186965972808
0.5571428571428572;875;158;1223;497;0.07562291106642328
0.5571428571428572;876;158;1208;548;0.0769484749754654
0.5571428571428572;877;148;1237;538;0.07591106490142446
0.5571428571428572;878;150;1188;515;0.07488592401307864
0.5571428571428572;879;141;1236;519;0.07666096880508803
0.5571428571428572;880;155;1224;582;0.07572607028492402
0.5571428571428572;881;159;1217;476;0.07538677950918429
0.5571428571428572;882;154;1227;530;0.0747975275641012
0.5571428571428572;883;161;1241;538;0.07505232441270594
0.5571428571428572;884;156;1223;495;0.07472655435925583
0.5571428571428572;885;174;1203;532;0.07627198987428828
0.5571428571428572;886;148;1218;494;0.07448506504801918
0.5571428571428572;887;172;1218;533;0.0753840723431575
0.5571428571428572;888;151;1202;509;0.07429641782653001
0.5571428571428572;889;148;1182;509;0.07679593374914628
0.5571428571428572;890;148;1204;468;0.07387892799693448
0.5571428571428572;891;151;1247;481;0.07537324005687608
0.5571428571428572;892;169;1250;509;0.07539332636353402
0.5571428571428572;893;175;1215;545;0.07592149009413272
0.5571428571428572;894;144;1214;509;0.07401334619993803
0.5571428571428572;895;160;1255;521;0.07611745661110908
0.5571428571428572;896;174;1239;577;0.07700844201447934
0.5571428571428572;897;160;1209;493;0.07687120697307066
0.5571428571428572;898;164;1232;536;0.07621805088031677
0.5571428571428572;899;158;1224;502;0.07680425319644549
0.5571428571428572;900;171;1225;531;0.07597922486334505
0.5571428571428572;901;172;1254;530;0.07452053453695455
0.5571428571428572;902;158;1214;540;0.07558468495972143
0.5571428571428572;903;172;1243;521;0.07484872158565478
0.5571428571428572;904;148;1167;486;0.07751002250234675
0.5571428571428572;905;151;1240;482;0.07481261182065606
0.5571428571428572;906;188;1221;531;0.07314567522569979
0.5571428571428572;907;187;1184;541;0.07511771810436894
0.5571428571428572;908;144;1201;488;0.07506677088724659
0.5571428571428572;909;153;1239;522;0.07405749851831767
0.5571428571428572;910;157;1237;547;0.07600073282206285
0.5571428571428572;911;169;1237;547;0.07589294791990783
0.5571428571428572;912;135;1209;454;0.07495195670864101
0.5571428571428572;913;152;1195;537;0.07446619507632665
0.5571428571428572;914;155;1230;529;0.0750663181793583
0.5571428571428572;915;157;1269;527;0.07484355455262018
0.5571428571428572;916;163;1248;530;0.07521920173589712
0.5571428571428572;917;160;1196;512;0.07326456262059708
0.5571428571428572;918;144;1256;498;0.0740130960274364
0.5571428571428572;919;167;1177;493;0.07727901941223146
0.5571428571428572;920;180;1226;515;0.0748846379835727
0.5571428571428572;921;163;1198;532;0.07638406218207192
0.5571428571428572;922;160;1237;538;0.07616543923210117
0.5571428571428572;923;165;1300;533;0.07610853899303807
0.5571428571428572;924;163;1222;542;0.07608370684047017
0.5571428571428572;925;152;1210;490;0.07600117182949671
0.5571428571428572;926;180;1212;548;0.07683940776381454
0.5571428571428572;927;172;1207;563;0.07714094442308829
0.5571428571428572;928;166;1194;529;0.07503871643724788
0.5571428571428572;929;148;1242;485;0.07590227983353931
0.5571428571428572;930;155;1185;513;0.07430160521165735
0.5571428571428572;931;177;1201;548;0.07295532777424028
0.5571428571428572;932;166;1219;522;0.0740939987454067
0.5571428571428572;933;160;1204;527;0.07673751407305661
0.5571428571428572;934;157;1236;523;0.07630178833438031
0.5571428571428572;935;159;1208;521;0.07486742287898641
0.5571428571428572;936;168;1202;507;0.07627631158368252
0.5571428571428572;937;143;1229;471;0.0746452182858365
0.5571428571428572;938;182;1228;533;0.07679518360297534
0.5571428571428572;939;169;1208;541;0.07682127232967227
0.5571428571428572;940;152;1200;502;0.07397968778202117
0.5571428571428572;941;158;1186;501;0.07551352568625296
0.5571428571428572;942;144;1171;502;0.07488555261925958
0.5571428571428572;943;156;1183;567;0.07709640407058022
0.5571428571428572;944;174;1245;515;0.07378637459742285
0.5571428571428572;945;163;1192;568;0.07407581106409594
0.5571428571428572;946;147;1180;498;0.07609023821729091
0.5571428571428572;947;150;1166;518;0.07574909717021076
0.5571428571428572;948;157;1240;464;0.07488490998855521
0.5571428571428572;949;149;1194;514;0.07563301504123623
0.5571428571428572;950;156;1250;515;0.07702380463296489
0.5571428571428572;951;177;1231;579;0.07554499113641967
0.5571428571428572;952;143;1221;510;0.0741264344669846
0.5571428571428572;953;155;1245;529;0.07578375237897325
0.5571428571428572;954;183;1230;560;0.07672762646419318
0.5571428571428572;955;157;1227;544;0.07715661790532286
0.5571428571428572;956;153;1204;499;0.07642526210902291
0.5571428571428572;957;156;1246;531;0.07524474204265437
0.5571428571428572;958;179;1201;537;0.07666080728976776
0.5571428571428572;959;182;1230;531;0.07449124056301835
0.5571428571428572;960;162;1209;530;0.07451406630303557
0.5571428571428572;961;158;1243;509;0.07417153183730342
0.5571428571428572;962;171;1213;545;0.07403040549952697
0.5571428571428572;963;163;1211;556;0.07461879306182226
0.5571428571428572;964;154;1174;526;0.07429825408279353
0.5571428571428572;965;184;1186;559;0.07554183209134739
0.5571428571428572;966;173;1229;477;0.07592244044548827
0.5571428571428572;967;162;1236;515;0.07518399658182227
0.5571428571428572;968;172;1226;568;0.07600855786258984
0.5571428571428572;969;177;1216;555;0.07447241622267879
0.5571428571428572;970;158;1206;530;0.07426068605537893
0.5571428571428572;971;140;1253;496;0.07637020662950617
0.5571428571428572;972;153;1192;502;0.074626446295634
0.5571428571428572;973;159;1245;481;0.07430687184700484
0.5571428571428572;974;155;1184;515;0.07447081683066964
0.5571428571428572;975;157;1216;533;0.07591864832052828
0.5571428571428572;976;165;1193;520;0.07450776794062956
0.5571428571428572;977;180;1226;571;0.07608362678823108
0.5571428571428572;978;170;1216;564;0.07572560987947002
0.5571428571428572;979;140;1230;482;0.07388138002939054
0.5571428571428572;980;167;1191;533;0.0765628155605073
0.5571428571428572;981;160;1303;528;0.07542675930063299
0.5571428571428572;982;175;1218;592;0.07533625794889576
0.5571428571428572;983;162;1201;543;0.07637457150040032
0.5571428571428572;984;150;1213;524;0.07522610981181849
0.5571428571428572;985;156;1241;514;0.0760804420570502
0.5571428571428572;986;167;1187;519;0.07530625735360635
0.5571428571428572;987;156;1233;504;0.07455896131989095
0.5571428571428572;988;167;1208;546;0.07671877395889137
0.5571428571428572;989;164;1207;535;0.0759304366444218
0.5571428571428572;990;163;1213;553;0.07666727374559354
0.5571428571428572;991;173;1270;580;0.07674698714246317
0.5571428571428572;992;165;1224;574;0.07585861586744452
0.5571428571428572;993;167;1219;557;0.07652965104265472
0.5571428571428572;994;166;1208;527;0.07481815518755419
0.5571428571428572;995;169;1197;535;0.0745136462522064
0.5571428571428572;996;158;1246;531;0.07564703068084387
0.5571428571428572;997;168;1176;542;0.0764230649383505
0.5571428571428572;998;155;1221;517;0.07652719831357578
0.5571428571428572;999;154;1219;503;0.07616952108344441
0.6714285714285715;1000;177;1239;583;0.08625571805327925
0.6714285714285715;1001;186;1186;573;0.08773626759155677
0.6714285714285715;1002;184;1259;624;0.08826910972501568
0.6714285714285715;1003;179;1207;620;0.0857174583045072
0.6714285714285715;1004;196;1259;595;0.08702204342152861
0.6714285714285715;1005;213;1234;650;0.08735347691983686
0.6714285714285715;1006;166;1211;579;0.08629444074859131
0.6714285714285715;1007;203;1202;589;0.08442918596189063
0.6714285714285715;1008;180;1200;570;0.08575374376445205
0.6714285714285715;1009;178;1195;570;0.0871911339994711
0.6714285714285715;1010;185;1247;618;0.08635584636230101
0.6714285714285715;1011;174;1234;612;0.08620151039520953
0.6714285714285715;1012;201;1227;659;0.08443963354478817
0.6714285714285715;1013;183;1214;579;0.08701742421834198
0.6714285714285715;1014;194;1206;626;0.08615272277572922
0.6714285714285715;1015;196;1234;614;0.08719593692492592
0.6714285714285715;1016;172;1233;607;0.08828513353087808
0.6714285714285715;1017;190;1237;593;0.08501200478839771
0.6714285714285715;1018;181;1202;618;0.086462604917028
0.6714285714285715;1019;190;1214;644;0.086969332797934
0.6714285714285715;1020;197;1179;599;0.0866420397324254
0.6714285714285715;1021;181;1196;630;0.08724715962128099
0.6714285714285715;1022;185;1212;614;0.08607435837846389
0.6714285714285715;1023;175;1219;557;0.08578752953743307
0.6714285714285715;1024;196;1219;595;0.08764910327782519
0.6714285714285715;1025;166;1217;571;0.08698410004683622
0.6714285714285715;1026;192;1210;627;0.08606472371385739
0.6714285714285715;1027;185;1216;584;0.08556057903931666
0.6714285714285715;1028;183;1232;589;0.08755788849089809
0.6714285714285715;1029;202;1224;637;0.0871956161728798
0.6714285714285715;1030;173;1240;605;0.08740404984053592
0.6714285714285715;1031;188;1205;589;0.0858542547469027
0.6714285714285715;1032;183;1259;650;0.08761408423966702
0.6714285714285715;1033;165;1212;558;0.08758047648962754
0.6714285714285715;1034;177;1258;595;0.0871290941017547
0.6714285714285715;1035;185;1192;583;0.08690861461383258
0.6714285714285715;1036;179;1203;613;0.0870272452073309
0.6714285714285715;1037;199;1200;626;0.08665778353246478
0.6714285714285715;1038;180;1289;589;0.08576331966614664
0.6714285714285715;1039;178;1202;632;0.08738699551641073
0.6714285714285715;1040;178;1206;604;0.08666365688660947
0.6714285714285715;1041;185;1203;615;0.08508622056712384
0.6714285714285715;1042;175;1183;580;0.08660400975612786
0.6714285714285715;1043;197;1186;613;0.0871907964366002
0.6714285714285715;1044;170;1191;598;0.08614770180855888
0.6714285714285715;1045;171;1187;632;0.08635322997061326
0.6714285714285715;1046;177;1239;634;0.08652215092167387
0.6714285714285715;1047;188;1186;595;0.0865598556454468
0.6714285714285715;1048;182;1244;601;0.08579247128433894
0.6714285714285715;1049;201;1230;617;0.0849109480933828
0.6714285714285715;1050;177;1200;584;0.0864158288896736
0.6714285714285715;1051;196;1230;586;0.08520530216736857
0.6714285714285715;1052;191;1227;600;0.08766699367535723
0.6714285714285715;1053;175;1214;607;0.08601774821705374
0.6714285714285715;1054;163;1235;587;0.08667895536448755
0.6714285714285715;1055;153;1215;515;0.08624888665250073
0.6714285714285715;1056;188;1183;579;0.08819455049231768
0.6714285714285715;1057;162;1218;539;0.08755872102185062
0.6714285714285715;1058;222;1198;648;0.08693698919457682
0.6714285714285715;1059;198;1231;631;0.08632627844614865
0.6714285714285715;1060;182;1185;605;0.0843767533565437
0.6714285714285715;1061;192;1222;606;0.08682136659918271
0.6714285714285715;1062;173;1273;606;0.08495489317631791
0.6714285714285715;1063;178;1226;638;0.08729338175276646
0.6714285714285715;1064;188;1235;629;0.08631721544960073
0.6714285714285715;1065;203;1246;631;0.08727301164407356
0.6714285714285715;1066;183;1255;590;0.08537580627655461
0.6714285714285715;1067;165;1238;608;0.08675069234826607
0.6714285714285715;1068;179;1236;581;0.08516210630491819
0.6714285714285715;1069;186;1226;612;0.08599975971801592
0.6714285714285715;1070;188;1275;610;0.08785728149187144
0.6714285714285715;1071;182;1211;591;0.08745226883887217
0.6714285714285715;1072;179;1206;626;0.08556760975993696
0.6714285714285715;1073;174;1221;610;0.08535464845974322
0.6714285714285715;1074;169;1262;574;0.08673430295267186
0.6714285714285715;1075;161;1240;583;0.08631650332006895
0.6714285714285715;1076;175;1214;599;0.08656788523053059
0.6714285714285715;1077;188;1254;627;0.08777433550134797
0.6714285714285715;1078;197;1274;619;0.08667089548230163
0.6714285714285715;1079;165;1244;590;0.08728550534712935
0.6714285714285715;1080;187;1230;638;0.08748381488550354
0.6714285714285715;1081;211;1171;629;0.08562668607846619
0.6714285714285715;1082;183;1240;589;0.08650373477294955
0.6714285714285715;1083;184;1161;608;0.08741438238457314
0.6714285714285715;1084;159;1172;557;0.0871384797809299
0.6714285714285715;1085;185;1247;623;0.087275047888214
0.6714285714285715;1086;201;1250;647;0.08719463791105209
0.6714285714285715;1087;164;1207;608;0.08781642830218157
0.6714285714285715;1088;172;1238;570;0.08615804888437417
0.6714285714285715;1089;202;1183;587;0.08612530404483414
0.6714285714285715;1090;185;1206;642;0.0871484652527644
0.6714285714285715;1091;182;1231;598;0.08595194047664535
0.6714285714285715;1092;183;1222;623;0.08660394338671366
0.6714285714285715;1093;179;1198;602;0.0856111618828887
0.6714285714285715;1094;194;1201;571;0.0845817509711717
0.6714285714285715;1095;177;1200;654;0.08660915563688398
0.6714285714285715;1096;172;1206;637;0.08680869439251336
0.6714285714285715;1097;197;1185;642;0.08700418150210502
0.6714285714285715;1098;198;1277;615;0.08728959420419234
0.6714285714285715;1099;175;1235;577;0.08705607161840602
0.6714285714285715;1100;177;1248;614;0.08634660926437643
0.6714285714285715;1101;165;1198;538;0.085777187058796
0.6714285714285715;1102;176;1219;570;0.0851284783567379
0.6714285714285715;1103;192;1224;638;0.08769260391491712
0.6714285714285715;1104;191;1208;629;0.08611158461190103
0.6714285714285715;1105;204;1190;614;0.08772240064799208
0.6714285714285715;1106;152;1235;605;0.0869372638823914
0.6714285714285715;1107;173;1175;557;0.08596953723762588
0.6714285714285715;1108;187;1257;582;0.08658570053804086
0.6714285714285715;1109;159;1150;574;0.08762290151827347
0.6714285714285715;1110;173;1229;588;0.08598737121958426
0.6714285714285715;1111;175;1172;576;0.08644977059475518
0.6714285714285715;1112;174;1304;544;0.08539862521193692
0.6714285714285715;1113;173;1274;548;0.08572076093327734
0.6714285714285715;1114;197;1240;643;0.08608540685063337
0.6714285714285715;1115;189;1216;587;0.08709333416665882
0.6714285714285715;1116;168;1183;602;0.08658221381448176
0.6714285714285715;1117;197;1185;621;0.08497076186526625
0.6714285714285715;1118;197;1249;654;0.08735451900193074
0.6714285714285715;1119;189;1217;569;0.08745598558981074
0.6714285714285715;1120;191;1260;612;0.08693923950164929
0.6714285714285715;1121;189;1224;645;0.08726089264549812
0.6714285714285715;1122;192;1214;661;0.08750711013299324
0.6714285714285715;1123;188;1224;637;0.08713739474293758
0.6714285714285715;1124;184;1215;565;0.08714027223973302
0.6714285714285715;1125;178;1240;602;0.08625960615407817
0.6714285714285715;1126;182;1245;571;0.08525398073245227
0.6714285714285715;1127;181;1186;562;0.08806799839688027
0.6714285714285715;1128;203;1173;660;0.08791920724957182
0.6714285714285715;1129;172;1189;558;0.08590239215435784
0.6714285714285715;1130;192;1241;605;0.08803004476516096
0.6714285714285715;1131;169;1252;570;0.08373011917040067
0.6714285714285715;1132;181;1258;630;0.08683094907034722
0.6714285714285715;1133;174;1234;628;0.08767040545157344
0.6714285714285715;1134;176;1226;571;0.08764760698837695
0.6714285714285715;1135;189;1159;596;0.08594601483523896
0.6714285714285715;1136;202;1223;632;0.08666155347573042
0.6714285714285715;1137;199;1194;602;0.08711351914961796
0.6714285714285715;1138;157;1225;597;0.08714627461219293
0.6714285714285715;1139;175;1221;621;0.08572628855047205
0.6714285714285715;1140;163;1196;609;0.08674257372317444
0.6714285714285715;1141;201;1269;617;0.08610071031725985
0.6714285714285715;1142;178;1176;561;0.0868420798475203
0.6714285714285715;1143;176;1257;604;0.08701881644077702
0.6714285714285715;1144;190;1260;635;0.08896678462596783
0.6714285714285715;1145;188;1174;590;0.0863280820284324
0.6714285714285715;1146;173;1249;575;0.08578065397180822
0.6714285714285715;1147;191;1256;609;0.087189868575895
0.6714285714285715;1148;180;1172;602;0.08458879187963315
0.6714285714285715;1149;169;1236;602;0.08565779110035164
0.6714285714285715;1150;195;1228;602;0.08771985687247318
0.6714285714285715;1151;174;1181;614;0.08762645024802658
0.6714285714285715;1152;192;1252;635;0.0868132169348258
0.6714285714285715;1153;178;1173;585;0.08546055935353611
0.6714285714285715;1154;194;1251;646;0.08524114357680755
0.6714285714285715;1155;178;1217;588;0.08513503883957303
0.6714285714285715;1156;196;1230;592;0.08566173041037067
0.6714285714285715;1157;178;1149;607;0.08707408893570792
0.6714285714285715;1158;178;1249;594;0.08683393576662375
0.6714285714285715;1159;170;1199;592;0.0869739087646511
0.6714285714285715;1160;183;1180;596;0.08790744549070043
0.6714285714285715;1161;190;1262;621;0.08666779024452444
0.6714285714285715;1162;190;1182;571;0.08669760345489881
0.6714285714285715;1163;170;1234;562;0.08803553389938204
0.6714285714285715;1164;188;1232;644;0.0853274485617517
0.6714285714285715;1165;182;1255;640;0.08602349329252167
0.6714285714285715;1166;180;1208;554;0.08518248860973865
0.6714285714285715;1167;190;1248;602;0.08787546872608655
0.6714285714285715;1168;191;1220;614;0.08819838068721711
0.6714285714285715;1169;188;1197;607;0.08742718253730337
0.6714285714285715;1170;166;1231;559;0.08603392013473796
0.6714285714285715;1171;202;1242;644;0.08705547209648518
0.6714285714285715;1172;203;1270;661;0.08843819034025706
0.6714285714285715;1173;169;1255;563;0.08723258254591282
0.6714285714285715;1174;178;1216;636;0.08749723302340878
0.6714285714285715;1175;170;1197;546;0.08568537728250968
0.6714285714285715;1176;189;1226;635;0.08775297136643133
0.6714285714285715;1177;187;1226;562;0.08645433794447709
0.6714285714285715;1178;199;1217;658;0.0846183361575371
0.6714285714285715;1179;184;1225;618;0.08802782553885817
0.6714285714285715;1180;173;1228;624;0.08827747871261529
0.6714285714285715;1181;186;1188;561;0.08656732669078393
0.6714285714285715;1182;213;1243;668;0.08569223542561603
0.6714285714285715;1183;181;1186;583;0.08674292242234549
0.6714285714285715;1184;190;1295;620;0.0868505703748594
0.6714285714285715;1185;199;1208;615;0.08557247765537317
0.6714285714285715;1186;172;1222;615;0.08710799481154553
0.6714285714285715;1187;191;1285;580;0.08623399478396608
0.6714285714285715;1188;194;1230;636;0.08618794363324345
0.6714285714285715;1189;178;1254;604;0.08586045821615922
0.6714285714285715;1190;179;1226;607;0.08543445394705251
0.6714285714285715;1191;188;1219;619;0.08580836538728819
0.6714285714285715;1192;174;1186;555;0.08665747050171582
0.6714285714285715;1193;173;1201;572;0.08692460439608503
0.6714285714285715;1194;179;1215;609;0.08699357505612655
0.6714285714285715;1195;181;1187;614;0.08512522311278632
0.6714285714285715;1196;187;1273;642;0.08605655023239775
0.6714285714285715;1197;180;1225;586;0.08519736015084889
0.6714285714285715;1198;162;1233;590;0.0860088846350925
0.6714285714285715;1199;185;1199;624;0.08781580460756715
0.7857142857142857;1200;198;1174;697;0.09791245442429679
0.7857142857142857;1201;197;1246;719;0.09730239755596543
0.7857142857142857;1202;210;1232;698;0.09934910081679213
0.7857142857142857;1203;219;1176;692;0.09750273610347263
0.7857142857142857;1204;190;1203;725;0.09870923122554087
0.7857142857142857;1205;200;1190;734;0.098088018271303
0.7857142857142857;1206;193;1194;676;0.09693439731142736
0.7857142857142857;1207;229;1244;734;0.09698479355714774
0.7857142857142857;1208;208;1197;700;0.09884820534480064
0.7857142857142857;1209;236;1255;678;0.09830858750692108
0.7857142857142857;1210;210;1261;725;0.09796062224993686
0.7857142857142857;1211;211;1249;647;0.09817520376830029
0.7857142857142857;1212;192;1183;641;0.09794436923905613
0.7857142857142857;1213;209;1228;663;0.09978829161450865
0.7857142857142857;1214;212;1259;702;0.09794368662413948
0.7857142857142857;1215;186;1232;668;0.09684038482797469
0.7857142857142857;1216;204;1167;666;0.09707046140466678
0.7857142857142857;1217;201;1231;678;0.09851956620563686
0.7857142857142857;1218;190;1225;701;0.09735935977981126
0.7857142857142857;1219;218;1244;691;0.09745650597406948
0.7857142857142857;1220;207;1211;683;0.09811041206152771
0.7857142857142857;1221;201;1239;711;0.09753094290390318
0.7857142857142857;1222;207;1131;681;0.0970500275438893
0.7857142857142857;1223;204;1203;662;0.09799873852500926
0.7857142857142857;1224;210;1234;698;0.0978538888605615
0.7857142857142857;1225;202;1248;663;0.09790467322523325
0.7857142857142857;1226;177;1252;667;0.09941291371440307
0.7857142857142857;1227;203;1235;685;0.09773328849192785
0.7857142857142857;1228;215;1236;702;0.0979774491506568
0.7857142857142857;1229;196;1239;661;0.09777538395683484
0.7857142857142857;1230;194;1222;614;0.09805236220078543
0.7857142857142857;1231;187;1190;649;0.0973398408198811
0.7857142857142857;1232;231;1253;697;0.09704115882523143
0.7857142857142857;1233;213;1240;721;0.09725194725712
0.7857142857142857;1234;210;1186;679;0.09815431801607209
0.7857142857142857;1235;207;1201;656;0.09806566295051758
0.7857142857142857;1236;199;1203;658;0.09799322186512414
0.7857142857142857;1237;200;1229;695;0.09843633925987279
0.7857142857142857;1238;217;1225;673;0.09770565557794081
0.7857142857142857;1239;209;1187;667;0.09865726444202164
0.7857142857142857;1240;187;1215;677;0.09882251566734519
0.7857142857142857;1241;198;1258;652;0.09865380450967098
0.7857142857142857;1242;219;1207;687;0.0972052424246515
0.7857142857142857;1243;221;1193;731;0.09747521438759615
0.7857142857142857;1244;182;1172;661;0.09799776008702471
0.7857142857142857;1245;201;1234;686;0.09783535596228049
0.7857142857142857;1246;191;1183;610;0.09782801185248918
0.7857142857142857;1247;236;1226;753;0.09711717889750353
0.7857142857142857;1248;205;1208;720;0.09820321155768767
0.7857142857142857;1249;195;1218;652;0.09709323063035624
0.7857142857142857;1250;206;1205;693;0.09846054715590426
0.7857142857142857;1251;191;1261;691;0.09779132699861402
0.7857142857142857;1252;219;1202;684;0.09709750340543054
0.7857142857142857;1253;209;1223;691;0.09841840852815252
0.7857142857142857;1254;186;1172;609;0.09729612649926843
0.7857142857142857;1255;209;1233;651;0.09792851123408988
0.7857142857142857;1256;211;1209;742;0.0968222751234167
0.7857142857142857;1257;207;1252;663;0.09687496568978986
0.7857142857142857;1258;216;1212;690;0.09845223502020634
0.7857142857142857;1259;203;1235;681;0.09819186601942463
0.7857142857142857;1260;229;1245;716;0.09874187128151588
0.7857142857142857;1261;198;1209;650;0.09886649902816612
0.7857142857142857;1262;191;1242;657;0.09724674727505736
0.7857142857142857;1263;199;1228;656;0.0974549276420975
0.7857142857142857;1264;207;1237;742;0.09771616978045791
0.7857142857142857;1265;200;1220;761;0.09803114703502462
0.7857142857142857;1266;170;1185;672;0.10011734047245743
0.7857142857142857;1267;216;1230;758;0.09926008203705934
0.7857142857142857;1268;236;1197;723;0.09772186500232345
0.7857142857142857;1269;211;1264;680;0.09767832993363555
0.7857142857142857;1270;180;1223;678;0.09768613487907588
0.7857142857142857;1271;200;1240;657;0.0963532947388587
0.7857142857142857;1272;226;1257;682;0.09813253590921259
0.7857142857142857;1273;204;1249;719;0.09864322620754627
0.7857142857142857;1274;197;1222;645;0.09850551129231662
0.7857142857142857;1275;208;1260;700;0.09890025579431572
0.7857142857142857;1276;209;1229;720;0.09886873128728771
0.7857142857142857;1277;214;1289;669;0.09817915668799518
0.7857142857142857;1278;217;1211;652;0.09794363048604106
0.7857142857142857;1279;210;1212;644;0.09834270330174302
0.7857142857142857;1280;191;1258;691;0.097517010307451
0.7857142857142857;1281;200;1221;679;0.09797644134136797
0.7857142857142857;1282;207;1197;706;0.09891001379021186
0.7857142857142857;1283;198;1224;652;0.09741783577763591
0.7857142857142857;1284;214;1232;704;0.09864775887623556
0.7857142857142857;1285;214;1273;711;0.09849839727200996
0.7857142857142857;1286;194;1187;659;0.09773078525827154
0.7857142857142857;1287;200;1199;663;0.0982309216064455
0.7857142857142857;1288;217;1221;723;0.09883808804859666
0.7857142857142857;1289;193;1212;671;0.09694506257736933
0.7857142857142857;1290;199;1204;712;0.09842665235116149
0.7857142857142857;1291;207;1180;672;0.09851805639777407
0.7857142857142857;1292;186;1207;659;0.09724960614415108
0.7857142857142857;1293;200;1243;685;0.09871317021885999
0.7857142857142857;1294;214;1197;706;0.09716359820958466
0.7857142857142857;1295;222;1181;693;0.09812245326731388
0.7857142857142857;1296;194;1211;652;0.0970578840721334
0.7857142857142857;1297;212;1226;678;0.09859520334465738
0.7857142857142857;1298;206;1249;670;0.09826137598739884
0.7857142857142857;1299;202;1246;678;0.09927301960122543
0.7857142857142857;1300;213;1224;653;0.0979331265782115
0.7857142857142857;1301;176;1172;673;0.09922229900409989
0.7857142857142857;1302;198;1216;666;0.09744927581796038
0.7857142857142857;1303;195;1203;658;0.09709622499238703
0.7857142857142857;1304;193;1233;644;0.09752438780661683
0.7857142857142857;1305;193;1225;653;0.09904788262672364
0.7857142857142857;1306;204;1226;690;0.10004289042479572
0.7857142857142857;1307;228;1205;717;0.09897063215687348
0.7857142857142857;1308;194;1212;709;0.09717802113734848
0.7857142857142857;1309;182;1190;656;0.09823043868335739
0.7857142857142857;1310;208;1236;706;0.09721488517379112
0.7857142857142857;1311;208;1235;683;0.09786311598076614
0.7857142857142857;1312;202;1279;722;0.09755214375912061
0.7857142857142857;1313;194;1248;666;0.09884110447877335
0.7857142857142857;1314;210;1226;707;0.0980641680425797
0.7857142857142857;1315;209;1220;701;0.09723601030324512
0.7857142857142857;1316;211;1226;710;0.09835139013298538
0.7857142857142857;1317;192;1254;684;0.09848805604659618
0.7857142857142857;1318;204;1210;655;0.09846209409842847
0.7857142857142857;1319;231;1182;719;0.09839183467900627
0.7857142857142857;1320;224;1189;778;0.09872603021101815
0.7857142857142857;1321;229;1189;712;0.09782208780754888
0.7857142857142857;1322;214;1234;707;0.09763640306606079
0.7857142857142857;1323;190;1212;651;0.09845220109703824
0.7857142857142857;1324;208;1200;684;0.09693916140547336
0.7857142857142857;1325;215;1283;684;0.09937845621066849
0.7857142857142857;1326;210;1209;687;0.09707282062863908
0.7857142857142857;1327;215;1198;703;0.09852048862639576
0.7857142857142857;1328;195;1139;685;0.09895025652202051
0.7857142857142857;1329;210;1214;704;0.09835531312915465
0.7857142857142857;1330;205;1206;697;0.09764160756248311
0.7857142857142857;1331;206;1170;695;0.0975523400206523
0.7857142857142857;1332;194;1214;692;0.09711899526124766
0.7857142857142857;1333;216;1244;694;0.09637815921408649
0.7857142857142857;1334;218;1249;683;0.09793719002090283
0.7857142857142857;1335;212;1173;754;0.09923439121567217
0.7857142857142857;1336;222;1219;713;0.09838187392285591
0.7857142857142857;1337;210;1210;664;0.09855787409004922
0.7857142857142857;1338;204;1232;668;0.09817909501127885
0.7857142857142857;1339;186;1235;643;0.09773831562091871
0.7857142857142857;1340;210;1188;695;0.09787734681811855
0.7857142857142857;1341;188;1239;654;0.09785119900266401
0.7857142857142857;1342;206;1210;665;0.09927533340119388
0.7857142857142857;1343;212;1195;674;0.09771114232059376
0.7857142857142857;1344;212;1226;724;0.09781938232417679
0.7857142857142857;1345;204;1204;687;0.09780931400109459
0.7857142857142857;1346;199;1241;696;0.09867211835111261
0.7857142857142857;1347;206;1239;692;0.09801529143899451
0.7857142857142857;1348;205;1210;672;0.09824864744989353
0.7857142857142857;1349;230;1214;719;0.0994848501606101
0.7857142857142857;1350;207;1251;698;0.09803744500761408
0.7857142857142857;1351;223;1241;711;0.09990031495338278
0.7857142857142857;1352;207;1247;668;0.09820525895426999
0.7857142857142857;1353;217;1214;678;0.09776262558614988
0.7857142857142857;1354;210;1250;703;0.09569147980761514
0.7857142857142857;1355;202;1204;677;0.09824057988711901
0.7857142857142857;1356;194;1218;661;0.09658141184196596
0.7857142857142857;1357;222;1207;717;0.09845647930004586
0.7857142857142857;1358;217;1221;688;0.09856012078966671
0.7857142857142857;1359;207;1211;693;0.09770514485484441
0.7857142857142857;1360;210;1235;712;0.09834736263960867
0.7857142857142857;1361;187;1148;660;0.09867756194549983
0.7857142857142857;1362;223;1170;710;0.09799358281600454
0.7857142857142857;1363;181;1257;632;0.09734619528552356
0.7857142857142857;1364;194;1223;663;0.09684798008687816
0.7857142857142857;1365;230;1223;697;0.09691010280154908
0.7857142857142857;1366;217;1269;668;0.09823677421873063
0.7857142857142857;1367;197;1205;672;0.09830295373886608
0.7857142857142857;1368;213;1175;668;0.09702051793163818
0.7857142857142857;1369;222;1214;689;0.09794151844061784
0.7857142857142857;1370;199;1189;718;0.09937073024272025
0.7857142857142857;1371;224;1246;737;0.0977758976839701
0.7857142857142857;1372;189;1184;655;0.09656463562782144
0.7857142857142857;1373;234;1244;695;0.0994501687851819
0.7857142857142857;1374;218;1201;674;0.09733381722881888
0.7857142857142857;1375;205;1219;726;0.09865538077378849
0.7857142857142857;1376;208;1217;691;0.09704673246181521
0.7857142857142857;1377;206;1215;714;0.09853688807287471
0.7857142857142857;1378;219;1225;725;0.09843086570492447
0.7857142857142857;1379;211;1239;658;0.09747647252442934
0.7857142857142857;1380;190;1200;648;0.09813647393041108
0.7857142857142857;1381;207;1219;705;0.09873361264930582
0.7857142857142857;1382;202;1195;684;0.09782069232203595
0.7857142857142857;1383;198;1199;714;0.0967037251944465
0.7857142857142857;1384;203;1233;679;0.09890553874963687
0.7857142857142857;1385;234;1242;712;0.09897744430371043
0.7857142857142857;1386;217;1205;713;0.0979330169824127
0.7857142857142857;1387;207;1210;691;0.09854340887262415
0.7857142857142857;1388;211;1176;700;0.09733569494202263
0.7857142857142857;1389;179;1231;678;0.09825420011919649
0.7857142857142857;1390;210;1257;743;0.09782417744896206
0.7857142857142857;1391;179;1219;670;0.0987768521874581
0.7857142857142857;1392;197;1260;631;0.09687880173795957
0.7857142857142857;1393;220;1225;708;0.09728575891966518
0.7857142857142857;1394;192;1291;649;0.09666756898287071
0.7857142857142857;1395;205;1183;712;0.09802581190173726
0.7857142857142857;1396;204;1222;640;0.09893155513023126
0.7857142857142857;1397;199;1189;678;0.09785193191541339
0.7857142857142857;1398;208;1203;686;0.09681372629370767
0.7857142857142857;1399;216;1235;713;0.09972725917901036
0.9;1400;201;1202;685;0.10856182133238214
0.9;1401;222;1219;831;0.10992192084695199
0.9;1402;234;1198;784;0.10969711097769455
0.9;1403;226;1225;786;0.10947416052491715
0.9;1404;202;1216;754;0.10925193199996448
0.9;1405;234;1215;777;0.10978767070773958
0.9;1406;216;1200;755;0.10924709064322634
0.9;1407;232;1192;775;0.10807246374652403
0.9;1408;228;1182;755;0.10932200926242609
0.9;1409;261;1224;784;0.10821679200137269
0.9;1410;236;1195;745;0.10787310906646166
0.9;1411;240;1217;771;0.10803912351128092
0.9;1412;232;1200;807;0.10879099420100671
0.9;1413;222;1203;732;0.10802167524078717
0.9;1414;212;1183;727;0.11047828762889268
0.9;1415;255;1182;812;0.10951176375422171
0.9;1416;247;1214;804;0.10965993872524124
0.9;1417;237;1197;798;0.10840989070266296
0.9;1418;220;1231;791;0.10911085070116738
0.9;1419;222;1283;773;0.1094328520390289
0.9;1420;230;1270;786;0.108287823172238
0.9;1421;207;1219;726;0.10959128931089146
0.9;1422;227;1230;765;0.11053983123437962
0.9;1423;241;1187;805;0.10986330584060403
0.9;1424;219;1221;703;0.10970602377261422
0.9;1425;229;1250;783;0.10949155229328236
0.9;1426;218;1213;784;0.108906262619831
0.9;1427;218;1220;773;0.1087152018207544
0.9;1428;230;1204;733;0.10897611040951584
0.9;1429;213;1173;731;0.10973452722211653
0.9;1430;245;1196;737;0.1093577037486716
0.9;1431;236;1219;775;0.10849117743815147
0.9;1432;220;1208;738;0.10932758741889102
0.9;1433;236;1208;777;0.10941938588068091
0.9;1434;216;1254;765;0.10920701631148481
0.9;1435;224;1219;738;0.10895434965058026
0.9;1436;224;1196;771;0.10936169054825688
0.9;1437;219;1220;808;0.10902689072378478
0.9;1438;222;1189;792;0.11044702691827672
0.9;1439;222;1236;754;0.10870509761587029
0.9;1440;224;1190;742;0.11050022856466694
0.9;1441;246;1185;780;0.10895434501574287
0.9;1442;214;1191;754;0.10886990341703177
0.9;1443;248;1251;747;0.10847893960943711
0.9;1444;228;1221;759;0.10976581991327276
0.9;1445;229;1249;802;0.10973155442342339
0.9;1446;230;1255;828;0.10903125322533416
0.9;1447;238;1248;774;0.10993553601966044
0.9;1448;211;1214;692;0.10822157527505279
0.9;1449;257;1212;799;0.1085301883307209
0.9;1450;215;1196;813;0.10985423537900063
0.9;1451;220;1188;738;0.10863882831307145
0.9;1452;219;1226;735;0.10882559650774601
0.9;1453;222;1267;763;0.11016605384803252
0.9;1454;191;1227;711;0.1087833678723355
0.9;1455;236;1238;783;0.10877229131953446
0.9;1456;249;1198;755;0.10860286973561467
0.9;1457;219;1245;723;0.11032229418199689
0.9;1458;217;1260;753;0.10856762427387116
0.9;1459;257;1231;794;0.10958651197961682
0.9;1460;230;1241;791;0.10981272705727142
0.9;1461;226;1254;763;0.10841345683687387
0.9;1462;216;1237;791;0.10890528025666363
0.9;1463;246;1195;811;0.10781071341949684
0.9;1464;209;1245;748;0.10886927383405785
0.9;1465;222;1251;752;0.10925290400800965
0.9;1466;214;1216;786;0.10880952088944586
0.9;1467;232;1263;790;0.10929556173705884
0.9;1468;225;1207;735;0.11062403491296278
0.9;1469;231;1217;752;0.10901514149071817
0.9;1470;256;1207;807;0.10983210189472929
0.9;1471;250;1255;819;0.10849145036754827
0.9;1472;243;1221;801;0.10807257743585669
0.9;1473;216;1201;752;0.10982588572705002
0.9;1474;233;1177;737;0.10888808268969108
0.9;1475;233;1186;806;0.10975730902586917
0.9;1476;226;1219;775;0.10950299190470329
0.9;1477;257;1207;822;0.10929862375122788
0.9;1478;233;1231;740;0.10843412573605596
0.9;1479;217;1223;705;0.11013572348614925
0.9;1480;222;1232;770;0.10935003741842216
0.9;1481;242;1179;798;0.11082054673163803
0.9;1482;241;1208;813;0.10996915888199009
0.9;1483;195;1255;721;0.1090281938775673
0.9;1484;228;1214;733;0.10791829975635413
0.9;1485;215;1245;753;0.10961875189577612
0.9;1486;235;1188;807;0.10821059983435463
0.9;1487;237;1243;742;0.10873459527202173
0.9;1488;217;1180;737;0.10947602197207769
0.9;1489;192;1247;664;0.10909181200276769
0.9;1490;213;1231;735;0.10955645025769897
0.9;1491;245;1202;834;0.1086371193752406
0.9;1492;252;1195;795;0.10948712234530378
0.9;1493;226;1255;780;0.10844859568080481
0.9;1494;199;1201;761;0.10893362944386016
0.9;1495;216;1175;769;0.10940364321226193
0.9;1496;219;1225;726;0.10887514310893617
0.9;1497;241;1242;826;0.11007619237383953
0.9;1498;246;1237;781;0.10844059179999725
0.9;1499;227;1243;822;0.10946061618906466
0.9;1500;231;1184;739;0.1088794128575372
0.9;1501;239;1165;751;0.10994189519558653
0.9;1502;220;1207;747;0.10944140625105069
0.9;1503;230;1265;794;0.1087944484529009
0.9;1504;222;1208;724;0.10936429308923232
0.9;1505;217;1179;792;0.10942062189140744
0.9;1506;255;1230;821;0.10886543714209766
0.9;1507;226;1238;781;0.10907565635992154
0.9;1508;234;1220;752;0.10967664304093475
0.9;1509;230;1205;796;0.10956424008968221
0.9;1510;195;1246;730;0.1093194241842532
0.9;1511;218;1226;790;0.10858952519246849
0.9;1512;259;1163;782;0.10894076101453108
0.9;1513;224;1223;771;0.10854539938945582
0.9;1514;212;1188;744;0.10848403707899297
0.9;1515;229;1202;760;0.10846474513684287
0.9;1516;188;1215;694;0.10887135802337221
0.9;1517;211;1217;813;0.10902537875442374
0.9;1518;234;1254;860;0.10916190606397587
0.9;1519;232;1251;766;0.10875487349792584
0.9;1520;257;1240;833;0.10861482588319613
0.9;1521;245;1167;789;0.10890842845649774
0.9;1522;231;1168;797;0.11025012117703664
0.9;1523;220;1238;752;0.10959146262830087
0.9;1524;207;1221;700;0.10877255012354611
0.9;1525;237;1186;769;0.10881203691847448
0.9;1526;218;1261;769;0.10929453348328892
0.9;1527;230;1244;752;0.10927112890204027
0.9;1528;229;1202;712;0.10970739636774719
0.9;1529;209;1237;752;0.10853717949782055
0.9;1530;220;1234;748;0.10920605686603672
0.9;1531;243;1202;793;0.10908653656100996
0.9;1532;227;1196;722;0.1097085725845832
0.9;1533;228;1216;783;0.10819432229208653
0.9;1534;217;1183;723;0.1104412783857299
0.9;1535;213;1185;713;0.10870566289813473
0.9;1536;211;1201;763;0.10814216542313151
0.9;1537;237;1267;845;0.10880868483102824
0.9;1538;221;1190;720;0.10871753976946738
0.9;1539;191;1194;720;0.10863351621869209
0.9;1540;223;1221;773;0.1092457849264988
0.9;1541;230;1195;751;0.10886567814167575
0.9;1542;227;1225;728;0.1086191379191331
0.9;1543;235;1179;757;0.10887864702659412
0.9;1544;217;1203;737;0.10887979189412907
0.9;1545;218;1228;753;0.10980145406966443
0.9;1546;253;1266;772;0.10926828795901898
0.9;1547;264;1206;805;0.11041482524384251
0.9;1548;222;1224;716;0.10987668162565507
0.9;1549;213;1197;720;0.10987283909659835
0.9;1550;227;1181;741;0.10909904427133937
0.9;1551;249;1219;799;0.1096120385164784
0.9;1552;232;1162;758;0.10947668405342235
0.9;1553;230;1239;769;0.10840493870564022
0.9;1554;217;1236;757;0.10916201138877639
0.9;1555;217;1186;784;0.10979569018644333
0.9;1556;219;1224;781;0.10869909087899975
0.9;1557;239;1247;762;0.10950692747742076
0.9;1558;215;1209;743;0.10951803729862128
0.9;1559;210;1231;764;0.11022535050621265
0.9;1560;223;1238;803;0.10906306780915341
0.9;1561;206;1240;751;0.10916012251572023
0.9;1562;229;1207;732;0.10899739524036497
0.9;1563;231;1245;722;0.10850606920019742
0.9;1564;234;1244;716;0.10938970530091384
0.9;1565;248;1236;775;0.1090852776272689
0.9;1566;221;1226;739;0.10990093268144051
0.9;1567;216;1200;788;0.10914826654349372
0.9;1568;215;1178;711;0.10943092084647402
0.9;1569;226;1205;756;0.10772657988003252
0.9;1570;229;1296;798;0.10938614370267408
0.9;1571;217;1202;735;0.10794568842104112
0.9;1572;244;1277;756;0.109079509487364
0.9;1573;208;1239;756;0.10934394774919008
0.9;1574;242;1204;805;0.10797338785919601
0.9;1575;228;1216;772;0.10836454233695354
0.9;1576;225;1209;784;0.10948137954163326
0.9;1577;221;1182;763;0.1080176367121106
0.9;1578;223;1149;724;0.10948953589031811
0.9;1579;242;1239;759;0.1090441443642405
0.9;1580;210;1219;719;0.10903653306048344
0.9;1581;225;1203;776;0.10916804794915566
0.9;1582;247;1214;803;0.1089247687600921
0.9;1583;220;1209;743;0.11008684861664826
0.9;1584;244;1266;789;0.10933746340700272
0.9;1585;252;1232;824;0.10813526997322691
0.9;1586;221;1218;728;0.10930349322132653
0.9;1587;208;1244;756;0.10882508588437081
0.9;1588;230;1188;763;0.10901220225638295
0.9;1589;214;1204;780;0.1085834541743716
0.9;1590;235;1252;805;0.10924252061294763
0.9;1591;216;1212;735;0.10946532131674894
0.9;1592;227;1256;825;0.10852413746686607
0.9;1593;225;1189;719;0.10806309070372158
0.9;1594;242;1251;795;0.10934675686668496
0.9;1595;225;1271;793;0.1091350299489447
0.9;1596;218;1202;739;0.10851388238444833
0.9;1597;215;1201;772;0.10955408198009656
0.9;1598;219;1232;779;0.10921020768271299
0.9;1599;232;1199;782;0.10996731398376397
