chance_changing_working_status;Run;Denounce;Females;Got attacked;Stress
0.01;0;74;1236;196;0.029508181929578516
0.01;1;83;1129;216;0.030475399868429065
0.01;2;79;1186;213;0.03172178376494058
0.01;3;76;1202;202;0.02920864311817405
0.01;4;86;1247;210;0.029893489844547986
0.01;5;65;1189;201;0.030485083066539742
0.01;6;78;1215;224;0.029183018927626918
0.01;7;67;1181;194;0.029735013703911437
0.01;8;69;1263;197;0.029823344239719288
0.01;9;86;1255;229;0.02995231242464139
0.01;10;78;1220;235;0.02968949481240319
0.01;11;80;1250;228;0.02997968359506935
0.01;12;79;1185;225;0.02997854584233522
0.01;13;86;1280;229;0.029340650535103905
0.01;14;73;1232;217;0.031095380535258014
0.01;15;67;1242;194;0.029752203882452363
0.01;16;78;1223;206;0.03134667128845238
0.01;17;83;1218;214;0.03021486884921635
0.01;18;73;1198;212;0.030440484442352606
0.01;19;61;1221;192;0.030018518147743232
0.01;20;86;1246;199;0.030407145829878947
0.01;21;79;1269;206;0.03010130992913985
0.01;22;78;1202;207;0.029774778427210068
0.01;23;66;1209;229;0.03035667946309793
0.01;24;73;1206;191;0.03086064662355164
0.01;25;73;1183;201;0.03032373666444914
0.01;26;63;1179;184;0.03025142151725167
0.01;27;78;1240;242;0.02984460010679873
0.01;28;80;1240;213;0.03092889313373289
0.01;29;71;1208;217;0.029935579017275206
0.01;30;69;1214;219;0.02965641681585235
0.01;31;75;1240;223;0.030542555534214505
0.01;32;84;1181;230;0.03113557409053347
0.01;33;82;1202;236;0.030553635792070825
0.01;34;82;1182;222;0.029391099886286468
0.01;35;66;1225;213;0.029579215513779955
0.01;36;74;1234;208;0.030767846089056326
0.01;37;83;1188;215;0.030174249238281197
0.01;38;83;1198;231;0.030871114889919966
0.01;39;90;1193;233;0.029791809877650902
0.01;40;68;1249;212;0.030108256630746583
0.01;41;75;1158;219;0.030279922910339874
0.01;42;77;1244;199;0.029242595604757865
0.01;43;72;1229;196;0.029918896658614722
0.01;44;84;1217;223;0.030215814618961563
0.01;45;88;1197;206;0.03070941621685739
0.01;46;80;1214;243;0.030172383384879105
0.01;47;91;1249;209;0.031199950377154038
0.01;48;69;1222;203;0.029192273763352962
0.01;49;68;1157;190;0.029247277390629874
0.01;50;87;1242;245;0.029959678301431997
0.01;51;78;1178;218;0.030349596414579894
0.01;52;62;1220;194;0.030677536358780344
0.01;53;75;1222;200;0.030222923973650766
0.01;54;69;1197;204;0.03082136911068661
0.01;55;63;1224;175;0.029915518038241124
0.01;56;79;1194;223;0.028832000332723474
0.01;57;80;1158;211;0.03033062361256734
0.01;58;83;1224;229;0.030269365584099373
0.01;59;64;1206;199;0.030241830781703536
0.01;60;74;1227;226;0.029902626624715035
0.01;61;81;1237;218;0.030458732579579588
0.01;62;71;1194;204;0.03034711218798838
0.01;63;85;1225;212;0.02950686369880141
0.01;64;80;1167;199;0.02927537149854877
0.01;65;75;1201;202;0.030288629529817396
0.01;66;50;1235;162;0.029695063125764348
0.01;67;79;1178;202;0.03021067048896648
0.01;68;66;1205;191;0.030611547153293766
0.01;69;76;1224;200;0.029633206736099926
0.01;70;71;1256;210;0.029434507280774104
0.01;71;80;1214;224;0.029586410092630903
0.01;72;85;1180;252;0.030638754635451158
0.01;73;84;1209;220;0.029265532769263802
0.01;74;68;1221;179;0.02954580029235001
0.01;75;75;1235;210;0.029959972822492686
0.01;76;72;1219;200;0.029251390885421943
0.01;77;80;1235;237;0.03208494211871647
0.01;78;79;1211;223;0.030762817989725546
0.01;79;66;1259;212;0.029130743042730306
0.01;80;89;1190;220;0.030598129035459366
0.01;81;80;1240;220;0.029455147219202595
0.01;82;88;1231;230;0.030480309006150383
0.01;83;73;1220;196;0.02995221326880365
0.01;84;68;1284;181;0.030120071477879908
0.01;85;73;1159;220;0.030782457539646615
0.01;86;69;1231;200;0.030238162338922802
0.01;87;76;1193;193;0.030501004528016806
0.01;88;76;1160;201;0.03027171531916253
0.01;89;71;1232;202;0.029887082956635523
0.01;90;67;1245;229;0.030937608890553234
0.01;91;72;1219;219;0.030294299223087923
0.01;92;93;1204;237;0.030576203206600573
0.01;93;66;1234;190;0.02912484633895445
0.01;94;78;1208;178;0.03034810747607814
0.01;95;78;1196;215;0.029800607772479667
0.01;96;73;1216;203;0.030051019995382844
0.01;97;93;1185;240;0.029619057847153615
0.01;98;69;1213;183;0.02952015671486382
0.01;99;68;1233;203;0.03080744025833689
0.01;100;65;1241;212;0.02960948816040956
0.01;101;77;1247;245;0.03078554071939597
0.01;102;87;1226;241;0.0295001405287763
0.01;103;77;1247;202;0.030002968276706083
0.01;104;81;1253;199;0.02982411726401739
0.01;105;71;1248;207;0.030421770747777015
0.01;106;84;1168;228;0.029337734109101947
0.01;107;74;1209;222;0.030810727852158548
0.01;108;89;1244;238;0.03024147832122102
0.01;109;80;1205;210;0.03085677164307503
0.01;110;83;1235;225;0.029749930907602088
0.01;111;74;1209;219;0.029704388759531963
0.01;112;59;1224;234;0.03070658892573575
0.01;113;79;1215;221;0.029512145886251808
0.01;114;93;1223;222;0.029704805655772246
0.01;115;76;1219;233;0.030885001310303146
0.01;116;73;1206;210;0.03029930204724624
0.01;117;70;1231;218;0.029114951080477708
0.01;118;63;1226;210;0.031118081067821317
0.01;119;81;1142;216;0.030935379914298133
0.01;120;72;1274;222;0.030301311850528728
0.01;121;63;1257;195;0.030574589265550685
0.01;122;69;1202;208;0.02922184528555948
0.01;123;80;1191;215;0.030557280368271707
0.01;124;67;1170;198;0.029771509760145237
0.01;125;74;1204;200;0.029745231879014095
0.01;126;76;1237;197;0.030329627664246097
0.01;127;59;1240;193;0.029281144687993425
0.01;128;71;1268;185;0.030336646447762808
0.01;129;65;1241;192;0.030142156873442908
0.01;130;79;1209;189;0.030758388908860942
0.01;131;78;1213;198;0.029576464624845703
0.01;132;70;1196;195;0.029944725009134806
0.01;133;71;1217;233;0.03042584627084361
0.01;134;79;1174;214;0.030279624910093856
0.01;135;65;1282;216;0.03095696623328799
0.01;136;77;1194;210;0.03020388820892618
0.01;137;79;1217;213;0.029944802120008877
0.01;138;65;1204;202;0.02902311753894419
0.01;139;76;1215;191;0.02974865527160526
0.01;140;91;1237;225;0.029882520186530058
0.01;141;86;1199;214;0.03020682453376414
0.01;142;73;1256;215;0.03061924545477249
0.01;143;77;1194;192;0.03011261640109608
0.01;144;79;1215;235;0.03026162897454996
0.01;145;71;1222;207;0.029822694261378496
0.01;146;70;1233;196;0.030785097861059398
0.01;147;80;1173;217;0.02996517236713581
0.01;148;74;1195;209;0.03000816829357352
0.01;149;80;1179;224;0.02980778090762702
0.01;150;72;1197;199;0.02971250749798561
0.01;151;77;1203;206;0.029610346954951253
0.01;152;86;1277;219;0.03051209383363722
0.01;153;80;1243;216;0.029290052760545644
0.01;154;83;1225;237;0.031105066313331316
0.01;155;62;1244;184;0.030467951639296217
0.01;156;63;1257;195;0.031426034808817636
0.01;157;96;1223;235;0.030865793244641553
0.01;158;67;1191;192;0.030812706304001226
0.01;159;80;1221;211;0.0305200089071203
0.01;160;77;1195;210;0.03056765627700059
0.01;161;80;1211;218;0.03007727336759645
0.01;162;71;1213;169;0.0296573261276135
0.01;163;79;1186;220;0.03026946051511636
0.01;164;71;1239;215;0.029191833866626316
0.01;165;68;1230;216;0.030290163868950067
0.01;166;71;1241;217;0.03054364861422549
0.01;167;83;1242;256;0.030541473436555784
0.01;168;94;1196;224;0.02983049979187688
0.01;169;59;1255;202;0.03025579583486714
0.01;170;72;1221;207;0.029391204843791575
0.01;171;81;1216;204;0.029471274546304497
0.01;172;72;1181;215;0.03127990329814954
0.01;173;81;1192;221;0.030769217034059347
0.01;174;86;1250;238;0.031071296724364678
0.01;175;72;1260;210;0.03041496870613969
0.01;176;88;1195;216;0.029520673531011593
0.01;177;66;1239;207;0.029783917522372506
0.01;178;82;1248;211;0.03075008306533732
0.01;179;67;1231;204;0.030552076915543687
0.01;180;67;1223;185;0.030633730168973857
0.01;181;85;1247;240;0.029926381967995967
0.01;182;55;1223;184;0.02983366585866888
0.01;183;70;1203;213;0.030917708275781535
0.01;184;79;1186;221;0.02975219952532705
0.01;185;81;1184;220;0.030184719106895554
0.01;186;89;1214;221;0.029733305591901463
0.01;187;72;1181;215;0.03068200352098631
0.01;188;82;1168;204;0.030217729351983517
0.01;189;64;1180;200;0.031398367025297205
0.01;190;95;1208;240;0.031196343882475448
0.01;191;86;1149;207;0.03165562188718497
0.01;192;62;1204;215;0.030970801865982577
0.01;193;84;1242;228;0.029777745744612227
0.01;194;81;1197;189;0.029663781572183804
0.01;195;65;1226;204;0.02972326072698923
0.01;196;72;1217;207;0.030545884797219768
0.01;197;85;1233;207;0.029183093932249344
0.01;198;77;1183;210;0.030262615127240728
0.01;199;72;1170;204;0.029240517107955655
0.07999999999999999;200;85;1217;213;0.02997416314903302
0.07999999999999999;201;76;1187;202;0.030421735275959427
0.07999999999999999;202;74;1217;208;0.029919659585325203
0.07999999999999999;203;74;1195;211;0.030079105215451988
0.07999999999999999;204;83;1224;207;0.0294434380586003
0.07999999999999999;205;71;1195;194;0.029194221471911183
0.07999999999999999;206;64;1190;178;0.029848112111920067
0.07999999999999999;207;84;1177;219;0.029236830273193334
0.07999999999999999;208;74;1207;208;0.02998491733751097
0.07999999999999999;209;61;1215;203;0.02967420372384178
0.07999999999999999;210;64;1204;193;0.0309085492807011
0.07999999999999999;211;69;1240;188;0.03132536948336413
0.07999999999999999;212;71;1216;215;0.030180373384257612
0.07999999999999999;213;69;1187;202;0.03030420184483984
0.07999999999999999;214;69;1259;199;0.03079060205050383
0.07999999999999999;215;80;1246;221;0.030086599071826793
0.07999999999999999;216;90;1282;218;0.030899089589208523
0.07999999999999999;217;83;1183;215;0.030411286258197886
0.07999999999999999;218;100;1208;250;0.029741099567656294
0.07999999999999999;219;59;1217;205;0.02901093378080631
0.07999999999999999;220;68;1146;189;0.02917701026849881
0.07999999999999999;221;75;1233;218;0.030411791151881404
0.07999999999999999;222;80;1215;222;0.03111165614841119
0.07999999999999999;223;83;1198;234;0.03073217410941274
0.07999999999999999;224;79;1241;246;0.03101213927342353
0.07999999999999999;225;85;1191;242;0.030743152877008476
0.07999999999999999;226;79;1177;183;0.029547449198534668
0.07999999999999999;227;75;1266;198;0.029107817356480513
0.07999999999999999;228;76;1203;211;0.031000588661313024
0.07999999999999999;229;79;1230;210;0.029400822129740996
0.07999999999999999;230;74;1180;197;0.030177499508220757
0.07999999999999999;231;79;1220;232;0.03009282411117047
0.07999999999999999;232;85;1262;231;0.03130654449008834
0.07999999999999999;233;80;1184;186;0.028918111179604963
0.07999999999999999;234;79;1266;214;0.031407991362770775
0.07999999999999999;235;90;1237;197;0.02892041917169578
0.07999999999999999;236;68;1231;187;0.031131350538176287
0.07999999999999999;237;67;1182;213;0.029806302875489788
0.07999999999999999;238;82;1214;222;0.0301368375396353
0.07999999999999999;239;71;1216;222;0.02950162481156106
0.07999999999999999;240;68;1213;219;0.030699258012636663
0.07999999999999999;241;67;1229;194;0.02896832236938635
0.07999999999999999;242;66;1264;185;0.029038045012469996
0.07999999999999999;243;86;1288;218;0.029872343659166065
0.07999999999999999;244;63;1186;183;0.03090666245541727
0.07999999999999999;245;84;1226;225;0.030263196217281903
0.07999999999999999;246;75;1253;206;0.031447280943458826
0.07999999999999999;247;73;1176;220;0.031636477553990267
0.07999999999999999;248;73;1265;222;0.030081847240487677
0.07999999999999999;249;61;1194;185;0.029634170613284855
0.07999999999999999;250;84;1162;202;0.03070570787514291
0.07999999999999999;251;93;1223;243;0.030665564388848515
0.07999999999999999;252;63;1245;188;0.029865739387509006
0.07999999999999999;253;81;1244;232;0.029995851744685238
0.07999999999999999;254;78;1214;200;0.03135879614920461
0.07999999999999999;255;79;1252;235;0.030610270184946817
0.07999999999999999;256;86;1260;206;0.029662185153158955
0.07999999999999999;257;80;1269;214;0.029437638895086278
0.07999999999999999;258;79;1217;222;0.030496170602236448
0.07999999999999999;259;80;1210;211;0.02903033381037325
0.07999999999999999;260;68;1165;199;0.0301647313086367
0.07999999999999999;261;77;1250;191;0.029348700141169623
0.07999999999999999;262;60;1191;198;0.030653928723238175
0.07999999999999999;263;62;1212;190;0.029899710007303546
0.07999999999999999;264;77;1277;198;0.029787910982675095
0.07999999999999999;265;76;1269;219;0.0313591373084056
0.07999999999999999;266;73;1184;183;0.02968012308432589
0.07999999999999999;267;86;1254;215;0.030020971178880633
0.07999999999999999;268;87;1221;210;0.03013986643104977
0.07999999999999999;269;68;1191;205;0.030489690549854793
0.07999999999999999;270;87;1254;228;0.02969891309884582
0.07999999999999999;271;81;1228;220;0.030049104895601683
0.07999999999999999;272;60;1258;186;0.030379460286024163
0.07999999999999999;273;82;1244;219;0.030256741681306116
0.07999999999999999;274;70;1237;188;0.030767141901741814
0.07999999999999999;275;80;1216;213;0.02963282530449021
0.07999999999999999;276;68;1166;202;0.030342340691570647
0.07999999999999999;277;81;1252;206;0.030075870682493098
0.07999999999999999;278;89;1226;239;0.029884388043544697
0.07999999999999999;279;75;1260;208;0.030169389667566545
0.07999999999999999;280;80;1217;210;0.029235008638032068
0.07999999999999999;281;64;1188;178;0.029312877064185953
0.07999999999999999;282;69;1229;214;0.030659838027841155
0.07999999999999999;283;87;1228;204;0.030054068658301687
0.07999999999999999;284;86;1209;203;0.030501111182811798
0.07999999999999999;285;73;1200;217;0.030560106994155248
0.07999999999999999;286;73;1196;222;0.02997073450382525
0.07999999999999999;287;78;1233;224;0.03049181471448353
0.07999999999999999;288;77;1253;236;0.03142985396289092
0.07999999999999999;289;61;1179;176;0.030411606556565617
0.07999999999999999;290;89;1237;245;0.03029994021819411
0.07999999999999999;291;82;1249;217;0.031023266936995215
0.07999999999999999;292;71;1213;204;0.029943614722857264
0.07999999999999999;293;73;1264;204;0.029567586497605665
0.07999999999999999;294;80;1203;221;0.030239874210763542
0.07999999999999999;295;61;1178;193;0.030809816296256873
0.07999999999999999;296;76;1215;221;0.030247956037021392
0.07999999999999999;297;66;1166;208;0.029226708405854524
0.07999999999999999;298;67;1204;199;0.030170248695704054
0.07999999999999999;299;80;1250;230;0.03051992589751093
0.07999999999999999;300;65;1231;207;0.030900955085114014
0.07999999999999999;301;82;1217;207;0.030727492523520365
0.07999999999999999;302;70;1233;207;0.0305677352240396
0.07999999999999999;303;76;1185;206;0.03041815820863794
0.07999999999999999;304;81;1217;220;0.030191205551074855
0.07999999999999999;305;64;1208;201;0.030979815079053438
0.07999999999999999;306;86;1239;251;0.030321955663531387
0.07999999999999999;307;59;1255;181;0.03050099964874563
0.07999999999999999;308;67;1267;194;0.03049011687498541
0.07999999999999999;309;78;1199;200;0.03044907421394498
0.07999999999999999;310;89;1241;246;0.030204353401157333
0.07999999999999999;311;75;1199;223;0.03115875663229274
0.07999999999999999;312;88;1226;247;0.03057683632915308
0.07999999999999999;313;68;1254;188;0.030714585652079737
0.07999999999999999;314;82;1210;213;0.03099414000444635
0.07999999999999999;315;85;1200;210;0.03114539387467562
0.07999999999999999;316;73;1246;192;0.030184943762022267
0.07999999999999999;317;76;1237;218;0.029374069436989215
0.07999999999999999;318;72;1201;204;0.03026439397649043
0.07999999999999999;319;77;1235;233;0.030210722471141847
0.07999999999999999;320;79;1194;215;0.030183228868935676
0.07999999999999999;321;92;1258;216;0.03048563881979359
0.07999999999999999;322;76;1197;218;0.031036109718408096
0.07999999999999999;323;63;1162;204;0.02949965204636401
0.07999999999999999;324;65;1217;219;0.029792317830097354
0.07999999999999999;325;78;1244;195;0.02913776642432919
0.07999999999999999;326;79;1271;209;0.029738747989158605
0.07999999999999999;327;89;1202;224;0.030263537378969176
0.07999999999999999;328;65;1242;191;0.029904695259113937
0.07999999999999999;329;77;1241;209;0.030632566565885595
0.07999999999999999;330;72;1244;215;0.030258551586956672
0.07999999999999999;331;56;1236;186;0.030073616248795013
0.07999999999999999;332;61;1249;189;0.029590224318603107
0.07999999999999999;333;67;1248;210;0.02966166537081007
0.07999999999999999;334;79;1196;201;0.02979609835946418
0.07999999999999999;335;80;1213;218;0.02939436510976429
0.07999999999999999;336;86;1194;225;0.030606847929344583
0.07999999999999999;337;79;1220;232;0.02975214612840235
0.07999999999999999;338;70;1227;205;0.03085394180596696
0.07999999999999999;339;67;1204;194;0.02872306980266783
0.07999999999999999;340;88;1209;220;0.03016799131637394
0.07999999999999999;341;83;1185;256;0.029732482518848552
0.07999999999999999;342;80;1221;217;0.029342563445825365
0.07999999999999999;343;78;1172;205;0.03001238932949397
0.07999999999999999;344;61;1245;209;0.031214669001167553
0.07999999999999999;345;59;1172;195;0.0303985284135672
0.07999999999999999;346;80;1241;230;0.03027088413075541
0.07999999999999999;347;76;1209;226;0.030027800461293556
0.07999999999999999;348;76;1219;211;0.02978399485083816
0.07999999999999999;349;85;1212;207;0.030629120175705217
0.07999999999999999;350;77;1232;223;0.029825786279749366
0.07999999999999999;351;63;1171;185;0.028902389503747246
0.07999999999999999;352;83;1214;205;0.029937099055879914
0.07999999999999999;353;69;1237;200;0.03082193683523564
0.07999999999999999;354;77;1178;212;0.029821411385252693
0.07999999999999999;355;86;1271;210;0.02977543577098608
0.07999999999999999;356;85;1216;233;0.030645421448070236
0.07999999999999999;357;75;1168;196;0.030110720376268624
0.07999999999999999;358;63;1233;196;0.028679377027227324
0.07999999999999999;359;73;1186;216;0.029730129835758425
0.07999999999999999;360;73;1215;214;0.02976345714993096
0.07999999999999999;361;92;1206;235;0.03015507460127221
0.07999999999999999;362;61;1256;176;0.03073442423454575
0.07999999999999999;363;77;1195;215;0.029465650832009686
0.07999999999999999;364;76;1238;216;0.03019952386407262
0.07999999999999999;365;83;1249;240;0.029698093195345283
0.07999999999999999;366;76;1197;191;0.030925114335527998
0.07999999999999999;367;71;1210;183;0.030207204526935982
0.07999999999999999;368;56;1203;186;0.03056043002981717
0.07999999999999999;369;74;1232;195;0.030460367143927095
0.07999999999999999;370;82;1219;221;0.030451913687684188
0.07999999999999999;371;80;1270;240;0.030062799810723007
0.07999999999999999;372;64;1235;182;0.029862565980498544
0.07999999999999999;373;85;1235;233;0.030683816311282263
0.07999999999999999;374;79;1221;218;0.030438124010158628
0.07999999999999999;375;74;1233;204;0.02938370651869424
0.07999999999999999;376;74;1232;223;0.029547983353099563
0.07999999999999999;377;71;1188;198;0.03029981765668147
0.07999999999999999;378;76;1222;210;0.030766039092818585
0.07999999999999999;379;74;1217;220;0.030717056745547
0.07999999999999999;380;91;1261;211;0.03002195009634666
0.07999999999999999;381;68;1229;190;0.030302787351383607
0.07999999999999999;382;67;1238;207;0.03020078203140724
0.07999999999999999;383;67;1164;188;0.030255387802669856
0.07999999999999999;384;72;1219;232;0.030147611226826486
0.07999999999999999;385;81;1216;227;0.02967902006947267
0.07999999999999999;386;65;1217;234;0.029489226672030307
0.07999999999999999;387;74;1213;194;0.03041198465195642
0.07999999999999999;388;92;1187;207;0.03054421407167515
0.07999999999999999;389;70;1248;209;0.030779860557002416
0.07999999999999999;390;71;1205;201;0.030166523373151025
0.07999999999999999;391;73;1263;225;0.03060307467702487
0.07999999999999999;392;69;1269;205;0.030009166613223406
0.07999999999999999;393;74;1207;201;0.030494493927878702
0.07999999999999999;394;74;1228;226;0.029709813609524523
0.07999999999999999;395;85;1191;213;0.029762019583191423
0.07999999999999999;396;80;1211;218;0.029701328696702767
0.07999999999999999;397;75;1201;214;0.03075658054826493
0.07999999999999999;398;66;1236;220;0.02971324231164721
0.07999999999999999;399;73;1242;205;0.029400733770438447
0.15;400;77;1248;200;0.029813935095132003
0.15;401;66;1196;207;0.030267387980071114
0.15;402;67;1224;204;0.03078761461531861
0.15;403;79;1221;235;0.030026493288851597
0.15;404;67;1208;218;0.030163036751567146
0.15;405;76;1197;199;0.03052507869124423
0.15;406;60;1213;190;0.029919748331992208
0.15;407;63;1272;194;0.029948183628327792
0.15;408;76;1195;203;0.029474379997486984
0.15;409;83;1257;214;0.029600592559449964
0.15;410;92;1211;228;0.03117459262451753
0.15;411;84;1183;238;0.030930367606087045
0.15;412;81;1243;207;0.029659648525836912
0.15;413;78;1185;206;0.030706431719447914
0.15;414;75;1249;218;0.029654668979232142
0.15;415;74;1194;204;0.030022250864411838
0.15;416;70;1223;225;0.030136585872317805
0.15;417;82;1218;205;0.03024770360652399
0.15;418;85;1220;219;0.02983952476370885
0.15;419;68;1232;194;0.0301888272436632
0.15;420;71;1196;182;0.03030259003815063
0.15;421;64;1180;205;0.030262012368238955
0.15;422;73;1257;211;0.02953363463813152
0.15;423;67;1244;201;0.03001629422107878
0.15;424;96;1197;220;0.029963194338492535
0.15;425;75;1239;220;0.02935608325442618
0.15;426;71;1207;200;0.029966152538809333
0.15;427;68;1173;191;0.029834042569739684
0.15;428;77;1232;232;0.030033328975151277
0.15;429;67;1234;196;0.03101495241190559
0.15;430;78;1196;215;0.02983848993650902
0.15;431;68;1283;183;0.029729483712350194
0.15;432;65;1232;205;0.029987420179090504
0.15;433;84;1231;225;0.029969461869115824
0.15;434;82;1295;217;0.029923043647337808
0.15;435;89;1242;240;0.03176806505194224
0.15;436;78;1249;233;0.031225627042252735
0.15;437;86;1173;248;0.03059433015665253
0.15;438;66;1216;217;0.029254458796308266
0.15;439;94;1227;210;0.03003317495636903
0.15;440;70;1220;206;0.030445035220020667
0.15;441;66;1236;192;0.02966143277427395
0.15;442;63;1210;201;0.031303922433379885
0.15;443;73;1252;235;0.030835778069336836
0.15;444;75;1220;189;0.030022763365096357
0.15;445;68;1221;211;0.031044526986328987
0.15;446;66;1241;197;0.03022361851720206
0.15;447;77;1215;193;0.029263331212048875
0.15;448;63;1209;194;0.03141411024029287
0.15;449;77;1262;198;0.02934117568966298
0.15;450;65;1183;197;0.029896283235296476
0.15;451;73;1193;218;0.0299948197953011
0.15;452;75;1239;204;0.029092334466947513
0.15;453;87;1142;224;0.030702343338018596
0.15;454;67;1194;189;0.030205587827953188
0.15;455;89;1292;265;0.031178365646863465
0.15;456;69;1179;200;0.030692581552580103
0.15;457;72;1220;217;0.02993661061041292
0.15;458;59;1238;206;0.03065013764993618
0.15;459;81;1195;243;0.030346817854171756
0.15;460;73;1163;195;0.030086269909505855
0.15;461;69;1221;182;0.030644550755112823
0.15;462;76;1204;218;0.029986669968352576
0.15;463;84;1172;223;0.030241915351553093
0.15;464;69;1189;190;0.029178269350928075
0.15;465;80;1251;238;0.029993917244134152
0.15;466;75;1222;208;0.028656172787425323
0.15;467;72;1214;190;0.03003247310421179
0.15;468;83;1187;215;0.03024211464373227
0.15;469;66;1226;186;0.030212113605718443
0.15;470;79;1185;216;0.029168716273625085
0.15;471;78;1236;226;0.030405247117214384
0.15;472;74;1209;194;0.030920925464350813
0.15;473;78;1246;233;0.030228506361800186
0.15;474;72;1204;225;0.029649276290296834
0.15;475;58;1240;185;0.029609271826379187
0.15;476;67;1234;191;0.030526337155384886
0.15;477;84;1221;214;0.030204544863879426
0.15;478;91;1238;259;0.030367214850956944
0.15;479;66;1247;219;0.029160410432197918
0.15;480;92;1196;218;0.028997669975872838
0.15;481;70;1222;180;0.030621832625989536
0.15;482;70;1196;227;0.030171673225625324
0.15;483;81;1276;217;0.02982925604768033
0.15;484;87;1229;215;0.029400405614129013
0.15;485;82;1184;241;0.0312345669403962
0.15;486;72;1201;205;0.02972718316584694
0.15;487;87;1213;226;0.029969144147480337
0.15;488;72;1232;191;0.030212751407909702
0.15;489;79;1216;220;0.030117476352258445
0.15;490;74;1211;188;0.030023909590448115
0.15;491;73;1236;239;0.03086123135789458
0.15;492;78;1205;210;0.02948666976134023
0.15;493;79;1224;223;0.030784156349635928
0.15;494;60;1212;196;0.02998018729955765
0.15;495;84;1231;207;0.030231193798806306
0.15;496;83;1217;215;0.03062585868304061
0.15;497;71;1231;228;0.030081214961813263
0.15;498;62;1230;216;0.029977113423644383
0.15;499;69;1237;204;0.029564741211760604
0.15;500;70;1235;217;0.030439414517447413
0.15;501;65;1179;200;0.030500897056257314
0.15;502;77;1238;228;0.029273251921134343
0.15;503;85;1178;236;0.02969383271760541
0.15;504;79;1206;217;0.029862339701808988
0.15;505;66;1211;172;0.02962986583270225
0.15;506;62;1245;211;0.03001492459220358
0.15;507;72;1228;216;0.029684286414249837
0.15;508;78;1196;216;0.02989760302225798
0.15;509;75;1196;206;0.030656380277379
0.15;510;79;1255;228;0.029663453134361153
0.15;511;77;1258;197;0.03048711920927168
0.15;512;64;1225;194;0.03059969434057927
0.15;513;84;1224;214;0.029242809389690164
0.15;514;71;1225;206;0.03001170363506268
0.15;515;73;1240;214;0.030320115530092808
0.15;516;69;1253;191;0.029674202740735733
0.15;517;62;1193;220;0.030460979168223257
0.15;518;72;1215;202;0.029622332939256594
0.15;519;78;1238;175;0.030121094719214172
0.15;520;79;1224;228;0.029640477415127015
0.15;521;69;1210;186;0.029922690576071265
0.15;522;68;1247;210;0.02909310980864317
0.15;523;66;1197;203;0.029725660837284028
0.15;524;77;1158;212;0.030335244890731042
0.15;525;77;1248;205;0.02936424948451448
0.15;526;78;1243;216;0.030890906258692303
0.15;527;68;1191;176;0.03118724594196398
0.15;528;92;1197;221;0.030329113467361987
0.15;529;71;1198;211;0.029815259377830118
0.15;530;66;1240;205;0.029801732616237187
0.15;531;87;1244;240;0.029978969581061637
0.15;532;85;1218;218;0.03094748477741561
0.15;533;79;1195;227;0.030830631317938555
0.15;534;71;1249;213;0.02995064399212296
0.15;535;78;1227;191;0.0300000485769062
0.15;536;73;1284;201;0.030682214313389567
0.15;537;68;1210;192;0.029215701366495955
0.15;538;78;1196;187;0.030586282088493125
0.15;539;86;1251;216;0.029640861137737305
0.15;540;66;1171;203;0.030178493307055923
0.15;541;69;1255;196;0.030117123273283804
0.15;542;73;1203;207;0.029964676817481113
0.15;543;76;1230;210;0.03054927993838815
0.15;544;73;1164;224;0.030243598005067467
0.15;545;66;1259;191;0.029599619917195917
0.15;546;69;1235;207;0.030774377564766513
0.15;547;75;1189;224;0.02927615161425806
0.15;548;74;1260;211;0.030773674669466063
0.15;549;78;1297;214;0.028883051437650006
0.15;550;59;1199;206;0.030049336192736118
0.15;551;70;1231;207;0.030830201575063176
0.15;552;88;1159;226;0.030632760166072907
0.15;553;53;1180;184;0.03070124122036754
0.15;554;68;1221;186;0.029123174878307272
0.15;555;67;1183;206;0.03024783432659919
0.15;556;80;1305;248;0.02971090637608591
0.15;557;78;1231;240;0.029626037108964436
0.15;558;63;1172;194;0.02964993377931828
0.15;559;61;1194;183;0.030664264212551338
0.15;560;71;1199;215;0.029870327540577796
0.15;561;78;1248;190;0.030018086276646753
0.15;562;78;1226;215;0.030771614744635866
0.15;563;79;1256;208;0.029448053071309165
0.15;564;72;1227;218;0.02960004520977103
0.15;565;78;1215;206;0.029511697638832223
0.15;566;75;1208;196;0.028943052235516967
0.15;567;82;1223;216;0.030718037814485427
0.15;568;102;1270;241;0.03053909423801343
0.15;569;71;1189;184;0.0309400405319255
0.15;570;68;1235;195;0.02928733778613805
0.15;571;64;1210;199;0.030002387724782295
0.15;572;84;1230;222;0.03000048351208811
0.15;573;84;1251;238;0.03183078876905421
0.15;574;71;1199;234;0.030442579509227748
0.15;575;72;1178;190;0.02965710193159286
0.15;576;72;1204;194;0.03097304279685778
0.15;577;71;1267;192;0.030649348200460474
0.15;578;67;1243;193;0.030129955881226946
0.15;579;79;1208;228;0.030076186023238347
0.15;580;76;1247;189;0.029743395060198217
0.15;581;64;1203;219;0.030358583265801903
0.15;582;67;1224;203;0.030245127491278043
0.15;583;91;1200;223;0.029757963622163045
0.15;584;83;1241;224;0.03053743006689096
0.15;585;82;1221;200;0.03025646404480331
0.15;586;66;1163;192;0.03004674353858023
0.15;587;68;1180;198;0.029657164834227357
0.15;588;78;1219;209;0.02963442352602806
0.15;589;80;1231;203;0.029974436504918926
0.15;590;59;1207;193;0.029971644937364594
0.15;591;89;1207;235;0.03126439891755821
0.15;592;79;1237;209;0.030429767970758848
0.15;593;60;1226;191;0.0293795115210903
0.15;594;73;1206;242;0.030710297849602962
0.15;595;80;1226;202;0.03035163353773077
0.15;596;65;1192;213;0.0292985552147489
0.15;597;83;1233;231;0.030028281921819316
0.15;598;71;1206;190;0.03078465948481665
0.15;599;86;1222;230;0.03141280015806317
0.21999999999999997;600;68;1233;203;0.029962434175371394
0.21999999999999997;601;74;1245;230;0.030932227609400353
0.21999999999999997;602;68;1224;181;0.031018109825240166
0.21999999999999997;603;68;1258;199;0.03068376738410773
0.21999999999999997;604;75;1185;219;0.02979745722227396
0.21999999999999997;605;62;1214;198;0.029809118138528094
0.21999999999999997;606;59;1209;199;0.02972903199622745
0.21999999999999997;607;71;1253;196;0.030718981827069416
0.21999999999999997;608;86;1211;209;0.03071835731023812
0.21999999999999997;609;79;1254;212;0.030490768690561398
0.21999999999999997;610;66;1212;225;0.03024780155901048
0.21999999999999997;611;88;1258;244;0.030282583205104067
0.21999999999999997;612;71;1221;216;0.030637645809089155
0.21999999999999997;613;71;1211;210;0.030023236288303744
0.21999999999999997;614;88;1266;217;0.030174895506836965
0.21999999999999997;615;74;1236;180;0.02956696017565308
0.21999999999999997;616;66;1157;199;0.029917615107559064
0.21999999999999997;617;82;1171;200;0.030400041362866947
0.21999999999999997;618;78;1246;202;0.03072536125931315
0.21999999999999997;619;76;1260;232;0.03137721493682648
0.21999999999999997;620;69;1200;230;0.029966639614958202
0.21999999999999997;621;83;1208;203;0.030361757385652954
0.21999999999999997;622;71;1204;195;0.030518263936823147
0.21999999999999997;623;73;1266;215;0.030382853669900584
0.21999999999999997;624;60;1254;196;0.03036909607963011
0.21999999999999997;625;66;1236;202;0.029708610549485998
0.21999999999999997;626;75;1226;220;0.029508922946268733
0.21999999999999997;627;94;1211;252;0.029973256812448966
0.21999999999999997;628;78;1203;200;0.03048333703619592
0.21999999999999997;629;69;1223;191;0.030341363050521358
0.21999999999999997;630;81;1240;231;0.03017536682534941
0.21999999999999997;631;72;1233;223;0.028888353031721905
0.21999999999999997;632;65;1253;192;0.02940934021479731
0.21999999999999997;633;66;1195;194;0.030169078357346273
0.21999999999999997;634;74;1226;230;0.029741929816445103
0.21999999999999997;635;72;1221;195;0.028254678486515115
0.21999999999999997;636;86;1192;230;0.03059435776886664
0.21999999999999997;637;84;1260;234;0.03179843038488147
0.21999999999999997;638;90;1227;222;0.030246600440540967
0.21999999999999997;639;65;1197;174;0.029994862217277284
0.21999999999999997;640;67;1246;217;0.030028496268868086
0.21999999999999997;641;86;1222;221;0.029555036617915576
0.21999999999999997;642;78;1204;238;0.029803397817720033
0.21999999999999997;643;76;1265;225;0.030032605207049225
0.21999999999999997;644;58;1264;176;0.03088569472241847
0.21999999999999997;645;75;1207;205;0.03068951155019857
0.21999999999999997;646;65;1165;182;0.03027231794455927
0.21999999999999997;647;76;1216;227;0.030596275925964735
0.21999999999999997;648;77;1234;214;0.029766048270943448
0.21999999999999997;649;85;1244;220;0.03073370134413426
0.21999999999999997;650;83;1207;230;0.030530791079258712
0.21999999999999997;651;71;1198;201;0.03058209335536206
0.21999999999999997;652;66;1191;184;0.03012947183715133
0.21999999999999997;653;53;1265;179;0.029775083506497338
0.21999999999999997;654;70;1190;197;0.029330081233305744
0.21999999999999997;655;78;1256;231;0.030398533293670562
0.21999999999999997;656;84;1218;195;0.030420407469786123
0.21999999999999997;657;80;1215;210;0.030034098223863666
0.21999999999999997;658;87;1166;199;0.03000239668700974
0.21999999999999997;659;71;1227;206;0.030471458063416418
0.21999999999999997;660;74;1198;219;0.03036652624342025
0.21999999999999997;661;83;1231;233;0.030768988117507494
0.21999999999999997;662;68;1251;182;0.02994286443310893
0.21999999999999997;663;74;1225;182;0.030016486329353834
0.21999999999999997;664;80;1189;195;0.029341894129485332
0.21999999999999997;665;74;1186;204;0.02934018760904051
0.21999999999999997;666;96;1261;232;0.030489190797862428
0.21999999999999997;667;76;1202;199;0.029750649835409284
0.21999999999999997;668;60;1241;172;0.029505626768192062
0.21999999999999997;669;67;1228;200;0.029452220669695377
0.21999999999999997;670;75;1224;181;0.030757655340977103
0.21999999999999997;671;77;1213;195;0.029972699672821023
0.21999999999999997;672;74;1212;230;0.03004063422897532
0.21999999999999997;673;81;1193;222;0.02962038561933715
0.21999999999999997;674;73;1234;199;0.030495104248780085
0.21999999999999997;675;66;1222;216;0.03040746088932021
0.21999999999999997;676;72;1185;193;0.02962335374372232
0.21999999999999997;677;69;1214;214;0.029279316080446215
0.21999999999999997;678;80;1245;233;0.030630618313603353
0.21999999999999997;679;73;1237;182;0.030477800694249258
0.21999999999999997;680;80;1204;223;0.031077406965983094
0.21999999999999997;681;60;1257;190;0.029841494876976425
0.21999999999999997;682;74;1172;186;0.030391874326712878
0.21999999999999997;683;79;1186;203;0.029915588683119367
0.21999999999999997;684;68;1176;202;0.029823279378515026
0.21999999999999997;685;68;1206;192;0.030518092289137187
0.21999999999999997;686;74;1180;193;0.030190520765482617
0.21999999999999997;687;81;1205;206;0.02952417808756957
0.21999999999999997;688;75;1183;207;0.029937512098946968
0.21999999999999997;689;70;1255;200;0.029554816150514404
0.21999999999999997;690;62;1246;194;0.029558606167527677
0.21999999999999997;691;61;1209;202;0.030153366586414716
0.21999999999999997;692;86;1232;223;0.031032935809643267
0.21999999999999997;693;75;1221;216;0.02944791717453689
0.21999999999999997;694;76;1198;196;0.02936554629821467
0.21999999999999997;695;71;1239;207;0.030182719414287764
0.21999999999999997;696;93;1217;242;0.03030840047753599
0.21999999999999997;697;73;1198;220;0.029969286979199972
0.21999999999999997;698;70;1200;184;0.029676852461821175
0.21999999999999997;699;72;1213;220;0.030316475290625623
0.21999999999999997;700;99;1198;219;0.02965357226576956
0.21999999999999997;701;86;1242;253;0.030179569431597365
0.21999999999999997;702;79;1227;233;0.030826134731638553
0.21999999999999997;703;76;1246;221;0.030308914381811054
0.21999999999999997;704;71;1196;198;0.02944859447524351
0.21999999999999997;705;86;1242;209;0.030448105783454516
0.21999999999999997;706;68;1248;190;0.028936909813340978
0.21999999999999997;707;74;1225;206;0.029642918399817485
0.21999999999999997;708;74;1236;226;0.030532936485322654
0.21999999999999997;709;91;1238;248;0.03011418975838849
0.21999999999999997;710;87;1207;209;0.030685811659632453
0.21999999999999997;711;75;1262;242;0.030716687381648407
0.21999999999999997;712;78;1229;213;0.030245267727292597
0.21999999999999997;713;73;1197;212;0.029929803423273164
0.21999999999999997;714;66;1243;216;0.030351530931503008
0.21999999999999997;715;70;1205;207;0.029668521575891716
0.21999999999999997;716;61;1203;203;0.029212794259420808
0.21999999999999997;717;71;1180;217;0.02947652736131924
0.21999999999999997;718;73;1197;188;0.030132335024448724
0.21999999999999997;719;76;1210;213;0.02914974605042027
0.21999999999999997;720;76;1205;197;0.029764324272171638
0.21999999999999997;721;87;1228;236;0.029978936462985873
0.21999999999999997;722;78;1233;200;0.03010270132390374
0.21999999999999997;723;66;1192;186;0.03002064430723364
0.21999999999999997;724;63;1190;187;0.029679450304110306
0.21999999999999997;725;85;1214;223;0.03041923660832037
0.21999999999999997;726;78;1201;210;0.031242470116619566
0.21999999999999997;727;62;1219;191;0.030136265445395577
0.21999999999999997;728;73;1208;229;0.030440497990133857
0.21999999999999997;729;75;1243;200;0.030536404346699516
0.21999999999999997;730;74;1215;201;0.029899613203166617
0.21999999999999997;731;80;1238;226;0.030680434672981118
0.21999999999999997;732;78;1260;212;0.030845412185827134
0.21999999999999997;733;71;1235;203;0.02991166320015496
0.21999999999999997;734;72;1251;202;0.029845694311789184
0.21999999999999997;735;63;1181;181;0.02946519479118094
0.21999999999999997;736;76;1220;194;0.03023638168386983
0.21999999999999997;737;64;1217;183;0.029654574638131856
0.21999999999999997;738;89;1190;233;0.031019183708649627
0.21999999999999997;739;75;1222;210;0.030683270695840027
0.21999999999999997;740;85;1181;211;0.03010060845968753
0.21999999999999997;741;76;1173;218;0.029812547240442418
0.21999999999999997;742;84;1263;249;0.028467690702594355
0.21999999999999997;743;65;1234;214;0.029838738513639326
0.21999999999999997;744;86;1250;222;0.030396385022072446
0.21999999999999997;745;81;1214;211;0.03014946204780479
0.21999999999999997;746;81;1198;207;0.030274296344033943
0.21999999999999997;747;90;1227;207;0.030090677245739553
0.21999999999999997;748;80;1204;216;0.03051075891979742
0.21999999999999997;749;79;1164;205;0.02966652134788692
0.21999999999999997;750;63;1233;195;0.030691734305087287
0.21999999999999997;751;74;1249;232;0.030992459647473262
0.21999999999999997;752;59;1259;189;0.02941284002508396
0.21999999999999997;753;71;1209;191;0.03027397937206129
0.21999999999999997;754;78;1195;210;0.031108742995953988
0.21999999999999997;755;78;1192;207;0.031061248329850303
0.21999999999999997;756;79;1220;236;0.030497488775639
0.21999999999999997;757;71;1213;237;0.03018912364235026
0.21999999999999997;758;72;1188;201;0.029982461975997562
0.21999999999999997;759;88;1159;222;0.030385880593412778
0.21999999999999997;760;78;1227;211;0.03003422008681843
0.21999999999999997;761;76;1213;201;0.03147602003530282
0.21999999999999997;762;72;1180;201;0.030182161726995883
0.21999999999999997;763;83;1192;223;0.030138489344856176
0.21999999999999997;764;55;1272;179;0.030596989906961154
0.21999999999999997;765;72;1225;203;0.028849018617241227
0.21999999999999997;766;73;1257;207;0.02943189940875772
0.21999999999999997;767;69;1208;204;0.030702595505846038
0.21999999999999997;768;76;1206;183;0.03015949743388193
0.21999999999999997;769;78;1228;203;0.029686729763374043
0.21999999999999997;770;85;1244;214;0.030038463915587788
0.21999999999999997;771;70;1215;203;0.030254273933824564
0.21999999999999997;772;74;1239;176;0.02893269471348273
0.21999999999999997;773;75;1221;196;0.030082647765062608
0.21999999999999997;774;91;1210;224;0.02942788933002748
0.21999999999999997;775;78;1223;207;0.03005734962140722
0.21999999999999997;776;75;1225;198;0.030339816149046996
0.21999999999999997;777;87;1231;245;0.03118752727269625
0.21999999999999997;778;76;1220;228;0.029678713938651177
0.21999999999999997;779;63;1168;192;0.029747825783446077
0.21999999999999997;780;62;1181;190;0.029672770178684322
0.21999999999999997;781;73;1178;209;0.03044238484723414
0.21999999999999997;782;81;1222;223;0.031663887795759786
0.21999999999999997;783;55;1239;185;0.02946884432919221
0.21999999999999997;784;69;1193;196;0.029399278725657268
0.21999999999999997;785;83;1211;219;0.030875714759285893
0.21999999999999997;786;83;1280;210;0.031116847134991795
0.21999999999999997;787;68;1235;203;0.0303641864050229
0.21999999999999997;788;70;1249;188;0.030978455228962296
0.21999999999999997;789;79;1243;233;0.031846912079988715
0.21999999999999997;790;81;1197;219;0.029547331404535186
0.21999999999999997;791;74;1159;219;0.030665756650000053
0.21999999999999997;792;71;1234;207;0.029957368444143172
0.21999999999999997;793;72;1252;197;0.02969789699542939
0.21999999999999997;794;70;1222;199;0.029546974291958846
0.21999999999999997;795;78;1190;207;0.02910466529195683
0.21999999999999997;796;80;1240;208;0.029650209605601663
0.21999999999999997;797;72;1260;185;0.0312668738131947
0.21999999999999997;798;74;1227;221;0.030576515293789335
0.21999999999999997;799;82;1231;223;0.030994858381943408
0.29;800;70;1269;201;0.029713116590635805
0.29;801;84;1172;207;0.030798204725055876
0.29;802;61;1232;172;0.03067694912485343
0.29;803;71;1245;242;0.02989336247438923
0.29;804;72;1269;194;0.029413725147806775
0.29;805;78;1229;202;0.030310653213520573
0.29;806;67;1201;203;0.030602874496597206
0.29;807;66;1191;185;0.029106178371577494
0.29;808;85;1228;238;0.03001205606588509
0.29;809;82;1246;219;0.030625308012736045
0.29;810;89;1215;221;0.03017481894812109
0.29;811;83;1237;215;0.030471990333376327
0.29;812;77;1191;207;0.02981919164538214
0.29;813;84;1191;234;0.03138894114170373
0.29;814;64;1237;196;0.02983348733002173
0.29;815;74;1223;224;0.029378902924158783
0.29;816;76;1241;217;0.03036368489440632
0.29;817;62;1196;186;0.030249747725341312
0.29;818;86;1214;204;0.029154240289781898
0.29;819;69;1214;208;0.029865328123132424
0.29;820;76;1200;205;0.030838862386137714
0.29;821;61;1195;221;0.03233654941921435
0.29;822;71;1239;207;0.03040450328885256
0.29;823;88;1186;225;0.030798607249934617
0.29;824;72;1219;222;0.029422063434364994
0.29;825;81;1230;205;0.029438489830957065
0.29;826;62;1224;198;0.029670429980488685
0.29;827;74;1242;189;0.029622798170669172
0.29;828;66;1233;189;0.030053174741477937
0.29;829;76;1223;195;0.031364038660110255
0.29;830;79;1185;232;0.030505127956547865
0.29;831;72;1168;187;0.029477667841335906
0.29;832;64;1188;171;0.029950421857598178
0.29;833;72;1212;191;0.03059326036886325
0.29;834;82;1220;204;0.028979612444614694
0.29;835;63;1219;200;0.030546277018135802
0.29;836;64;1191;199;0.02907226521627492
0.29;837;88;1224;229;0.030778907082202645
0.29;838;63;1248;187;0.030016923095121047
0.29;839;78;1285;235;0.029627636888026915
0.29;840;64;1194;204;0.030290627950016146
0.29;841;88;1267;222;0.03093122450067686
0.29;842;66;1233;203;0.031063012874547772
0.29;843;70;1222;199;0.02974482188867338
0.29;844;67;1183;183;0.028995242037914707
0.29;845;73;1221;195;0.03094750429950798
0.29;846;82;1249;222;0.029115618536657575
0.29;847;49;1198;179;0.02957969950579504
0.29;848;55;1165;187;0.03086922671647984
0.29;849;66;1232;182;0.030221460442268696
0.29;850;72;1223;195;0.03000932816926303
0.29;851;71;1201;175;0.030142107741469856
0.29;852;90;1223;216;0.03037156774681536
0.29;853;68;1205;208;0.03021079071918462
0.29;854;69;1180;190;0.030781676604590493
0.29;855;82;1213;217;0.029947969734319183
0.29;856;74;1217;188;0.02971979426703667
0.29;857;69;1215;201;0.02858796127886055
0.29;858;79;1219;197;0.029980668906681055
0.29;859;65;1221;181;0.03011789696547167
0.29;860;68;1204;189;0.030099820186836313
0.29;861;88;1244;218;0.0297812282568001
0.29;862;68;1186;205;0.030787439355297392
0.29;863;72;1228;211;0.030260418074459366
0.29;864;90;1233;217;0.029922795136969844
0.29;865;78;1212;230;0.030746263982543917
0.29;866;73;1207;198;0.029211643558890277
0.29;867;82;1251;203;0.029994083376292578
0.29;868;73;1198;208;0.030385196026601616
0.29;869;75;1225;222;0.03027646537104026
0.29;870;67;1237;216;0.030731003854712422
0.29;871;63;1203;195;0.029535648843096778
0.29;872;77;1178;209;0.030680479611930513
0.29;873;68;1193;211;0.03080484999284084
0.29;874;67;1255;205;0.030582597281766623
0.29;875;63;1217;234;0.0307414270869583
0.29;876;65;1176;175;0.030243291192788246
0.29;877;78;1199;215;0.03078398440263425
0.29;878;79;1211;190;0.029203063096069893
0.29;879;81;1242;206;0.028782275947437912
0.29;880;69;1204;180;0.029919440884004635
0.29;881;88;1155;225;0.03106435419425089
0.29;882;68;1174;196;0.029876857968653733
0.29;883;78;1213;216;0.030012827968978834
0.29;884;79;1230;211;0.029749670282764307
0.29;885;67;1290;212;0.0293853776022858
0.29;886;71;1185;231;0.030469880127920155
0.29;887;68;1257;210;0.030027652125702766
0.29;888;78;1270;236;0.030409627190611962
0.29;889;66;1222;199;0.029898151183846526
0.29;890;83;1201;218;0.03104353224663818
0.29;891;70;1244;202;0.030157641135718897
0.29;892;84;1185;208;0.030160715561484166
0.29;893;88;1264;213;0.03102997912681358
0.29;894;63;1170;190;0.028888751314330014
0.29;895;65;1224;194;0.03010835778586285
0.29;896;67;1260;208;0.028930586658090205
0.29;897;63;1213;189;0.03070975143259334
0.29;898;61;1213;213;0.030618807180938366
0.29;899;82;1213;199;0.03015703702802162
0.29;900;75;1304;197;0.030069784046454877
0.29;901;77;1187;209;0.029914081297446014
0.29;902;67;1264;185;0.029493961817951705
0.29;903;87;1233;246;0.0304161180470942
0.29;904;73;1186;188;0.030262079630674395
0.29;905;64;1190;183;0.030705569015895617
0.29;906;74;1218;212;0.029749742352600035
0.29;907;65;1233;190;0.02954493781161647
0.29;908;62;1224;185;0.030186404596872028
0.29;909;74;1236;218;0.029865189700443228
0.29;910;69;1206;198;0.02994088974306335
0.29;911;79;1197;211;0.029425089369865213
0.29;912;76;1238;225;0.03052044031487017
0.29;913;66;1207;187;0.029523043473540577
0.29;914;74;1199;199;0.030646511389333542
0.29;915;65;1214;179;0.029423080155396474
0.29;916;75;1219;200;0.03177390888180226
0.29;917;73;1206;195;0.03078018135251763
0.29;918;72;1222;199;0.029597728947801796
0.29;919;73;1176;197;0.029703606208515525
0.29;920;87;1184;245;0.03148206860843289
0.29;921;61;1238;180;0.03003291299752189
0.29;922;67;1181;199;0.029790865488045208
0.29;923;84;1227;220;0.02977306662090075
0.29;924;56;1205;191;0.031215509511742595
0.29;925;74;1228;196;0.029875347726704315
0.29;926;69;1240;185;0.030792786043262563
0.29;927;90;1194;263;0.029661541524992133
0.29;928;76;1194;200;0.030780115685149784
0.29;929;69;1213;208;0.031365728440689175
0.29;930;79;1235;196;0.029471247145762016
0.29;931;73;1211;193;0.030617795284731134
0.29;932;81;1230;238;0.03082249061977499
0.29;933;76;1208;192;0.03006171095092517
0.29;934;66;1235;186;0.02941905493199888
0.29;935;60;1245;196;0.031029493044194827
0.29;936;91;1186;221;0.029741183221150228
0.29;937;70;1279;188;0.03010990814829547
0.29;938;55;1228;181;0.03059588257508724
0.29;939;82;1195;224;0.029875146307044777
0.29;940;70;1230;206;0.02928758284364406
0.29;941;80;1269;219;0.031054517729605775
0.29;942;74;1250;229;0.030185798709681858
0.29;943;73;1223;232;0.029407379320444987
0.29;944;79;1188;199;0.02968001585869372
0.29;945;68;1208;180;0.029647368422923967
0.29;946;70;1193;196;0.03066692987742976
0.29;947;71;1242;241;0.030903255658946825
0.29;948;74;1256;205;0.029798948868706845
0.29;949;69;1233;183;0.030341761298529286
0.29;950;61;1178;177;0.030375272542645673
0.29;951;71;1216;207;0.029058078619328864
0.29;952;60;1168;200;0.030971036563769393
0.29;953;82;1245;235;0.030340276735428558
0.29;954;88;1260;224;0.030543197870432196
0.29;955;86;1220;235;0.03027392493502162
0.29;956;75;1225;181;0.029263915392737334
0.29;957;82;1189;216;0.02988286850588977
0.29;958;79;1211;201;0.029915947266497406
0.29;959;85;1268;223;0.031356003148139015
0.29;960;64;1204;211;0.030142115124685124
0.29;961;82;1241;227;0.030610014618281688
0.29;962;73;1240;198;0.030037242450012405
0.29;963;93;1216;215;0.030062030295916753
0.29;964;79;1195;212;0.02918150457618324
0.29;965;75;1219;217;0.03026872624383822
0.29;966;80;1265;231;0.030224503138003428
0.29;967;72;1220;198;0.030288204978974314
0.29;968;74;1204;228;0.030004959948727303
0.29;969;70;1223;226;0.029862341447468976
0.29;970;82;1250;233;0.030924680408467815
0.29;971;70;1169;197;0.031140635212290168
0.29;972;83;1248;222;0.029833324951632035
0.29;973;72;1226;206;0.029668981310169384
0.29;974;72;1194;211;0.03019389540694729
0.29;975;66;1195;202;0.02968114455961301
0.29;976;70;1237;205;0.030019546750861617
0.29;977;84;1229;210;0.031153799251659772
0.29;978;69;1203;215;0.030260066496473642
0.29;979;89;1237;223;0.031209820626378962
0.29;980;79;1199;220;0.03073734776709063
0.29;981;73;1234;191;0.0297389684423223
0.29;982;83;1200;219;0.03141015335112915
0.29;983;65;1217;193;0.029920756674691667
0.29;984;58;1225;209;0.030639181427601032
0.29;985;79;1235;257;0.0299344633228977
0.29;986;78;1238;200;0.030347085420815625
0.29;987;77;1203;174;0.029252890541527913
0.29;988;92;1189;230;0.029314449219109834
0.29;989;74;1221;225;0.030202496368568536
0.29;990;73;1233;218;0.030007891549758924
0.29;991;78;1233;208;0.030496436427505953
0.29;992;72;1184;217;0.03003535988748564
0.29;993;74;1201;212;0.030645811258879985
0.29;994;78;1245;229;0.03021289491835293
0.29;995;75;1224;219;0.02975842660820349
0.29;996;66;1188;201;0.03036273627434789
0.29;997;78;1217;209;0.030268092188021612
0.29;998;81;1170;231;0.031002186197108067
0.29;999;79;1193;218;0.029961807636521908
0.36;1000;84;1246;223;0.030450142972088715
0.36;1001;79;1240;201;0.029475757393435994
0.36;1002;75;1223;212;0.031182919716223775
0.36;1003;71;1260;207;0.029467600290313003
0.36;1004;81;1233;221;0.03136290728859343
0.36;1005;81;1285;213;0.030214154654388415
0.36;1006;75;1195;203;0.029658241029821397
0.36;1007;82;1163;202;0.030124014053903806
0.36;1008;78;1242;246;0.030200842053872884
0.36;1009;62;1209;198;0.030467851418043798
0.36;1010;85;1208;201;0.030531258969463005
0.36;1011;75;1243;212;0.03038490893608033
0.36;1012;84;1178;215;0.02999597963613787
0.36;1013;73;1285;217;0.030579681075267345
0.36;1014;79;1223;199;0.030119909604029917
0.36;1015;74;1236;171;0.029647445313966167
0.36;1016;87;1231;242;0.030858248711647614
0.36;1017;65;1213;180;0.029093077187733685
0.36;1018;75;1221;199;0.0297210079128041
0.36;1019;80;1234;194;0.02955702003370291
0.36;1020;63;1184;194;0.028768813739465122
0.36;1021;70;1258;225;0.029967374683277613
0.36;1022;74;1216;202;0.029846491211828086
0.36;1023;78;1222;181;0.029596091913056656
0.36;1024;85;1271;237;0.028730368288196372
0.36;1025;87;1231;206;0.030187762916233964
0.36;1026;71;1219;195;0.02928127985575181
0.36;1027;67;1253;194;0.03123129389506878
0.36;1028;74;1238;219;0.029451287566030413
0.36;1029;83;1233;206;0.02879268216832247
0.36;1030;63;1237;208;0.03065002270838251
0.36;1031;68;1252;238;0.03130253165185639
0.36;1032;79;1229;199;0.029809197259249777
0.36;1033;70;1233;181;0.030111332393697288
0.36;1034;71;1199;204;0.02955172718525572
0.36;1035;79;1224;233;0.029363190034149094
0.36;1036;64;1228;194;0.02928667293834463
0.36;1037;70;1167;196;0.03069260338332532
0.36;1038;74;1171;206;0.02964301929980254
0.36;1039;66;1256;172;0.03011237441247276
0.36;1040;82;1225;204;0.031175880164869663
0.36;1041;70;1224;200;0.030298838483785125
0.36;1042;86;1249;211;0.030330730816066707
0.36;1043;65;1189;220;0.029113740100734812
0.36;1044;93;1200;223;0.0301673763335584
0.36;1045;80;1222;211;0.030450170897821118
0.36;1046;77;1222;216;0.029685022775079072
0.36;1047;70;1243;195;0.029806819341884727
0.36;1048;72;1241;205;0.02979446284187353
0.36;1049;80;1205;210;0.029372116340891825
0.36;1050;78;1195;206;0.029888654349399038
0.36;1051;70;1230;221;0.030811262691109818
0.36;1052;66;1229;225;0.03045117482074536
0.36;1053;73;1227;229;0.031545482103519255
0.36;1054;68;1210;184;0.03047167340248127
0.36;1055;68;1188;213;0.0300528778553407
0.36;1056;78;1240;231;0.03114106634971582
0.36;1057;74;1185;202;0.03062257865718936
0.36;1058;75;1175;198;0.029473942187289427
0.36;1059;72;1218;221;0.030508822199007992
0.36;1060;63;1194;194;0.030387873910547564
0.36;1061;83;1197;214;0.030696342864973743
0.36;1062;75;1212;212;0.030221481880226084
0.36;1063;74;1207;229;0.030088209014615563
0.36;1064;73;1208;188;0.02917903537068908
0.36;1065;76;1206;208;0.029761875433627252
0.36;1066;80;1194;195;0.030707611594869438
0.36;1067;87;1202;215;0.029809379042009924
0.36;1068;69;1186;199;0.029792223342151283
0.36;1069;69;1261;230;0.029943190533244162
0.36;1070;81;1224;203;0.030581703433805982
0.36;1071;65;1196;206;0.02940297934401131
0.36;1072;87;1222;232;0.029732572140242084
0.36;1073;83;1240;222;0.029802799811190873
0.36;1074;88;1183;221;0.03041109085808519
0.36;1075;68;1208;202;0.030902488614366723
0.36;1076;78;1191;212;0.03104174085308221
0.36;1077;80;1195;209;0.03041337735389601
0.36;1078;65;1232;187;0.029916845796596963
0.36;1079;68;1263;209;0.03140631018164754
0.36;1080;68;1246;204;0.031042503342489102
0.36;1081;81;1230;220;0.03045932597946002
0.36;1082;61;1240;196;0.030172032077855956
0.36;1083;75;1177;182;0.031372922562881586
0.36;1084;68;1239;227;0.03028182870327232
0.36;1085;73;1150;204;0.030367208791411575
0.36;1086;74;1213;187;0.029743920689612017
0.36;1087;80;1288;225;0.029274609063921795
0.36;1088;79;1243;222;0.03023622361203946
0.36;1089;72;1178;208;0.029544399825700937
0.36;1090;67;1222;202;0.029595339843815512
0.36;1091;82;1236;220;0.02963631922641689
0.36;1092;60;1251;198;0.02970420373389095
0.36;1093;83;1258;208;0.03023008261108682
0.36;1094;65;1215;189;0.02965206846152758
0.36;1095;72;1225;187;0.03005216750977285
0.36;1096;84;1227;224;0.02955262019549591
0.36;1097;77;1183;204;0.030191250126601225
0.36;1098;76;1232;224;0.031253475297934444
0.36;1099;83;1221;212;0.02976208996830647
0.36;1100;83;1254;219;0.029787930429717346
0.36;1101;74;1184;190;0.02919785732130016
0.36;1102;85;1243;214;0.02919627198420119
0.36;1103;72;1243;221;0.029511643246765158
0.36;1104;80;1198;199;0.030428590219397485
0.36;1105;77;1230;199;0.03061704943530085
0.36;1106;77;1243;200;0.030344780228097706
0.36;1107;78;1209;214;0.030304370424594284
0.36;1108;68;1200;211;0.03138654708933472
0.36;1109;80;1221;184;0.030455892415475246
0.36;1110;83;1228;218;0.030632439888506596
0.36;1111;68;1189;196;0.030819051330890284
0.36;1112;75;1213;199;0.0303877162934746
0.36;1113;64;1206;196;0.03118200394541188
0.36;1114;87;1220;221;0.02921406157949466
0.36;1115;84;1230;230;0.030169905837485182
0.36;1116;61;1205;189;0.030375268802677373
0.36;1117;88;1206;199;0.029508696254657817
0.36;1118;74;1250;188;0.02907934054099929
0.36;1119;77;1228;202;0.029870651350625353
0.36;1120;70;1194;182;0.03072427148586194
0.36;1121;69;1235;208;0.029840046388514157
0.36;1122;72;1256;231;0.03026637852848276
0.36;1123;74;1230;222;0.029969184573078452
0.36;1124;77;1255;204;0.02946035124246672
0.36;1125;85;1178;225;0.030526423042273015
0.36;1126;69;1197;201;0.030076349982549176
0.36;1127;83;1249;213;0.029982708608645856
0.36;1128;67;1207;187;0.030450915535872074
0.36;1129;89;1198;220;0.029191591493583052
0.36;1130;76;1198;225;0.029740516418381432
0.36;1131;83;1205;218;0.03067974770709866
0.36;1132;65;1248;209;0.03053306785247138
0.36;1133;67;1219;232;0.030755919703207946
0.36;1134;84;1220;214;0.030053568753647446
0.36;1135;92;1226;263;0.030262655300844352
0.36;1136;64;1228;220;0.029084957385542787
0.36;1137;80;1263;229;0.03027012915885139
0.36;1138;84;1230;222;0.029488768378793724
0.36;1139;65;1207;205;0.029661585043294917
0.36;1140;81;1258;227;0.02994427916355386
0.36;1141;71;1156;218;0.029178497441967738
0.36;1142;68;1216;183;0.030244009992806374
0.36;1143;85;1218;216;0.030683537535182867
0.36;1144;80;1248;197;0.030280172602431252
0.36;1145;80;1206;220;0.030169212748642173
0.36;1146;75;1222;187;0.029681592506482175
0.36;1147;68;1223;201;0.03057783939592678
0.36;1148;84;1256;237;0.029733423690261614
0.36;1149;93;1264;238;0.030019297593605495
0.36;1150;60;1233;205;0.030022459501731755
0.36;1151;66;1175;198;0.02989466542207866
0.36;1152;78;1156;214;0.0317235527777572
0.36;1153;94;1194;232;0.031269954816673794
0.36;1154;65;1267;193;0.029239926499091313
0.36;1155;72;1231;217;0.029698813337504727
0.36;1156;63;1190;189;0.02965862917736308
0.36;1157;67;1251;196;0.030463444684458264
0.36;1158;74;1192;200;0.030261504145337462
0.36;1159;73;1225;217;0.03145971841099534
0.36;1160;73;1247;205;0.029769540841219397
0.36;1161;93;1240;226;0.02976764412423507
0.36;1162;79;1210;204;0.028814652270376887
0.36;1163;77;1226;241;0.030730740616172977
0.36;1164;74;1285;208;0.03008455239861532
0.36;1165;74;1181;209;0.02870070312058755
0.36;1166;68;1247;204;0.029230734012010536
0.36;1167;66;1184;201;0.029666049071393943
0.36;1168;77;1188;213;0.030465891267130618
0.36;1169;64;1189;169;0.029547639328799714
0.36;1170;70;1210;206;0.030297830854434882
0.36;1171;69;1277;200;0.029918490223424243
0.36;1172;66;1200;194;0.029468901066606944
0.36;1173;66;1212;206;0.030354223727617164
0.36;1174;79;1211;200;0.029967623522149923
0.36;1175;68;1195;197;0.02941368317562964
0.36;1176;73;1193;209;0.03072493926959802
0.36;1177;95;1193;203;0.029973437451699135
0.36;1178;81;1246;229;0.03007629658946153
0.36;1179;76;1286;213;0.0305473558104993
0.36;1180;81;1237;220;0.02999590574855
0.36;1181;82;1221;192;0.029818023190951372
0.36;1182;71;1206;205;0.030443211519967425
0.36;1183;55;1213;194;0.03050964721105677
0.36;1184;77;1201;198;0.030725511061995392
0.36;1185;75;1199;197;0.02929955495446045
0.36;1186;80;1210;227;0.03119242329140909
0.36;1187;66;1185;226;0.030726677121288775
0.36;1188;69;1251;210;0.028918557058410968
0.36;1189;69;1202;213;0.029946817664657063
0.36;1190;70;1177;216;0.030398810784188858
0.36;1191;89;1215;227;0.03050950592816517
0.36;1192;79;1209;229;0.030049768317273483
0.36;1193;62;1224;163;0.02953413328966463
0.36;1194;78;1258;206;0.031140030400322607
0.36;1195;78;1252;239;0.03121580796749717
0.36;1196;64;1161;189;0.029999609513934596
0.36;1197;75;1211;199;0.02976236633162974
0.36;1198;79;1285;217;0.030198645715614578
0.36;1199;94;1216;236;0.0297181793513371
0.42999999999999994;1200;80;1224;220;0.030678510018698944
0.42999999999999994;1201;72;1170;212;0.029787688856509717
0.42999999999999994;1202;80;1208;200;0.029714573241892354
0.42999999999999994;1203;88;1215;252;0.02927162374916471
0.42999999999999994;1204;74;1202;195;0.030754502840953924
0.42999999999999994;1205;95;1246;250;0.029781522037097045
0.42999999999999994;1206;67;1256;215;0.029370236963465406
0.42999999999999994;1207;71;1182;170;0.03090176591353557
0.42999999999999994;1208;67;1245;218;0.030948468942941995
0.42999999999999994;1209;78;1205;229;0.030294374805367244
0.42999999999999994;1210;72;1203;182;0.02912537847125189
0.42999999999999994;1211;94;1197;233;0.03058302111671771
0.42999999999999994;1212;61;1229;203;0.030468738853478027
0.42999999999999994;1213;87;1240;222;0.030196097445426565
0.42999999999999994;1214;86;1186;199;0.029560288560462007
0.42999999999999994;1215;74;1246;215;0.029399813151109757
0.42999999999999994;1216;67;1231;174;0.03026592800038489
0.42999999999999994;1217;72;1216;214;0.03104280324652198
0.42999999999999994;1218;72;1221;190;0.03117205410331254
0.42999999999999994;1219;76;1184;204;0.03059358651028957
0.42999999999999994;1220;65;1221;192;0.02975445073566015
0.42999999999999994;1221;77;1234;216;0.030973266392403387
0.42999999999999994;1222;75;1200;181;0.03014472699200215
0.42999999999999994;1223;82;1208;233;0.03010200457014839
0.42999999999999994;1224;75;1207;194;0.030190570457077293
0.42999999999999994;1225;81;1224;240;0.0308364639789008
0.42999999999999994;1226;68;1211;194;0.03082084404029553
0.42999999999999994;1227;73;1251;230;0.02960893056306678
0.42999999999999994;1228;70;1228;218;0.03031236806279089
0.42999999999999994;1229;76;1230;224;0.030632518881375005
0.42999999999999994;1230;81;1284;210;0.030846175123023893
0.42999999999999994;1231;75;1230;183;0.028465605171693588
0.42999999999999994;1232;75;1207;205;0.02950835360698237
0.42999999999999994;1233;82;1215;208;0.029024089988825535
0.42999999999999994;1234;73;1227;203;0.029452788772073617
0.42999999999999994;1235;90;1217;226;0.02924994623073117
0.42999999999999994;1236;72;1194;212;0.029445835247358818
0.42999999999999994;1237;76;1258;193;0.030215006014888454
0.42999999999999994;1238;74;1233;207;0.02882358773040416
0.42999999999999994;1239;73;1246;211;0.03033367066844153
0.42999999999999994;1240;71;1205;206;0.029202816692837034
0.42999999999999994;1241;74;1223;202;0.02905987359217634
0.42999999999999994;1242;81;1228;203;0.030706030157239442
0.42999999999999994;1243;75;1210;217;0.02971860553092006
0.42999999999999994;1244;75;1220;195;0.02996423847350756
0.42999999999999994;1245;57;1202;167;0.02971845893171314
0.42999999999999994;1246;68;1173;215;0.030691755085492083
0.42999999999999994;1247;61;1215;213;0.029591372045460414
0.42999999999999994;1248;69;1217;197;0.029567939649864917
0.42999999999999994;1249;77;1232;201;0.02975453302622198
0.42999999999999994;1250;67;1204;193;0.031241580732818356
0.42999999999999994;1251;74;1188;184;0.029881043994823324
0.42999999999999994;1252;50;1248;206;0.03013098739098751
0.42999999999999994;1253;88;1215;243;0.030560248785706654
0.42999999999999994;1254;82;1253;195;0.02993461234082993
0.42999999999999994;1255;59;1232;166;0.028489144594607524
0.42999999999999994;1256;85;1231;215;0.029026292487827766
0.42999999999999994;1257;68;1172;231;0.02965340887755349
0.42999999999999994;1258;88;1247;217;0.03002084813858489
0.42999999999999994;1259;75;1225;243;0.029422641851730873
0.42999999999999994;1260;70;1221;204;0.03103712857370148
0.42999999999999994;1261;72;1215;187;0.03035358455917121
0.42999999999999994;1262;82;1231;238;0.030638951441349354
0.42999999999999994;1263;70;1218;213;0.030323860413099663
0.42999999999999994;1264;82;1196;215;0.028978242509486763
0.42999999999999994;1265;85;1223;197;0.02970150284980557
0.42999999999999994;1266;75;1216;210;0.029493715453239096
0.42999999999999994;1267;80;1212;224;0.02937954593166436
0.42999999999999994;1268;75;1238;211;0.029413005848448796
0.42999999999999994;1269;76;1211;215;0.029793705083811788
0.42999999999999994;1270;73;1184;189;0.03009197657265176
0.42999999999999994;1271;71;1211;197;0.02968941661157045
0.42999999999999994;1272;74;1192;190;0.029616104497168755
0.42999999999999994;1273;67;1253;205;0.030538067950269292
0.42999999999999994;1274;83;1232;212;0.03020981873500137
0.42999999999999994;1275;76;1205;191;0.030142628762150583
0.42999999999999994;1276;94;1211;212;0.029990671916258538
0.42999999999999994;1277;74;1211;207;0.029373691193118775
0.42999999999999994;1278;93;1224;248;0.031359997289543036
0.42999999999999994;1279;76;1209;203;0.029513365020709007
0.42999999999999994;1280;80;1237;228;0.02983366869398723
0.42999999999999994;1281;81;1252;210;0.03036428419576866
0.42999999999999994;1282;74;1221;196;0.029996876092704232
0.42999999999999994;1283;82;1213;204;0.03043751519502782
0.42999999999999994;1284;78;1262;192;0.029905707346608582
0.42999999999999994;1285;71;1194;197;0.03000718079770507
0.42999999999999994;1286;65;1239;197;0.029652964508001974
0.42999999999999994;1287;86;1238;194;0.030407924271140384
0.42999999999999994;1288;70;1252;191;0.029274500410117595
0.42999999999999994;1289;52;1238;173;0.02999682109625937
0.42999999999999994;1290;66;1217;193;0.030861275725020888
0.42999999999999994;1291;74;1215;203;0.031036796101740555
0.42999999999999994;1292;79;1167;224;0.030126814870394404
0.42999999999999994;1293;88;1211;226;0.029924937729876398
0.42999999999999994;1294;75;1197;219;0.029817164508082774
0.42999999999999994;1295;77;1224;193;0.029795377687158103
0.42999999999999994;1296;72;1149;205;0.029991968600631677
0.42999999999999994;1297;74;1255;209;0.030692678039701216
0.42999999999999994;1298;78;1212;198;0.029144400138515422
0.42999999999999994;1299;73;1236;198;0.029569116695168457
0.42999999999999994;1300;63;1126;153;0.03003155168512801
0.42999999999999994;1301;71;1254;206;0.031007743138301506
0.42999999999999994;1302;77;1227;184;0.03026383011363481
0.42999999999999994;1303;79;1192;204;0.029924344991113374
0.42999999999999994;1304;74;1224;225;0.030450322065370232
0.42999999999999994;1305;85;1249;228;0.029077768660873415
0.42999999999999994;1306;72;1234;209;0.03089086017779033
0.42999999999999994;1307;75;1205;224;0.029750558425528855
0.42999999999999994;1308;71;1206;207;0.03011145290705402
0.42999999999999994;1309;59;1216;203;0.03072101140421977
0.42999999999999994;1310;73;1212;201;0.030393919768859124
0.42999999999999994;1311;71;1198;199;0.03012991038800052
0.42999999999999994;1312;79;1193;200;0.03027361303854755
0.42999999999999994;1313;70;1226;212;0.031166212494002754
0.42999999999999994;1314;83;1223;209;0.03133604481056561
0.42999999999999994;1315;81;1224;212;0.03043093902715665
0.42999999999999994;1316;74;1174;192;0.030155636508730408
0.42999999999999994;1317;75;1238;189;0.029822196161604086
0.42999999999999994;1318;71;1205;189;0.03101301959427838
0.42999999999999994;1319;72;1222;206;0.03062695649558952
0.42999999999999994;1320;80;1195;225;0.031138829746809066
0.42999999999999994;1321;69;1213;208;0.02875135309646883
0.42999999999999994;1322;69;1247;177;0.02910103198836684
0.42999999999999994;1323;66;1208;184;0.029606320659417422
0.42999999999999994;1324;65;1218;200;0.029740888916464633
0.42999999999999994;1325;77;1210;217;0.03014224611536125
0.42999999999999994;1326;85;1199;232;0.029249397458359794
0.42999999999999994;1327;55;1228;198;0.029079347263541947
0.42999999999999994;1328;67;1216;212;0.03049890000636472
0.42999999999999994;1329;54;1220;179;0.030934227569305684
0.42999999999999994;1330;78;1238;207;0.030812666752074606
0.42999999999999994;1331;67;1176;200;0.03031438751048952
0.42999999999999994;1332;64;1193;200;0.03041832176883968
0.42999999999999994;1333;83;1260;215;0.03023512386962062
0.42999999999999994;1334;75;1239;193;0.030440289584272605
0.42999999999999994;1335;61;1205;216;0.030089192732569495
0.42999999999999994;1336;69;1196;201;0.029449107927031377
0.42999999999999994;1337;68;1195;195;0.030048181317827934
0.42999999999999994;1338;61;1239;173;0.02993411961466292
0.42999999999999994;1339;82;1233;233;0.031018895072605242
0.42999999999999994;1340;68;1233;221;0.030148998871916168
0.42999999999999994;1341;73;1198;200;0.03061883905373812
0.42999999999999994;1342;69;1212;185;0.029638323402314638
0.42999999999999994;1343;74;1217;216;0.030077279198259668
0.42999999999999994;1344;80;1231;208;0.030125606955553857
0.42999999999999994;1345;69;1254;190;0.029020645909550037
0.42999999999999994;1346;79;1234;222;0.030747826392763352
0.42999999999999994;1347;69;1184;202;0.030205947679179373
0.42999999999999994;1348;70;1190;225;0.030932305657139184
0.42999999999999994;1349;80;1221;220;0.031432662723698004
0.42999999999999994;1350;83;1267;199;0.030492580129542528
0.42999999999999994;1351;67;1267;218;0.030946460886849485
0.42999999999999994;1352;77;1236;206;0.029873285739226228
0.42999999999999994;1353;67;1229;199;0.030220132247043383
0.42999999999999994;1354;82;1217;213;0.03028983550696242
0.42999999999999994;1355;61;1226;192;0.029031101503104534
0.42999999999999994;1356;68;1188;196;0.02883425486951029
0.42999999999999994;1357;77;1246;218;0.029963200568907066
0.42999999999999994;1358;75;1232;177;0.030032498263164464
0.42999999999999994;1359;71;1234;209;0.029824410653944908
0.42999999999999994;1360;78;1260;220;0.03042792551947372
0.42999999999999994;1361;93;1221;230;0.030812223988681407
0.42999999999999994;1362;66;1242;182;0.030801458076934837
0.42999999999999994;1363;92;1259;235;0.03108688606956419
0.42999999999999994;1364;72;1237;235;0.030659150913072954
0.42999999999999994;1365;73;1239;195;0.02988240680224117
0.42999999999999994;1366;62;1213;189;0.02997622519824617
0.42999999999999994;1367;77;1219;212;0.02954590108315545
0.42999999999999994;1368;92;1236;226;0.029373144483775687
0.42999999999999994;1369;67;1224;193;0.031115530145421122
0.42999999999999994;1370;79;1257;205;0.02966641470445318
0.42999999999999994;1371;73;1227;196;0.02932102996966058
0.42999999999999994;1372;67;1225;191;0.029059886218264865
0.42999999999999994;1373;75;1251;217;0.029657106721252217
0.42999999999999994;1374;74;1276;205;0.029555297960080353
0.42999999999999994;1375;68;1211;212;0.030554470004721345
0.42999999999999994;1376;71;1193;216;0.029481011235782197
0.42999999999999994;1377;80;1234;208;0.029862563840497743
0.42999999999999994;1378;77;1199;194;0.029620256376041345
0.42999999999999994;1379;76;1241;209;0.030055946341428316
0.42999999999999994;1380;79;1224;218;0.03048473827319438
0.42999999999999994;1381;97;1269;250;0.030083909309941346
0.42999999999999994;1382;78;1201;206;0.030586033485525636
0.42999999999999994;1383;73;1193;210;0.02980727309141809
0.42999999999999994;1384;78;1233;204;0.03085424211580867
0.42999999999999994;1385;91;1236;207;0.030777772675564617
0.42999999999999994;1386;74;1276;215;0.02956688711745039
0.42999999999999994;1387;91;1197;217;0.03038738849650073
0.42999999999999994;1388;77;1263;206;0.03013723919886064
0.42999999999999994;1389;69;1200;221;0.03002571467824132
0.42999999999999994;1390;72;1290;194;0.029519337381526133
0.42999999999999994;1391;70;1215;194;0.030074991107151276
0.42999999999999994;1392;74;1199;228;0.030034500663530292
0.42999999999999994;1393;79;1195;192;0.03051335592935316
0.42999999999999994;1394;76;1229;206;0.02901468177862735
0.42999999999999994;1395;75;1268;194;0.029224928462932735
0.42999999999999994;1396;84;1204;218;0.029350052322845405
0.42999999999999994;1397;61;1202;177;0.0315526729812269
0.42999999999999994;1398;91;1226;235;0.030470108189027133
0.42999999999999994;1399;71;1164;210;0.030256017561680382
0.5;1400;81;1232;219;0.029706630892885784
0.5;1401;74;1211;195;0.030332508464354573
0.5;1402;60;1209;205;0.029338629395617502
0.5;1403;68;1225;203;0.029411239494443308
0.5;1404;75;1202;210;0.030326570969182468
0.5;1405;82;1212;234;0.02980799343181151
0.5;1406;69;1216;221;0.030096033082058306
0.5;1407;77;1248;203;0.030125887945795394
0.5;1408;64;1240;182;0.029720560799389
0.5;1409;67;1227;191;0.030235197391243564
0.5;1410;70;1259;197;0.02936717152345813
0.5;1411;83;1260;174;0.03035959686399206
0.5;1412;66;1200;173;0.029603317118101127
0.5;1413;65;1194;188;0.03035595163485986
0.5;1414;90;1238;224;0.029971546322545107
0.5;1415;76;1172;200;0.029928476710665
0.5;1416;71;1204;184;0.02979252942505789
0.5;1417;69;1250;222;0.03038794774820862
0.5;1418;68;1193;205;0.030212894639229954
0.5;1419;88;1251;212;0.02983141090225053
0.5;1420;70;1187;189;0.030390738593272706
0.5;1421;72;1260;210;0.02934427215826071
0.5;1422;86;1185;211;0.02995141202065096
0.5;1423;72;1190;219;0.03167607050923323
0.5;1424;72;1164;226;0.03038339759123413
0.5;1425;69;1198;196;0.03051428163112622
0.5;1426;79;1246;191;0.0305721167614925
0.5;1427;78;1222;195;0.029579880772944978
0.5;1428;77;1255;200;0.0296543156055813
0.5;1429;92;1263;237;0.031005523824676137
0.5;1430;88;1240;246;0.029775693577133854
0.5;1431;87;1217;222;0.030599388581219713
0.5;1432;64;1229;167;0.030224816470180337
0.5;1433;77;1259;226;0.030449066849927396
0.5;1434;67;1226;213;0.02968976502736046
0.5;1435;88;1196;219;0.03000126853187959
0.5;1436;83;1209;231;0.029638200934098528
0.5;1437;72;1255;197;0.030450719098404185
0.5;1438;65;1236;233;0.029780794441031884
0.5;1439;75;1224;220;0.03057154443752539
0.5;1440;62;1191;207;0.029865811666444142
0.5;1441;79;1194;203;0.030656749772526793
0.5;1442;68;1254;208;0.030306417909345254
0.5;1443;83;1259;236;0.030090914280282897
0.5;1444;74;1194;221;0.03011694139949322
0.5;1445;65;1226;181;0.029541862816358205
0.5;1446;73;1229;203;0.02971040908083
0.5;1447;72;1233;194;0.03064308726928446
0.5;1448;73;1238;207;0.02891524506913388
0.5;1449;63;1234;199;0.029692272451519237
0.5;1450;75;1238;212;0.02991394494245241
0.5;1451;68;1212;202;0.02985355713979886
0.5;1452;69;1226;194;0.030897940053754146
0.5;1453;71;1224;184;0.030055209628068826
0.5;1454;76;1193;188;0.030383149676941338
0.5;1455;87;1154;217;0.030688473690290548
0.5;1456;63;1232;188;0.030900125294968245
0.5;1457;73;1233;209;0.029865889277700147
0.5;1458;87;1171;211;0.028638876344966077
0.5;1459;83;1231;208;0.029088892530242258
0.5;1460;66;1221;227;0.03043523564194159
0.5;1461;74;1226;200;0.029418382849827108
0.5;1462;76;1251;203;0.030305983688746582
0.5;1463;64;1225;198;0.02955865086151352
0.5;1464;79;1186;228;0.030876174406784026
0.5;1465;80;1246;200;0.030298167994931884
0.5;1466;70;1195;186;0.030371462916246247
0.5;1467;79;1233;213;0.02934874363289219
0.5;1468;84;1200;217;0.03160350987018913
0.5;1469;73;1199;204;0.02984792105327899
0.5;1470;71;1241;193;0.0295932542684422
0.5;1471;67;1219;219;0.029505575904510105
0.5;1472;55;1212;196;0.030040587408721592
0.5;1473;78;1233;198;0.029060992899698403
0.5;1474;66;1250;202;0.030287069495118654
0.5;1475;64;1214;191;0.029450317190650364
0.5;1476;73;1250;184;0.029858338553460203
0.5;1477;76;1244;227;0.029796602342864634
0.5;1478;76;1232;231;0.03075900883490803
0.5;1479;79;1193;214;0.02975974341942692
0.5;1480;77;1272;218;0.029896988012341894
0.5;1481;79;1227;224;0.030767309790174193
0.5;1482;71;1226;201;0.030553906169131728
0.5;1483;70;1203;196;0.03007867855046248
0.5;1484;75;1286;208;0.029730295506741167
0.5;1485;86;1203;226;0.030574626915984754
0.5;1486;89;1239;238;0.030741079932530578
0.5;1487;76;1245;205;0.030962143169725717
0.5;1488;78;1200;214;0.0294551141077096
0.5;1489;70;1265;218;0.02954538422272182
0.5;1490;72;1226;222;0.030719132141649178
0.5;1491;78;1230;212;0.02911353928975458
0.5;1492;70;1211;217;0.02978758191002254
0.5;1493;72;1192;213;0.030004437892254727
0.5;1494;71;1220;201;0.02988237807123154
0.5;1495;71;1225;201;0.03060296811041722
0.5;1496;94;1225;230;0.03098589862226399
0.5;1497;73;1256;194;0.030749046370934903
0.5;1498;79;1235;217;0.029472439205533493
0.5;1499;69;1219;192;0.029643392117394998
0.5;1500;69;1223;222;0.029358464671127862
0.5;1501;86;1216;202;0.029110723344320057
0.5;1502;78;1248;211;0.02965643983666448
0.5;1503;74;1272;200;0.02959829981949973
0.5;1504;60;1218;187;0.030932698867121175
0.5;1505;84;1241;227;0.030272599586562417
0.5;1506;78;1218;199;0.031057833266390767
0.5;1507;66;1185;180;0.029394827218196473
0.5;1508;89;1211;220;0.03088924888655611
0.5;1509;58;1235;196;0.03010009912551839
0.5;1510;67;1225;210;0.029871076723414568
0.5;1511;67;1204;210;0.030814814012973882
0.5;1512;73;1199;161;0.030702469258251864
0.5;1513;73;1212;197;0.031063716153107636
0.5;1514;79;1206;204;0.0309506750949612
0.5;1515;51;1173;171;0.03028802998919342
0.5;1516;67;1280;214;0.029912143137338917
0.5;1517;78;1204;210;0.02971583338019812
0.5;1518;80;1215;212;0.02911692464612092
0.5;1519;71;1219;201;0.030380338366790525
0.5;1520;79;1242;197;0.030895236282830144
0.5;1521;60;1227;200;0.029148929485056256
0.5;1522;74;1223;215;0.03131808792605132
0.5;1523;71;1184;202;0.03025870896934509
0.5;1524;69;1207;197;0.031147576857474008
0.5;1525;74;1199;198;0.029955908559781558
0.5;1526;77;1210;208;0.030369794668371003
0.5;1527;63;1195;225;0.03037265022950053
0.5;1528;63;1238;188;0.03057309752357094
0.5;1529;78;1228;195;0.03036010436840952
0.5;1530;68;1232;219;0.030562989747215198
0.5;1531;81;1215;206;0.03101557339620833
0.5;1532;72;1189;202;0.03012699901729239
0.5;1533;76;1261;245;0.029634218517594825
0.5;1534;82;1223;230;0.029777906626580638
0.5;1535;86;1222;205;0.030503302902702187
0.5;1536;76;1228;224;0.030014260643036975
0.5;1537;64;1196;189;0.030846266618289965
0.5;1538;84;1241;223;0.03001629021106085
0.5;1539;73;1199;226;0.030133685145759984
0.5;1540;67;1213;201;0.030898960747535686
0.5;1541;80;1126;201;0.0302894201090699
0.5;1542;78;1214;207;0.029981515266084845
0.5;1543;70;1228;178;0.030231927023919417
0.5;1544;73;1250;219;0.030154681203645596
0.5;1545;65;1215;187;0.029892889741579297
0.5;1546;85;1227;214;0.029612149419317977
0.5;1547;73;1203;205;0.029951909668264703
0.5;1548;61;1221;186;0.03053466927822183
0.5;1549;78;1199;206;0.028828922489996116
0.5;1550;70;1219;211;0.03011945611261011
0.5;1551;78;1266;204;0.029475304454048373
0.5;1552;72;1240;197;0.03165709930868541
0.5;1553;88;1190;236;0.02991857453214847
0.5;1554;74;1244;195;0.030278495195593873
0.5;1555;69;1183;219;0.030221622914142775
0.5;1556;88;1214;219;0.03049769855306973
0.5;1557;63;1175;183;0.03061050278961491
0.5;1558;89;1242;228;0.030269464254020512
0.5;1559;74;1238;191;0.029343166844508373
0.5;1560;76;1221;225;0.02986528905472566
0.5;1561;80;1189;194;0.030066106236543204
0.5;1562;68;1224;215;0.030630590296101774
0.5;1563;66;1161;197;0.030181087228661085
0.5;1564;67;1207;188;0.030348432190779262
0.5;1565;82;1182;209;0.03092619283306593
0.5;1566;95;1224;242;0.030973971999558512
0.5;1567;78;1169;194;0.030544848261412027
0.5;1568;79;1246;192;0.029707529700764086
0.5;1569;72;1190;188;0.030643287533926596
0.5;1570;78;1220;226;0.030664182672085403
0.5;1571;72;1224;192;0.030375909144711086
0.5;1572;82;1279;223;0.030717861724073224
0.5;1573;87;1236;225;0.030143303146826454
0.5;1574;72;1308;196;0.029985524453317536
0.5;1575;62;1215;215;0.031080465135050944
0.5;1576;87;1283;224;0.030043689210818826
0.5;1577;65;1183;210;0.03054960278609644
0.5;1578;70;1216;221;0.030553194546426337
0.5;1579;84;1228;229;0.02955264898286153
0.5;1580;74;1236;194;0.030961890715479917
0.5;1581;74;1281;222;0.029685363426682244
0.5;1582;71;1243;198;0.03033306037616066
0.5;1583;62;1211;204;0.03169365525060971
0.5;1584;78;1229;206;0.029345893052873887
0.5;1585;67;1219;205;0.029646881929959065
0.5;1586;73;1232;191;0.030392389667817467
0.5;1587;85;1203;204;0.029410969580322976
0.5;1588;71;1162;200;0.030795974776809946
0.5;1589;74;1248;199;0.02994022852097817
0.5;1590;79;1241;228;0.030321583712374887
0.5;1591;83;1235;215;0.030210978835920037
0.5;1592;87;1194;206;0.029276641026625787
0.5;1593;67;1236;179;0.028917457996554156
0.5;1594;82;1236;185;0.030346835621660618
0.5;1595;73;1248;214;0.03141655393965417
0.5;1596;88;1194;221;0.029963334270558695
0.5;1597;69;1193;204;0.029961932526675786
0.5;1598;70;1237;180;0.03068541188487095
0.5;1599;85;1224;210;0.02929287475386022
