Denounce;Got attacked;Females;Stress;run
0;0;1191;0.0;0
0;14;1191;0.0;0
0;40;1191;0.03344271411713601;0
0;62;1191;0.03335504745013749;0
0;82;1191;0.03330178700902053;0
0;97;1191;0.03328650628319631;0
0;132;1191;0.03316351706479137;0
0;156;1191;0.033160337464715785;0
0;178;1191;0.033112041049336606;0
0;199;1191;0.03310981098826463;0
0;228;1191;0.03309202160871172;0
0;0;1225;0.0;1
0;29;1225;0.0;1
0;63;1225;0.0335469062874719;1
0;91;1225;0.03354014974324042;1
0;126;1225;0.033474749028637174;1
0;151;1225;0.03342975255517522;1
0;179;1225;0.033432962770901575;1
0;199;1225;0.033350806754454995;1
0;225;1225;0.033381976437147534;1
0;251;1225;0.033354712531337344;1
0;280;1225;0.033346138804373086;1
0;0;1244;0.0;2
0;20;1244;0.0;2
0;41;1244;0.033573017809544796;2
0;64;1244;0.03356278331557006;2
0;82;1244;0.03351940856886087;2
0;97;1244;0.03346579083653968;2
0;125;1244;0.03344937089322853;2
0;143;1244;0.03339431095505854;2
0;168;1244;0.033355390659499315;2
0;188;1244;0.03331587676942021;2
0;219;1244;0.03331358211942898;2
0;0;1221;0.0;3
0;21;1221;0.0;3
0;41;1221;0.034691018195839564;3
0;67;1221;0.034664807722134545;3
0;94;1221;0.034604051234866665;3
0;117;1221;0.03458420181990316;3
0;134;1221;0.0345317718603165;3
0;161;1221;0.034467268275405194;3
0;185;1221;0.03447023590861529;3
0;208;1221;0.0344568093701898;3
0;235;1221;0.03444787143927609;3
0;0;1209;0.0;4
0;24;1209;0.0;4
0;46;1209;0.032962331419866556;4
0;69;1209;0.032896792362757186;4
0;103;1209;0.03282478021158044;4
0;120;1209;0.03280775590591649;4
0;147;1209;0.032759249545155904;4
0;173;1209;0.032752664648420166;4
0;197;1209;0.032690274311499824;4
0;220;1209;0.032677933515173695;4
0;247;1209;0.032617899473964165;4
0;0;1219;0.0;5
0;33;1219;0.0;5
0;48;1219;0.033868472790510196;5
0;69;1219;0.03383152469338116;5
0;98;1219;0.03375004787012204;5
0;127;1219;0.033722329136551196;5
0;155;1219;0.033668726883778165;5
0;174;1219;0.03366048564212795;5
0;194;1219;0.033590799737802796;5
0;227;1219;0.03356083654434953;5
0;244;1219;0.03355097673066692;5
0;0;1156;0.0;6
0;21;1156;0.0;6
0;40;1156;0.033617398019093116;6
0;67;1156;0.03358195214007555;6
0;91;1156;0.033551683610094404;6
0;117;1156;0.03348961169598141;6
0;141;1156;0.03348234875536954;6
0;161;1156;0.033484979545009425;6
0;187;1156;0.033414744673040765;6
0;211;1156;0.03337072116599371;6
0;229;1156;0.03340666079258398;6
0;0;1223;0.0;7
0;25;1223;0.0;7
0;57;1223;0.03433359627498881;7
0;86;1223;0.034323914323785946;7
0;115;1223;0.03425801934143085;7
0;140;1223;0.034223142649112505;7
0;168;1223;0.034176368149000505;7
0;199;1223;0.03416179483485697;7
0;237;1223;0.03418475802439729;7
0;267;1223;0.034105440833895134;7
0;287;1223;0.03409215784908747;7
0;0;1227;0.0;8
0;27;1227;0.0;8
0;62;1227;0.03374307682925844;8
0;87;1227;0.033705782407322665;8
0;111;1227;0.03368739028590387;8
0;125;1227;0.03358860120928438;8
0;155;1227;0.033596625660937116;8
0;178;1227;0.03360370188838968;8
0;197;1227;0.03359642855337296;8
0;218;1227;0.03353052475235934;8
0;240;1227;0.0335081045229699;8
0;0;1212;0.0;9
0;18;1212;0.0;9
0;42;1212;0.033935996855969715;9
0;61;1212;0.033900272976858103;9
0;90;1212;0.03388500506882233;9
0;111;1212;0.03384442213883819;9
0;131;1212;0.03381672437119667;9
0;153;1212;0.03377293759652768;9
0;174;1212;0.033751858039928466;9
0;196;1212;0.033746003099572736;9
0;223;1212;0.03370150397714334;9
0;0;1231;0.0;10
0;28;1231;0.0;10
0;45;1231;0.03403863925544783;10
0;75;1231;0.033914920139984935;10
0;96;1231;0.033883233519447324;10
0;114;1231;0.03383418053288767;10
0;140;1231;0.03380308194941907;10
0;173;1231;0.03372157006680933;10
0;204;1231;0.03365626954166339;10
0;228;1231;0.0336954948217699;10
0;245;1231;0.033667800102942985;10
0;0;1229;0.0;11
0;24;1229;0.0;11
0;46;1229;0.03363255486421156;11
0;66;1229;0.03361127850015507;11
0;89;1229;0.033509799187215354;11
0;114;1229;0.03349139452279195;11
0;136;1229;0.03345430541480015;11
0;160;1229;0.03342201273867855;11
0;179;1229;0.03341831039332977;11
0;202;1229;0.03337618953814672;11
0;220;1229;0.033350280939366476;11
0;0;1266;0.0;12
0;22;1266;0.0;12
0;43;1266;0.034412812792114514;12
0;69;1266;0.034392531347029624;12
0;88;1266;0.03436930553835902;12
0;117;1266;0.03437284308698204;12
0;146;1266;0.03430670568639325;12
0;172;1266;0.034282055161078316;12
0;188;1266;0.03423251503392654;12
0;211;1266;0.034200245804842926;12
0;242;1266;0.034214081085073414;12
0;0;1226;0.0;13
0;18;1226;0.0;13
0;46;1226;0.03322238261230174;13
0;67;1226;0.03321441406009185;13
0;89;1226;0.033111809239871816;13
0;111;1226;0.03311802204336558;13
0;135;1226;0.03299416004214091;13
0;160;1226;0.03297145648799903;13
0;186;1226;0.03296819959274011;13
0;211;1226;0.03291130252427109;13
0;232;1226;0.03288527531373586;13
0;0;1245;0.0;14
0;27;1245;0.0;14
0;51;1245;0.03373379632667219;14
0;70;1245;0.03365844285903077;14
0;93;1245;0.033625850557851444;14
0;116;1245;0.033576345478296334;14
0;136;1245;0.03350128582700489;14
0;166;1245;0.033509055884956424;14
0;193;1245;0.03349576643318869;14
0;219;1245;0.033482143795818035;14
0;250;1245;0.03343788675862739;14
0;0;1219;0.0;15
0;29;1219;0.0;15
0;56;1219;0.03369131992577549;15
0;86;1219;0.03363595240882053;15
0;113;1219;0.0335641890055515;15
0;137;1219;0.03353939536697929;15
0;158;1219;0.03355068566471285;15
0;187;1219;0.03348696581290021;15
0;217;1219;0.03347952994824422;15
0;239;1219;0.033492116367408696;15
0;262;1219;0.03348004443848503;15
0;0;1167;0.0;16
0;25;1167;0.0;16
0;51;1167;0.03334393854220307;16
0;69;1167;0.03327908937088997;16
0;88;1167;0.03329094126974155;16
0;107;1167;0.03319394916518462;16
0;129;1167;0.03317433276343021;16
0;144;1167;0.03318104661447467;16
0;166;1167;0.03310920332639158;16
0;187;1167;0.0331154469443671;16
0;209;1167;0.03306158924902936;16
0;0;1196;0.0;17
0;30;1196;0.0;17
0;64;1196;0.03406444596255494;17
0;88;1196;0.03402150668370697;17
0;110;1196;0.033982386548061884;17
0;141;1196;0.03394733971380084;17
0;162;1196;0.0338742803355911;17
0;187;1196;0.033837963881856885;17
0;210;1196;0.03380679979452464;17
0;234;1196;0.033781556249073176;17
0;259;1196;0.03376201485782129;17
0;0;1226;0.0;18
0;24;1226;0.0;18
0;49;1226;0.03338386338178891;18
0;81;1226;0.03335517209858744;18
0;116;1226;0.033314613850305645;18
0;134;1226;0.03325562413852184;18
0;156;1226;0.03316977796242306;18
0;175;1226;0.03318971140324381;18
0;198;1226;0.03312100065391439;18
0;229;1226;0.0331013256529779;18
0;256;1226;0.03307788474178363;18
0;0;1244;0.0;19
0;26;1244;0.0;19
0;58;1244;0.03327357738148624;19
0;91;1244;0.03319762177329268;19
0;116;1244;0.03315210200658038;19
0;136;1244;0.03306020587635282;19
0;158;1244;0.03304884585606071;19
0;190;1244;0.03301614816734038;19
0;223;1244;0.03300061120072083;19
0;240;1244;0.03294699384254979;19
0;257;1244;0.03295867747204058;19
0;0;1285;0.0;20
0;38;1285;0.0;20
0;61;1285;0.03346026780738838;20
0;85;1285;0.03340648864406606;20
0;125;1285;0.03333438578795595;20
0;150;1285;0.0332621050607181;20
0;165;1285;0.03324859528219265;20
0;185;1285;0.03320338241903124;20
0;217;1285;0.033199515404270734;20
0;238;1285;0.03315396093260641;20
0;259;1285;0.0331447111391311;20
0;0;1176;0.0;21
0;19;1176;0.0;21
0;45;1176;0.03306123743608697;21
0;71;1176;0.03303524919920161;21
0;85;1176;0.03298000627837857;21
0;114;1176;0.03291039198225466;21
0;134;1176;0.03289042677332542;21
0;157;1176;0.032847258329735035;21
0;182;1176;0.032825286553968165;21
0;207;1176;0.032770613900961636;21
0;234;1176;0.03278258621402814;21
0;0;1225;0.0;22
0;25;1225;0.0;22
0;40;1225;0.03548757242692342;22
0;72;1225;0.03544037685289704;22
0;95;1225;0.035336016177774494;22
0;126;1225;0.03538693037685094;22
0;143;1225;0.0353111673358757;22
0;163;1225;0.03534339461066134;22
0;189;1225;0.03527199092908406;22
0;211;1225;0.03524852904482603;22
0;234;1225;0.03525276302965256;22
0;0;1197;0.0;23
0;20;1197;0.0;23
0;40;1197;0.034571854947876575;23
0;71;1197;0.03451907628458814;23
0;98;1197;0.03445444879536809;23
0;117;1197;0.03439919524508337;23
0;142;1197;0.03437602133214171;23
0;167;1197;0.0343379466387081;23
0;184;1197;0.03429949842305967;23
0;201;1197;0.03429884737771014;23
0;228;1197;0.034253185615942004;23
0;0;1153;0.0;24
0;22;1153;0.0;24
0;42;1153;0.03295810953290571;24
0;64;1153;0.032919284822929905;24
0;79;1153;0.03288672493819708;24
0;98;1153;0.032820466351410955;24
0;124;1153;0.03283787931930582;24
0;145;1153;0.032791090803847185;24
0;164;1153;0.03275303904834015;24
0;187;1153;0.03273716492480984;24
0;206;1153;0.0327011312071346;24
0;0;1204;0.0;25
0;25;1204;0.0;25
0;49;1204;0.03405129250826646;25
0;74;1204;0.03403741165770974;25
0;98;1204;0.03398928285630814;25
0;129;1204;0.03395966061169474;25
0;153;1204;0.033932805827598556;25
0;170;1204;0.03392189003162401;25
0;195;1204;0.03391413637733615;25
0;217;1204;0.0338971102893034;25
0;243;1204;0.03385416637024107;25
0;0;1204;0.0;26
0;18;1204;0.0;26
0;55;1204;0.03357990044123338;26
0;73;1204;0.03354867278906205;26
0;98;1204;0.03348715251614145;26
0;111;1204;0.033436889601485574;26
0;126;1204;0.03342305797992015;26
0;145;1204;0.0334056028550307;26
0;166;1204;0.03332769707246024;26
0;190;1204;0.033322285400019205;26
0;210;1204;0.033307346391230466;26
0;0;1172;0.0;27
0;21;1172;0.0;27
0;41;1172;0.03452724418557792;27
0;67;1172;0.034456343662623685;27
0;92;1172;0.034397964911919404;27
0;115;1172;0.03432010379865004;27
0;136;1172;0.03430818850721367;27
0;164;1172;0.03429019758708862;27
0;179;1172;0.034304385718275626;27
0;196;1172;0.034271828482422266;27
0;219;1172;0.03430018900267972;27
0;0;1216;0.0;28
0;25;1216;0.0;28
0;48;1216;0.03324216135645578;28
0;68;1216;0.03316142103736753;28
0;83;1216;0.033142930323718976;28
0;104;1216;0.03310672922135898;28
0;121;1216;0.03306920238200391;28
0;145;1216;0.033067176045853415;28
0;171;1216;0.0329874245499603;28
0;195;1216;0.03299040710648642;28
0;221;1216;0.03299093268191821;28
0;0;1206;0.0;29
0;21;1206;0.0;29
0;43;1206;0.034540150753342685;29
0;62;1206;0.034525318102710666;29
0;82;1206;0.03445110609876531;29
0;99;1206;0.03442463732152077;29
0;118;1206;0.03439281478893233;29
0;145;1206;0.03434638296560273;29
0;166;1206;0.03439286539099669;29
0;188;1206;0.03428740349359818;29
0;214;1206;0.03432556817040345;29
0;0;1186;0.0;30
0;23;1186;0.0;30
0;46;1186;0.032911447213584855;30
0;73;1186;0.03285209164787752;30
0;99;1186;0.032833826672641;30
0;121;1186;0.032729307188948016;30
0;139;1186;0.0327331613043495;30
0;162;1186;0.03269037651512517;30
0;187;1186;0.0326843540227778;30
0;207;1186;0.03267905000483191;30
0;231;1186;0.03264611429878468;30
0;0;1245;0.0;31
0;18;1245;0.0;31
0;46;1245;0.034527047618966605;31
0;64;1245;0.03444368489082369;31
0;81;1245;0.03440460588744734;31
0;107;1245;0.034346464580224785;31
0;122;1245;0.034312020205493635;31
0;146;1245;0.03427398035232035;31
0;174;1245;0.03423021949077243;31
0;192;1245;0.034230503142611016;31
0;208;1245;0.034216884189348803;31
0;0;1199;0.0;32
0;19;1199;0.0;32
0;44;1199;0.03345721755966877;32
0;69;1199;0.033410442355038796;32
0;88;1199;0.033395736380864724;32
0;117;1199;0.033373895981145076;32
0;135;1199;0.03331089016982629;32
0;165;1199;0.03328233546633087;32
0;194;1199;0.03323832862186148;32
0;220;1199;0.033188325551974616;32
0;242;1199;0.03323890706786884;32
0;0;1217;0.0;33
0;32;1217;0.0;33
0;61;1217;0.03329324397035192;33
0;91;1217;0.03323867949171414;33
0;115;1217;0.033209007913084954;33
0;149;1217;0.03313711803079196;33
0;170;1217;0.03315443008193893;33
0;198;1217;0.033112506780982126;33
0;224;1217;0.03306308382343645;33
0;255;1217;0.03304674352268225;33
0;277;1217;0.03302537475271315;33
0;0;1214;0.0;34
0;24;1214;0.0;34
0;57;1214;0.03423415024180985;34
0;79;1214;0.034210296708300496;34
0;102;1214;0.03416202013752398;34
0;119;1214;0.034127047788940254;34
0;148;1214;0.03411089840915619;34
0;170;1214;0.034069975914102664;34
0;195;1214;0.0340594584006451;34
0;217;1214;0.03401218650244057;34
0;241;1214;0.03402699031281785;34
0;0;1210;0.0;35
0;28;1210;0.0;35
0;49;1210;0.033376946161795505;35
0;77;1210;0.033300089777039195;35
0;98;1210;0.03329765874775722;35
0;118;1210;0.033278372641416365;35
0;140;1210;0.03323063387132616;35
0;165;1210;0.033213938601949426;35
0;181;1210;0.033154005132205976;35
0;199;1210;0.03315175069438147;35
0;223;1210;0.03315108775963391;35
0;0;1232;0.0;36
0;17;1232;0.0;36
0;32;1232;0.032666212353552104;36
0;68;1232;0.03265517210986895;36
0;94;1232;0.03261023150824057;36
0;111;1232;0.032497008347245324;36
0;135;1232;0.03247877794764689;36
0;157;1232;0.03245248882745544;36
0;175;1232;0.032388395827873714;36
0;192;1232;0.0324215165975234;36
0;216;1232;0.032377823956162864;36
0;0;1222;0.0;37
0;23;1222;0.0;37
0;44;1222;0.033469664644284775;37
0;65;1222;0.0334095404520498;37
0;92;1222;0.033314469314738686;37
0;114;1222;0.033299441372644595;37
0;133;1222;0.033230612860533776;37
0;158;1222;0.03326888026829542;37
0;174;1222;0.03324795595915013;37
0;203;1222;0.03321185674408505;37
0;234;1222;0.03318246598836587;37
0;0;1236;0.0;38
0;19;1236;0.0;38
0;39;1236;0.032683533698138666;38
0;58;1236;0.03263225203368491;38
0;83;1236;0.032584018656031846;38
0;98;1236;0.03257548492994183;38
0;118;1236;0.032518840553124415;38
0;133;1236;0.032493643807430146;38
0;156;1236;0.03247185257433454;38
0;187;1236;0.032441815977764556;38
0;204;1236;0.032441714372576036;38
0;0;1224;0.0;39
0;24;1224;0.0;39
0;49;1224;0.033169152481432186;39
0;80;1224;0.03308573495279263;39
0;105;1224;0.033031719472212645;39
0;124;1224;0.03300196926267811;39
0;148;1224;0.03292693984275484;39
0;176;1224;0.032893960441403705;39
0;199;1224;0.03288790007486624;39
0;224;1224;0.03284783892920279;39
0;252;1224;0.032831736483515776;39
0;0;1279;0.0;40
0;26;1279;0.0;40
0;61;1279;0.03340627738943168;40
0;88;1279;0.033370715360465715;40
0;103;1279;0.0333013137029606;40
0;129;1279;0.03322095849879356;40
0;153;1279;0.033234073179293645;40
0;180;1279;0.033183996911875686;40
0;210;1279;0.03313212663819997;40
0;241;1279;0.03313571831129417;40
0;264;1279;0.03307607484190721;40
0;0;1208;0.0;41
0;22;1208;0.0;41
0;44;1208;0.033782678946206034;41
0;79;1208;0.033716867491516346;41
0;105;1208;0.033657638261545775;41
0;134;1208;0.03364832966386631;41
0;147;1208;0.033609462786429206;41
0;166;1208;0.03356342476207161;41
0;189;1208;0.033536385564332374;41
0;214;1208;0.033486165531212767;41
0;232;1208;0.03348349577251918;41
0;0;1214;0.0;42
0;24;1214;0.0;42
0;45;1214;0.034100562065324434;42
0;67;1214;0.03409799743670664;42
0;97;1214;0.034039377962212944;42
0;123;1214;0.03401087803811513;42
0;148;1214;0.03396952443298856;42
0;179;1214;0.03393892444410327;42
0;209;1214;0.03390109390926609;42
0;244;1214;0.033882464043934114;42
0;275;1214;0.03386129170482702;42
0;0;1165;0.0;43
0;22;1165;0.0;43
0;39;1165;0.033409318581383456;43
0;60;1165;0.03333481822746449;43
0;89;1165;0.033267524766370356;43
0;116;1165;0.03322803884295586;43
0;144;1165;0.03320808527392046;43
0;160;1165;0.03317292422474601;43
0;180;1165;0.0331371823081331;43
0;203;1165;0.03312095611985766;43
0;227;1165;0.033140694140607725;43
0;0;1178;0.0;44
0;14;1178;0.0;44
0;38;1178;0.0335349197033448;44
0;63;1178;0.03347221524130247;44
0;96;1178;0.033452294294869296;44
0;121;1178;0.03344203767717758;44
0;153;1178;0.03338943542216406;44
0;182;1178;0.033366964586736936;44
0;202;1178;0.033315424651653235;44
0;225;1178;0.03330125120054854;44
0;242;1178;0.03326949655538824;44
0;0;1235;0.0;45
0;22;1235;0.0;45
0;56;1235;0.03318233097860854;45
0;77;1235;0.03314899970019142;45
0;97;1235;0.033068951675804786;45
0;124;1235;0.03307073958647771;45
0;146;1235;0.03302115249082899;45
0;171;1235;0.033014536396418825;45
0;185;1235;0.032984663316295536;45
0;208;1235;0.032968444672529296;45
0;231;1235;0.032951718630590245;45
0;0;1240;0.0;46
0;34;1240;0.0;46
0;56;1240;0.03320553896442963;46
0;81;1240;0.03314426671937249;46
0;99;1240;0.03310886238392189;46
0;115;1240;0.03313561166706204;46
0;138;1240;0.03306460342279694;46
0;163;1240;0.033053563328342216;46
0;183;1240;0.03295697493128818;46
0;202;1240;0.03289830603551387;46
0;219;1240;0.03291287349604464;46
0;0;1174;0.0;47
0;18;1174;0.0;47
0;39;1174;0.03281038270806901;47
0;74;1174;0.032805454669993774;47
0;102;1174;0.03277806013594847;47
0;120;1174;0.032734404904323215;47
0;138;1174;0.032714511194462066;47
0;169;1174;0.032685163532676455;47
0;189;1174;0.03268283538456543;47
0;210;1174;0.03258943538665889;47
0;232;1174;0.0325561678646332;47
0;0;1163;0.0;48
0;31;1163;0.0;48
0;51;1163;0.033159643312382685;48
0;75;1163;0.033116165066834596;48
0;105;1163;0.03302950104022928;48
0;126;1163;0.0330254525705053;48
0;152;1163;0.03293970806622675;48
0;174;1163;0.03295010148996386;48
0;190;1163;0.03293374827616018;48
0;209;1163;0.032918492852082044;48
0;247;1163;0.032910397062942506;48
0;0;1206;0.0;49
0;23;1206;0.0;49
0;45;1206;0.03350075697674894;49
0;71;1206;0.03343768431641589;49
0;105;1206;0.033401864566450834;49
0;136;1206;0.033327871206201135;49
0;168;1206;0.03329060158267676;49
0;193;1206;0.03326051660806292;49
0;221;1206;0.03324912463010913;49
0;240;1206;0.03323221103359604;49
0;279;1206;0.033206542197267416;49
0;0;1255;0.0;50
0;23;1255;0.0;50
0;48;1255;0.033006325916836665;50
0;67;1255;0.032947462749631326;50
0;87;1255;0.032926840710530376;50
0;113;1255;0.03289324996734534;50
0;133;1255;0.03285951746706997;50
0;150;1255;0.032805636074536924;50
0;172;1255;0.032785760493238204;50
0;195;1255;0.032741609389585216;50
0;212;1255;0.032734265544784875;50
0;0;1216;0.0;51
0;26;1216;0.0;51
0;54;1216;0.03427228780804436;51
0;81;1216;0.03423462497298961;51
0;109;1216;0.03419147593290354;51
0;130;1216;0.034127303544387894;51
0;152;1216;0.03409663176077491;51
0;177;1216;0.03408079516068672;51
0;204;1216;0.034054090132447055;51
0;223;1216;0.034064178233142756;51
0;250;1216;0.033949156303557826;51
0;0;1204;0.0;52
0;17;1204;0.0;52
0;37;1204;0.032745512108092595;52
0;62;1204;0.0326674276702867;52
0;90;1204;0.03263912836875407;52
0;111;1204;0.03260951519227963;52
0;134;1204;0.0325921412775079;52
0;168;1204;0.03254424931379266;52
0;190;1204;0.032561026394112624;52
0;221;1204;0.03252984246480908;52
0;246;1204;0.03249073633178254;52
0;0;1216;0.0;53
0;20;1216;0.0;53
0;40;1216;0.03381571385357712;53
0;64;1216;0.03376971795231362;53
0;88;1216;0.03369034053926206;53
0;112;1216;0.0336467443828201;53
0;138;1216;0.03357673556540688;53
0;165;1216;0.033579034563568;53
0;186;1216;0.03354874632706812;53
0;208;1216;0.03354477245449454;53
0;240;1216;0.033530144934565534;53
0;0;1182;0.0;54
0;25;1182;0.0;54
0;47;1182;0.0329697868840517;54
0;74;1182;0.032906208627293605;54
0;94;1182;0.03282418663762926;54
0;117;1182;0.03275931809719156;54
0;147;1182;0.03277142657032721;54
0;168;1182;0.032753474350127126;54
0;194;1182;0.032749172332515675;54
0;228;1182;0.03267208961479341;54
0;243;1182;0.03267811306917787;54
0;0;1208;0.0;55
0;31;1208;0.0;55
0;51;1208;0.033677782899895314;55
0;81;1208;0.03366239806599216;55
0;104;1208;0.03358574860007115;55
0;134;1208;0.033566005746632536;55
0;165;1208;0.03352648981932353;55
0;189;1208;0.03352863689958482;55
0;217;1208;0.0335012338711467;55
0;245;1208;0.03342147544295735;55
0;271;1208;0.03341621336012777;55
0;0;1245;0.0;56
0;26;1245;0.0;56
0;57;1245;0.03352613626041117;56
0;83;1245;0.03346309199717979;56
0;104;1245;0.03345315063175645;56
0;131;1245;0.03339622146591858;56
0;155;1245;0.03339082296570292;56
0;178;1245;0.03333492262855518;56
0;204;1245;0.03333651771197175;56
0;221;1245;0.033301106922572495;56
0;252;1245;0.03328031289389738;56
0;0;1177;0.0;57
0;26;1177;0.0;57
0;59;1177;0.035271370629295334;57
0;81;1177;0.0352561198389377;57
0;105;1177;0.03516382122258568;57
0;129;1177;0.035159228262333926;57
0;153;1177;0.0351444588390575;57
0;188;1177;0.03502262125717472;57
0;212;1177;0.035053709882696675;57
0;231;1177;0.03501530882377494;57
0;259;1177;0.03497191511218311;57
0;0;1168;0.0;58
0;16;1168;0.0;58
0;37;1168;0.033329916720876006;58
0;67;1168;0.03325382287849421;58
0;96;1168;0.03324615601616703;58
0;112;1168;0.03318705974796017;58
0;144;1168;0.0331160592617295;58
0;166;1168;0.03312708608074875;58
0;186;1168;0.03305429325215467;58
0;211;1168;0.03305356241316754;58
0;238;1168;0.03303909356566243;58
0;0;1208;0.0;59
0;25;1208;0.0;59
0;39;1208;0.033695533779982634;59
0;62;1208;0.033656261179422976;59
0;92;1208;0.033590455723846904;59
0;112;1208;0.03360506640458528;59
0;133;1208;0.03360749554709611;59
0;152;1208;0.03354318576815893;59
0;170;1208;0.033481682313867875;59
0;201;1208;0.03349961171096374;59
0;228;1208;0.033448383947883985;59
0;0;1240;0.0;60
0;20;1240;0.0;60
0;49;1240;0.03505160398200837;60
0;74;1240;0.0350176204754955;60
0;99;1240;0.03495030864746503;60
0;119;1240;0.03489110237527456;60
0;141;1240;0.034892163487862796;60
0;162;1240;0.034798294079722215;60
0;191;1240;0.03481491234683415;60
0;220;1240;0.034737872162209624;60
0;249;1240;0.03476975978046315;60
0;0;1189;0.0;61
0;20;1189;0.0;61
0;44;1189;0.032805642229937974;61
0;67;1189;0.032743210998576265;61
0;84;1189;0.03274275732594212;61
0;110;1189;0.032697399370291674;61
0;138;1189;0.03263016603283338;61
0;162;1189;0.03260059595874215;61
0;188;1189;0.032574473071078545;61
0;216;1189;0.032536905902939256;61
0;237;1189;0.03254092592264961;61
0;0;1172;0.0;62
0;28;1172;0.0;62
0;50;1172;0.03480863297671849;62
0;77;1172;0.03477464155059386;62
0;99;1172;0.03476087455878675;62
0;118;1172;0.0346774886963144;62
0;142;1172;0.03464892868035652;62
0;172;1172;0.03457950862462472;62
0;192;1172;0.03454646373526143;62
0;215;1172;0.03453695786411901;62
0;239;1172;0.03449915537477578;62
0;0;1261;0.0;63
0;19;1261;0.0;63
0;44;1261;0.03336199241893171;63
0;76;1261;0.03334053864507593;63
0;93;1261;0.03328568879658421;63
0;106;1261;0.03323963255095319;63
0;133;1261;0.03323340596781508;63
0;165;1261;0.03317466227319122;63
0;186;1261;0.033148660873518976;63
0;213;1261;0.03314915349867704;63
0;234;1261;0.03310371508002024;63
0;0;1204;0.0;64
0;25;1204;0.0;64
0;49;1204;0.03408853252648295;64
0;80;1204;0.03401415861818613;64
0;104;1204;0.03402653928098114;64
0;122;1204;0.03399656637547498;64
0;153;1204;0.03395777403063159;64
0;173;1204;0.03389010617123826;64
0;190;1204;0.03387342014365407;64
0;213;1204;0.0338342210128538;64
0;239;1204;0.033810681951555836;64
0;0;1234;0.0;65
0;20;1234;0.0;65
0;49;1234;0.03344098516192317;65
0;82;1234;0.033349192582775716;65
0;108;1234;0.03332722510421291;65
0;131;1234;0.03327076549675254;65
0;160;1234;0.03330529144010114;65
0;174;1234;0.03323538372511318;65
0;207;1234;0.03318739028056564;65
0;238;1234;0.03313297134620085;65
0;267;1234;0.03312805497836675;65
0;0;1206;0.0;66
0;28;1206;0.0;66
0;45;1206;0.03433841758669471;66
0;68;1206;0.03434880929338263;66
0;92;1206;0.03427319861840708;66
0;121;1206;0.034236898133833446;66
0;145;1206;0.034198233401869456;66
0;172;1206;0.034156516371334184;66
0;195;1206;0.034140628405705926;66
0;214;1206;0.03413140490773847;66
0;241;1206;0.03411754146360964;66
0;0;1211;0.0;67
0;30;1211;0.0;67
0;48;1211;0.03378931509123011;67
0;71;1211;0.03374452097320522;67
0;100;1211;0.033711068032271065;67
0;117;1211;0.033684421468926466;67
0;143;1211;0.03362064626529247;67
0;158;1211;0.03360391055105391;67
0;180;1211;0.03359494798477251;67
0;208;1211;0.033575145983545204;67
0;240;1211;0.03353742330983212;67
0;0;1194;0.0;68
0;26;1194;0.0;68
0;45;1194;0.03245142559276314;68
0;69;1194;0.03246448324986765;68
0;89;1194;0.03235065852353447;68
0;111;1194;0.03230831635039388;68
0;142;1194;0.032298113981597244;68
0;174;1194;0.03221934722322589;68
0;195;1194;0.03224095144358351;68
0;209;1194;0.03222012355064732;68
0;230;1194;0.0321975194160733;68
0;0;1221;0.0;69
0;20;1221;0.0;69
0;37;1221;0.03315302298902233;69
0;63;1221;0.0331540349202831;69
0;86;1221;0.033099285028135673;69
0;107;1221;0.03306934863116535;69
0;137;1221;0.0330265509920981;69
0;159;1221;0.03302156261364886;69
0;174;1221;0.03298361037778908;69
0;201;1221;0.03291833520328472;69
0;220;1221;0.032885459995990914;69
0;0;1245;0.0;70
0;20;1245;0.0;70
0;42;1245;0.0348323255957161;70
0;76;1245;0.034778156013337044;70
0;94;1245;0.034742347045298674;70
0;117;1245;0.03466878740305758;70
0;140;1245;0.03464885246440229;70
0;170;1245;0.03461604486074735;70
0;202;1245;0.034596242378924204;70
0;224;1245;0.03456154991156587;70
0;248;1245;0.034552209944592474;70
0;0;1201;0.0;71
0;29;1201;0.0;71
0;48;1201;0.032916431352066816;71
0;76;1201;0.03288225685155284;71
0;104;1201;0.03283782532992729;71
0;130;1201;0.03280578758323367;71
0;154;1201;0.03275646497392955;71
0;179;1201;0.03275513055164337;71
0;202;1201;0.03268978799979788;71
0;228;1201;0.03269350832942387;71
0;252;1201;0.03267237371313228;71
0;0;1234;0.0;72
0;27;1234;0.0;72
0;47;1234;0.03317835822885802;72
0;73;1234;0.03314511301801953;72
0;95;1234;0.0330865582335873;72
0;123;1234;0.033050917432808545;72
0;143;1234;0.03296791677698429;72
0;175;1234;0.03296615992807735;72
0;202;1234;0.032981024667836416;72
0;230;1234;0.03294441664730686;72
0;251;1234;0.03293355684546045;72
0;0;1209;0.0;73
0;21;1209;0.0;73
0;48;1209;0.03355245407987478;73
0;71;1209;0.03348606727190307;73
0;100;1209;0.03346594336948109;73
0;123;1209;0.033414876146457426;73
0;145;1209;0.033356076834766775;73
0;165;1209;0.03333955649398186;73
0;188;1209;0.03329278981611452;73
0;209;1209;0.03326980006269127;73
0;228;1209;0.0332702181374813;73
0;0;1184;0.0;74
0;25;1184;0.0;74
0;54;1184;0.032750223196238354;74
0;82;1184;0.03273358300635127;74
0;103;1184;0.032681158770198095;74
0;138;1184;0.03260071875801998;74
0;168;1184;0.032568523118146904;74
0;193;1184;0.03254990687794706;74
0;218;1184;0.03254267131325703;74
0;249;1184;0.03250142665637182;74
0;275;1184;0.032463891285786334;74
0;0;1235;0.0;75
0;31;1235;0.0;75
0;54;1235;0.03402031153006701;75
0;76;1235;0.033963021887189374;75
0;101;1235;0.033965352947385015;75
0;127;1235;0.03389987737739676;75
0;155;1235;0.033869258234824236;75
0;172;1235;0.033847521092570935;75
0;200;1235;0.03383168695903618;75
0;212;1235;0.0337776507007736;75
0;229;1235;0.033741487743510885;75
0;0;1177;0.0;76
0;27;1177;0.0;76
0;49;1177;0.03396341996052306;76
0;68;1177;0.03385626646320271;76
0;97;1177;0.03385566514307206;76
0;121;1177;0.03379249172048241;76
0;144;1177;0.033782058824759965;76
0;167;1177;0.03376972034583353;76
0;183;1177;0.03370826021152055;76
0;208;1177;0.033696168956451895;76
0;233;1177;0.03368043225871793;76
0;0;1241;0.0;77
0;21;1241;0.0;77
0;53;1241;0.032748790030476885;77
0;83;1241;0.032699980435369924;77
0;107;1241;0.03266139378914661;77
0;128;1241;0.032660700437936924;77
0;143;1241;0.03260478520993461;77
0;164;1241;0.03257257580492251;77
0;196;1241;0.032511530189254984;77
0;229;1241;0.032540566979333094;77
0;268;1241;0.03247394666565123;77
0;0;1219;0.0;78
0;30;1219;0.0;78
0;48;1219;0.03344023090108457;78
0;68;1219;0.033423465610573265;78
0;89;1219;0.033338538147856894;78
0;112;1219;0.033332219401269514;78
0;140;1219;0.03330369574337244;78
0;166;1219;0.03328305967715762;78
0;188;1219;0.03324280443136342;78
0;206;1219;0.03321939601777174;78
0;232;1219;0.033186232205478866;78
0;0;1246;0.0;79
0;14;1246;0.0;79
0;40;1246;0.033928736620783814;79
0;58;1246;0.03386493607284696;79
0;89;1246;0.033795064613440194;79
0;114;1246;0.033788990477671595;79
0;143;1246;0.033761002332548945;79
0;174;1246;0.03374204025771864;79
0;205;1246;0.03371598875171615;79
0;228;1246;0.03363974069100211;79
0;262;1246;0.03365829902737877;79
0;0;1239;0.0;80
0;30;1239;0.0;80
0;56;1239;0.03353331179479335;80
0;78;1239;0.03345755200010382;80
0;102;1239;0.03345872884670746;80
0;120;1239;0.03343256431088396;80
0;140;1239;0.033376396104474015;80
0;166;1239;0.033394889775588195;80
0;197;1239;0.03340043826234037;80
0;229;1239;0.033355340468445495;80
0;251;1239;0.03329484938689274;80
0;0;1220;0.0;81
0;20;1220;0.0;81
0;43;1220;0.03423473266770114;81
0;73;1220;0.03418455753833159;81
0;108;1220;0.03414024716878056;81
0;139;1220;0.03410183327278819;81
0;168;1220;0.034052551567355385;81
0;186;1220;0.03403981699875123;81
0;203;1220;0.03400583872785161;81
0;222;1220;0.0339597217319364;81
0;245;1220;0.03394298244045515;81
0;0;1176;0.0;82
0;23;1176;0.0;82
0;41;1176;0.033775551598637626;82
0;66;1176;0.03372710535152671;82
0;85;1176;0.033700049399231775;82
0;106;1176;0.03369622316926953;82
0;126;1176;0.03365230304653301;82
0;143;1176;0.033630547670255445;82
0;170;1176;0.033596633246725224;82
0;197;1176;0.033567448133558296;82
0;220;1176;0.03351682331998464;82
0;0;1199;0.0;83
0;24;1199;0.0;83
0;40;1199;0.03355708967374408;83
0;63;1199;0.03350841101889929;83
0;89;1199;0.033447457827636806;83
0;114;1199;0.03339563112586992;83
0;138;1199;0.03335407341494917;83
0;161;1199;0.03336435578505397;83
0;189;1199;0.03333844136264873;83
0;216;1199;0.033294305533144934;83
0;253;1199;0.03330580255201586;83
0;0;1238;0.0;84
0;22;1238;0.0;84
0;43;1238;0.03313123262176636;84
0;61;1238;0.033062070157619666;84
0;83;1238;0.03301465265482005;84
0;104;1238;0.03294570273862782;84
0;126;1238;0.0329045214342565;84
0;147;1238;0.03286443860105295;84
0;162;1238;0.032866505930144584;84
0;195;1238;0.03284543072790377;84
0;227;1238;0.032845757360786126;84
0;0;1195;0.0;85
0;25;1195;0.0;85
0;46;1195;0.032952586561566105;85
0;77;1195;0.032884563052582035;85
0;112;1195;0.03286990340459559;85
0;135;1195;0.032798194662511916;85
0;166;1195;0.03278926526497773;85
0;192;1195;0.032730248685378105;85
0;222;1195;0.03271202515754404;85
0;245;1195;0.03267978023835605;85
0;274;1195;0.032657571329877316;85
0;0;1156;0.0;86
0;17;1156;0.0;86
0;33;1156;0.03435655809394946;86
0;62;1156;0.034244722302831015;86
0;83;1156;0.03421240541803925;86
0;111;1156;0.03416316299411807;86
0;135;1156;0.0341596759856482;86
0;152;1156;0.034114975569814694;86
0;172;1156;0.0340698838921942;86
0;194;1156;0.03406324219435105;86
0;224;1156;0.034080441840989274;86
0;0;1200;0.0;87
0;31;1200;0.0;87
0;60;1200;0.034394055530214664;87
0;95;1200;0.03433915579101544;87
0;120;1200;0.03428695620274617;87
0;145;1200;0.03422620996865792;87
0;175;1200;0.03418315663438369;87
0;200;1200;0.034196472372304734;87
0;217;1200;0.0341780280905802;87
0;241;1200;0.03417402623001411;87
0;266;1200;0.03418539752584748;87
0;0;1222;0.0;88
0;22;1222;0.0;88
0;45;1222;0.03387777948094101;88
0;69;1222;0.033833613539514105;88
0;93;1222;0.03377869321039818;88
0;112;1222;0.033758690747772054;88
0;138;1222;0.03371705543925022;88
0;163;1222;0.03369348499905484;88
0;183;1222;0.03369215005939565;88
0;209;1222;0.033657360046728244;88
0;227;1222;0.033626332851112946;88
0;0;1234;0.0;89
0;23;1234;0.0;89
0;50;1234;0.033167983331107216;89
0;77;1234;0.03314253021858669;89
0;97;1234;0.03311366950713441;89
0;123;1234;0.03307513107749053;89
0;148;1234;0.03304890335426715;89
0;176;1234;0.03301101513788168;89
0;198;1234;0.032993211799748935;89
0;217;1234;0.032955435436844656;89
0;240;1234;0.03298590021409907;89
0;0;1178;0.0;90
0;22;1178;0.0;90
0;47;1178;0.03460401378717143;90
0;73;1178;0.03456164124834465;90
0;90;1178;0.034532199095429886;90
0;119;1178;0.034456476481652794;90
0;140;1178;0.03442841381004042;90
0;163;1178;0.03442491231896622;90
0;181;1178;0.03440813375534446;90
0;211;1178;0.034360712556770735;90
0;230;1178;0.03433597033572688;90
0;0;1205;0.0;91
0;22;1205;0.0;91
0;46;1205;0.03356798432152429;91
0;64;1205;0.033517296831253915;91
0;92;1205;0.033491190385726934;91
0;113;1205;0.03340546389621849;91
0;137;1205;0.033391733784104954;91
0;157;1205;0.03342744882189318;91
0;188;1205;0.03331757932499063;91
0;210;1205;0.0333223198160803;91
0;237;1205;0.033300043200604264;91
0;0;1240;0.0;92
0;18;1240;0.0;92
0;41;1240;0.03390071298656788;92
0;67;1240;0.03389533408438139;92
0;86;1240;0.03383363973706558;92
0;111;1240;0.033733289673513814;92
0;130;1240;0.03375063607092051;92
0;150;1240;0.03369402376840894;92
0;171;1240;0.033682767099374386;92
0;199;1240;0.03366244495003536;92
0;222;1240;0.03364266477985009;92
0;0;1234;0.0;93
0;27;1234;0.0;93
0;47;1234;0.03363169469575241;93
0;64;1234;0.033587534848812065;93
0;86;1234;0.03353064070134398;93
0;109;1234;0.033474209627214806;93
0;130;1234;0.03345838075069978;93
0;149;1234;0.03338885581274196;93
0;169;1234;0.03339459041771349;93
0;193;1234;0.033367845656765524;93
0;214;1234;0.033340149090024626;93
0;0;1216;0.0;94
0;26;1216;0.0;94
0;48;1216;0.034995536313502704;94
0;69;1216;0.0349524388140095;94
0;92;1216;0.03493115282504688;94
0;118;1216;0.03492064093179728;94
0;137;1216;0.0348984966816967;94
0;164;1216;0.0348482659597286;94
0;201;1216;0.03484855917541252;94
0;233;1216;0.034826029433384365;94
0;259;1216;0.034766770240629734;94
0;0;1209;0.0;95
0;29;1209;0.0;95
0;49;1209;0.03349519845581562;95
0;71;1209;0.03343098093177448;95
0;98;1209;0.0334096512638362;95
0;121;1209;0.033375701905632944;95
0;149;1209;0.03335976204983833;95
0;172;1209;0.0333174470815916;95
0;201;1209;0.03327397610992083;95
0;225;1209;0.03326959552865376;95
0;242;1209;0.03326836913150841;95
0;0;1235;0.0;96
0;25;1235;0.0;96
0;43;1235;0.03409594118904149;96
0;67;1235;0.03408049911964854;96
0;97;1235;0.03405634610535026;96
0;116;1235;0.03403313314950505;96
0;137;1235;0.034005620810380215;96
0;163;1235;0.03395545512225677;96
0;188;1235;0.033929806426821175;96
0;201;1235;0.03387931155392374;96
0;222;1235;0.033883149686017286;96
0;0;1228;0.0;97
0;26;1228;0.0;97
0;49;1228;0.03369576021451949;97
0;75;1228;0.03367464174389199;97
0;112;1228;0.03362922384231188;97
0;134;1228;0.03356954221469003;97
0;167;1228;0.033563698626176315;97
0;191;1228;0.033474000209206746;97
0;218;1228;0.033468036793343585;97
0;244;1228;0.03346621414261246;97
0;262;1228;0.03342013841759816;97
0;0;1220;0.0;98
0;33;1220;0.0;98
0;59;1220;0.03423316953303723;98
0;83;1220;0.03416530259836583;98
0;108;1220;0.03408769835853819;98
0;121;1220;0.03404263123100365;98
0;145;1220;0.03397913047720695;98
0;166;1220;0.03394264072211237;98
0;195;1220;0.03394303456446261;98
0;217;1220;0.033897616271223834;98
0;245;1220;0.03390863535323755;98
0;0;1276;0.0;99
0;27;1276;0.0;99
0;57;1276;0.03383195314846726;99
0;84;1276;0.033783831510343795;99
0;111;1276;0.033743099987672824;99
0;132;1276;0.033716904903801116;99
0;158;1276;0.03368446261763202;99
0;191;1276;0.033634640079315756;99
0;212;1276;0.0336130388979575;99
0;232;1276;0.03358140098555463;99
0;253;1276;0.033522503974033974;99
0;0;1164;0.0;100
0;21;1164;0.0;100
0;48;1164;0.03421177675088287;100
0;72;1164;0.034141084467188394;100
0;103;1164;0.034081217993024306;100
0;127;1164;0.034062834008726124;100
0;152;1164;0.03403018876371115;100
0;172;1164;0.033966792244267505;100
0;193;1164;0.033927932914765146;100
0;222;1164;0.03395875261609362;100
0;253;1164;0.03392835972164373;100
0;0;1189;0.0;101
0;22;1189;0.0;101
0;56;1189;0.033141403834215356;101
0;85;1189;0.03310383932100206;101
0;109;1189;0.03304037105849507;101
0;132;1189;0.032989576033996;101
0;157;1189;0.03296284029392264;101
0;173;1189;0.03290199275919319;101
0;198;1189;0.03288476153489356;101
0;218;1189;0.03288735450801709;101
0;238;1189;0.03282625432691426;101
0;0;1192;0.0;102
0;17;1192;0.0;102
0;40;1192;0.03385648242319824;102
0;58;1192;0.033793734433715514;102
0;87;1192;0.03374183193896024;102
0;105;1192;0.03370711165049805;102
0;128;1192;0.033667538898551154;102
0;166;1192;0.033664922024843114;102
0;195;1192;0.0335795948220462;102
0;216;1192;0.03362434519063688;102
0;239;1192;0.033564722859365057;102
0;0;1237;0.0;103
0;28;1237;0.0;103
0;56;1237;0.03345836648688386;103
0;77;1237;0.03341174976157476;103
0;110;1237;0.03336841271393707;103
0;129;1237;0.03334032073058699;103
0;164;1237;0.03329857320562642;103
0;192;1237;0.033230124401247445;103
0;215;1237;0.03322876333929388;103
0;249;1237;0.03317120777980794;103
0;277;1237;0.03316472728557863;103
0;0;1224;0.0;104
0;24;1224;0.0;104
0;43;1224;0.03420471211953016;104
0;69;1224;0.03416302162453438;104
0;82;1224;0.034099866163266365;104
0;105;1224;0.03409661409209659;104
0;128;1224;0.03406195835427944;104
0;148;1224;0.03399228270669565;104
0;177;1224;0.033983203785967336;104
0;202;1224;0.033981832297133106;104
0;222;1224;0.03394802935831115;104
0;0;1197;0.0;105
0;23;1197;0.0;105
0;49;1197;0.03379127765715813;105
0;80;1197;0.033777839214573786;105
0;104;1197;0.03372165074910637;105
0;132;1197;0.03368265852370493;105
0;156;1197;0.033637575367163;105
0;184;1197;0.03361385196722852;105
0;205;1197;0.033553899074914253;105
0;223;1197;0.033604509620527606;105
0;242;1197;0.0335641343095372;105
0;0;1232;0.0;106
0;26;1232;0.0;106
0;49;1232;0.03468112226936091;106
0;79;1232;0.03460162634478377;106
0;95;1232;0.034607611939035866;106
0;121;1232;0.034511262297335275;106
0;147;1232;0.03444519110030171;106
0;169;1232;0.03444087288490026;106
0;192;1232;0.03443402137031804;106
0;217;1232;0.03442318170788766;106
0;239;1232;0.03440691250805002;106
0;0;1220;0.0;107
0;31;1220;0.0;107
0;54;1220;0.0326676663117436;107
0;72;1220;0.03260549859452878;107
0;91;1220;0.032571916402937315;107
0;110;1220;0.03255094902204901;107
0;134;1220;0.03245716261702435;107
0;153;1220;0.032499026265271645;107
0;172;1220;0.032455415168793474;107
0;189;1220;0.03239952013066271;107
0;210;1220;0.03239427610096491;107
0;0;1206;0.0;108
0;24;1206;0.0;108
0;53;1206;0.03289096201627206;108
0;71;1206;0.03284205765038596;108
0;81;1206;0.032785739977724;108
0;107;1206;0.03275383192204191;108
0;131;1206;0.03268441774466522;108
0;152;1206;0.03268747726749367;108
0;175;1206;0.03262894460679538;108
0;193;1206;0.032610528340589334;108
0;217;1206;0.03260546879458417;108
0;0;1239;0.0;109
0;21;1239;0.0;109
0;44;1239;0.03332237227781006;109
0;68;1239;0.03330779841513828;109
0;86;1239;0.03327747705217728;109
0;108;1239;0.03319163490340202;109
0;125;1239;0.033164895799222396;109
0;148;1239;0.03312172667463949;109
0;173;1239;0.033127794679169285;109
0;202;1239;0.033041472433372514;109
0;221;1239;0.03305827994460627;109
0;0;1284;0.0;110
0;30;1284;0.0;110
0;47;1284;0.03346726288715905;110
0;74;1284;0.033425336666745485;110
0;99;1284;0.03340379607386172;110
0;121;1284;0.03341017893208603;110
0;141;1284;0.033336509922036406;110
0;161;1284;0.03329220834481074;110
0;179;1284;0.033289110188314916;110
0;204;1284;0.033280860183741115;110
0;222;1284;0.03323254097636738;110
0;0;1189;0.0;111
0;21;1189;0.0;111
0;46;1189;0.033578373284219684;111
0;68;1189;0.033527344303948256;111
0;84;1189;0.03348626075763637;111
0;108;1189;0.03344401529962707;111
0;128;1189;0.03339931922882496;111
0;150;1189;0.033393285780136436;111
0;171;1189;0.03330875921823166;111
0;184;1189;0.03330403640200135;111
0;205;1189;0.03328313526547991;111
0;0;1199;0.0;112
0;14;1199;0.0;112
0;37;1199;0.03451212805472459;112
0;62;1199;0.03450247715401163;112
0;77;1199;0.03439892494088;112
0;104;1199;0.03441785592211876;112
0;145;1199;0.03434833799330522;112
0;167;1199;0.0342888649792036;112
0;193;1199;0.034277754829995316;112
0;214;1199;0.034250159721032694;112
0;235;1199;0.034232539744550525;112
0;0;1261;0.0;113
0;25;1261;0.0;113
0;54;1261;0.03308550854826764;113
0;72;1261;0.033024117275655684;113
0;104;1261;0.03300096320760905;113
0;131;1261;0.032950666729384105;113
0;156;1261;0.03292322475185954;113
0;181;1261;0.03290738868870245;113
0;198;1261;0.03287433437009833;113
0;225;1261;0.032813282921338935;113
0;245;1261;0.032799135396270496;113
0;0;1206;0.0;114
0;24;1206;0.0;114
0;42;1206;0.033372452282184224;114
0;65;1206;0.033346731290529424;114
0;85;1206;0.03328241038719567;114
0;116;1206;0.033219599753555075;114
0;136;1206;0.03323390940061427;114
0;160;1206;0.033225062197730235;114
0;183;1206;0.03316315400626677;114
0;207;1206;0.033183561159268286;114
0;233;1206;0.03310869630963781;114
0;0;1192;0.0;115
0;32;1192;0.0;115
0;51;1192;0.03404617494622029;115
0;84;1192;0.03395729666908927;115
0;109;1192;0.03393695788444002;115
0;136;1192;0.0339305099160556;115
0;159;1192;0.033881913238324776;115
0;185;1192;0.03384048885099414;115
0;204;1192;0.03380210914573254;115
0;234;1192;0.03381743769755181;115
0;248;1192;0.033798033789029035;115
0;0;1228;0.0;116
0;18;1228;0.0;116
0;45;1228;0.033478296557202566;116
0;65;1228;0.033467090465958436;116
0;85;1228;0.033434531161833383;116
0;112;1228;0.03337039390868828;116
0;140;1228;0.033307106633135415;116
0;174;1228;0.033288985509849725;116
0;191;1228;0.033262517968517744;116
0;216;1228;0.0332392505103605;116
0;240;1228;0.03323245858585172;116
0;0;1237;0.0;117
0;31;1237;0.0;117
0;56;1237;0.03418790036582725;117
0;75;1237;0.03417445743242687;117
0;108;1237;0.034079402750225245;117
0;132;1237;0.034019688765041495;117
0;147;1237;0.03398629066276799;117
0;170;1237;0.03393058708355223;117
0;190;1237;0.03393266863601728;117
0;215;1237;0.033897945476302975;117
0;246;1237;0.0338651968984105;117
0;0;1226;0.0;118
0;22;1226;0.0;118
0;47;1226;0.0339247180296626;118
0;78;1226;0.033870240826665364;118
0;106;1226;0.03383576418659142;118
0;129;1226;0.03378313390839365;118
0;154;1226;0.03375230408943023;118
0;179;1226;0.033736483709199856;118
0;206;1226;0.033734665634303704;118
0;237;1226;0.033684745016968394;118
0;262;1226;0.03364084675026636;118
0;0;1293;0.0;119
0;26;1293;0.0;119
0;55;1293;0.03365807789120143;119
0;74;1293;0.03362313152316306;119
0;104;1293;0.03358015764117397;119
0;135;1293;0.03352954691620709;119
0;163;1293;0.03349192788920465;119
0;194;1293;0.03346231518988041;119
0;216;1293;0.033445102721755174;119
0;240;1293;0.03346203197484185;119
0;262;1293;0.03340931881627373;119
0;0;1212;0.0;120
0;19;1212;0.0;120
0;39;1212;0.033252015113020915;120
0;62;1212;0.033202890075118625;120
0;90;1212;0.033154010217403405;120
0;112;1212;0.03307210342466037;120
0;135;1212;0.033102456927241564;120
0;157;1212;0.03305781299745926;120
0;185;1212;0.03304085128302124;120
0;219;1212;0.032983948474477616;120
0;249;1212;0.03296060701996998;120
0;0;1262;0.0;121
0;25;1262;0.0;121
0;47;1262;0.03326216532789607;121
0;73;1262;0.03321219101009396;121
0;88;1262;0.03313506677911875;121
0;111;1262;0.033070090003886235;121
0;129;1262;0.03306390116586463;121
0;151;1262;0.03304361346874099;121
0;175;1262;0.03299068254765882;121
0;194;1262;0.03292751068384233;121
0;217;1262;0.03292995798649374;121
0;0;1178;0.0;122
0;21;1178;0.0;122
0;35;1178;0.032840296179189966;122
0;57;1178;0.03277210536502557;122
0;80;1178;0.03270796709621582;122
0;98;1178;0.03271571766033343;122
0;120;1178;0.03265952891958575;122
0;149;1178;0.03265036570105001;122
0;175;1178;0.03262663032386761;122
0;201;1178;0.032596129285157364;122
0;229;1178;0.03258760197022012;122
0;0;1203;0.0;123
0;28;1203;0.0;123
0;46;1203;0.03292287143009955;123
0;63;1203;0.03285190695618047;123
0;80;1203;0.032849757735528944;123
0;98;1203;0.03282005357641243;123
0;128;1203;0.03276775239935718;123
0;160;1203;0.032757816310441355;123
0;179;1203;0.03271849934297391;123
0;205;1203;0.03267025694515793;123
0;236;1203;0.0326596717666956;123
0;0;1205;0.0;124
0;28;1205;0.0;124
0;59;1205;0.033633696078667084;124
0;85;1205;0.033604591838527494;124
0;117;1205;0.033565389852540116;124
0;150;1205;0.033524382673724026;124
0;180;1205;0.033497935003241025;124
0;207;1205;0.033462856764590945;124
0;235;1205;0.03338715660591341;124
0;261;1205;0.03341884359035261;124
0;282;1205;0.03339495026125988;124
0;0;1260;0.0;125
0;25;1260;0.0;125
0;45;1260;0.03311172169955806;125
0;75;1260;0.03304921746378604;125
0;97;1260;0.03298638621128298;125
0;118;1260;0.032877089444045104;125
0;146;1260;0.03287260910835952;125
0;178;1260;0.032849888497781324;125
0;200;1260;0.032851530481147986;125
0;217;1260;0.03285414802379144;125
0;237;1260;0.03279722665687201;125
0;0;1210;0.0;126
0;18;1210;0.0;126
0;51;1210;0.03319081131437921;126
0;75;1210;0.03313003801044202;126
0;101;1210;0.03309695000671483;126
0;121;1210;0.03309067923879796;126
0;139;1210;0.03309601091570607;126
0;163;1210;0.03300220626519503;126
0;189;1210;0.032995172816229455;126
0;209;1210;0.03294308781735052;126
0;229;1210;0.03293161643614681;126
0;0;1220;0.0;127
0;22;1220;0.0;127
0;47;1220;0.03353098208386726;127
0;76;1220;0.03339303889775936;127
0;101;1220;0.03341040081616381;127
0;124;1220;0.033357002438286286;127
0;148;1220;0.03334206743720412;127
0;169;1220;0.03329651979202871;127
0;194;1220;0.03325274792245908;127
0;218;1220;0.03321259839540086;127
0;247;1220;0.03317514641924906;127
0;0;1209;0.0;128
0;18;1209;0.0;128
0;36;1209;0.03349447369512025;128
0;64;1209;0.03346998438565476;128
0;76;1209;0.033410850040779747;128
0;109;1209;0.03340784794270894;128
0;136;1209;0.03334973814555155;128
0;165;1209;0.033323334702768895;128
0;191;1209;0.03325442626082237;128
0;221;1209;0.03319345825418181;128
0;247;1209;0.033203928353843316;128
0;0;1204;0.0;129
0;21;1204;0.0;129
0;43;1204;0.03278457171090757;129
0;64;1204;0.032702465648704916;129
0;81;1204;0.03269707419805163;129
0;111;1204;0.03262780574819438;129
0;136;1204;0.03258959828583114;129
0;154;1204;0.03256466599944609;129
0;180;1204;0.03257264912774865;129
0;208;1204;0.03256101529518014;129
0;232;1204;0.03254377430649384;129
0;0;1215;0.0;130
0;17;1215;0.0;130
0;32;1215;0.03273945474523923;130
0;60;1215;0.03268280414394108;130
0;83;1215;0.03262039950436143;130
0;108;1215;0.032633743113748975;130
0;128;1215;0.03259529574494933;130
0;149;1215;0.032575674079326;130
0;173;1215;0.03252423083308764;130
0;192;1215;0.03245290580531685;130
0;215;1215;0.03246471615373404;130
0;0;1232;0.0;131
0;25;1232;0.0;131
0;48;1232;0.034653042175983695;131
0;77;1232;0.034636748737164165;131
0;100;1232;0.03461228665168751;131
0;127;1232;0.034526526622355655;131
0;157;1232;0.03451497875805965;131
0;182;1232;0.03444326872076997;131
0;216;1232;0.03445997316320028;131
0;237;1232;0.034373728110637554;131
0;259;1232;0.03442430196214946;131
0;0;1206;0.0;132
0;26;1206;0.0;132
0;56;1206;0.03431102750869304;132
0;87;1206;0.034310891279708926;132
0;111;1206;0.034261821275704554;132
0;140;1206;0.034216704004007295;132
0;161;1206;0.03417784986161399;132
0;182;1206;0.03416080893369714;132
0;210;1206;0.03416460042044462;132
0;239;1206;0.03413749401296471;132
0;266;1206;0.03406743147692165;132
0;0;1225;0.0;133
0;20;1225;0.0;133
0;43;1225;0.03469953557694197;133
0;73;1225;0.03467522910057872;133
0;99;1225;0.03461644795629525;133
0;130;1225;0.03459946008834451;133
0;155;1225;0.034567827849440964;133
0;186;1225;0.03453262545488499;133
0;212;1225;0.03443867723193111;133
0;229;1225;0.03444915678913323;133
0;251;1225;0.03441284192989832;133
0;0;1216;0.0;134
0;28;1216;0.0;134
0;56;1216;0.03303123582083613;134
0;81;1216;0.032974870594572096;134
0;110;1216;0.032978385460637104;134
0;130;1216;0.032925315186544575;134
0;156;1216;0.03290904220155414;134
0;183;1216;0.032838761387378526;134
0;207;1216;0.03281339223103155;134
0;232;1216;0.032813416043017136;134
0;255;1216;0.03275270974861876;134
0;0;1290;0.0;135
0;20;1290;0.0;135
0;49;1290;0.03361621887710772;135
0;79;1290;0.03351358626598859;135
0;102;1290;0.033519271113154676;135
0;118;1290;0.03345195473424835;135
0;141;1290;0.03340010817980145;135
0;167;1290;0.03340578607496418;135
0;180;1290;0.03340327420544158;135
0;202;1290;0.03337390140363246;135
0;218;1290;0.033351703327144294;135
0;0;1194;0.0;136
0;24;1194;0.0;136
0;47;1194;0.034534602543027454;136
0;69;1194;0.03446696326555848;136
0;96;1194;0.03445462826779207;136
0;112;1194;0.03443538927748337;136
0;136;1194;0.03438421517806429;136
0;158;1194;0.03435763412983251;136
0;183;1194;0.03433706123845184;136
0;205;1194;0.03425252723054184;136
0;233;1194;0.03425817526432291;136
0;0;1224;0.0;137
0;15;1224;0.0;137
0;44;1224;0.033590418656464595;137
0;70;1224;0.03351418180685477;137
0;93;1224;0.03346543631017579;137
0;118;1224;0.033457184358522324;137
0;148;1224;0.03338590920408748;137
0;177;1224;0.03333858889755208;137
0;199;1224;0.03331215691569917;137
0;227;1224;0.03330930361659424;137
0;257;1224;0.03330632628300333;137
0;0;1249;0.0;138
0;24;1249;0.0;138
0;48;1249;0.033746901605201975;138
0;70;1249;0.03373148194302256;138
0;97;1249;0.03363500422508716;138
0;131;1249;0.03368868632788831;138
0;160;1249;0.033631360121896506;138
0;195;1249;0.03359726403468021;138
0;214;1249;0.03356741658506197;138
0;234;1249;0.033504776809829544;138
0;262;1249;0.03348006011496599;138
0;0;1196;0.0;139
0;27;1196;0.0;139
0;54;1196;0.03392674185244011;139
0;79;1196;0.03386826232905225;139
0;102;1196;0.03381070921993323;139
0;122;1196;0.03377916757428339;139
0;147;1196;0.033729778883626424;139
0;161;1196;0.03371651937409114;139
0;192;1196;0.033680189596205494;139
0;217;1196;0.03366103457171321;139
0;237;1196;0.033647191181930526;139
0;0;1195;0.0;140
0;26;1195;0.0;140
0;52;1195;0.0332415549649885;140
0;71;1195;0.03318571378626924;140
0;95;1195;0.03310604210369009;140
0;114;1195;0.03304124997868175;140
0;134;1195;0.03296271532229642;140
0;167;1195;0.03296015346468123;140
0;186;1195;0.03294243783553048;140
0;209;1195;0.03294759280450058;140
0;232;1195;0.03295764145004677;140
0;0;1210;0.0;141
0;24;1210;0.0;141
0;45;1210;0.03406255867996573;141
0;63;1210;0.03402753305448828;141
0;90;1210;0.033983016416445716;141
0;109;1210;0.03393628848765543;141
0;138;1210;0.03393487296144025;141
0;163;1210;0.03385411638765653;141
0;201;1210;0.033827557713439906;141
0;223;1210;0.03381411768752943;141
0;249;1210;0.03378011869293694;141
0;0;1219;0.0;142
0;24;1219;0.0;142
0;43;1219;0.03407533930059574;142
0;64;1219;0.0340384479873562;142
0;91;1219;0.033996835934225436;142
0;112;1219;0.033958515462412624;142
0;133;1219;0.03392954232777814;142
0;156;1219;0.03386337489785923;142
0;178;1219;0.03382996977977671;142
0;205;1219;0.03381610047167321;142
0;233;1219;0.03378908631988823;142
0;0;1229;0.0;143
0;22;1229;0.0;143
0;45;1229;0.032972388985102984;143
0;65;1229;0.03290184695929368;143
0;87;1229;0.03290481499665548;143
0;100;1229;0.032852628381381144;143
0;123;1229;0.03279432730121699;143
0;148;1229;0.032742443340893636;143
0;172;1229;0.03267975321794718;143
0;201;1229;0.03271843813730491;143
0;224;1229;0.03271412649106866;143
0;0;1232;0.0;144
0;25;1232;0.0;144
0;51;1232;0.032772807318336206;144
0;78;1232;0.03270279564257196;144
0;111;1232;0.03265376280644464;144
0;139;1232;0.03265248949155068;144
0;163;1232;0.032604924709279434;144
0;180;1232;0.03257055965774608;144
0;207;1232;0.032529063037179985;144
0;233;1232;0.03246760202738529;144
0;256;1232;0.032518076967048656;144
0;0;1181;0.0;145
0;22;1181;0.0;145
0;50;1181;0.03273000214165471;145
0;72;1181;0.032684438871813826;145
0;95;1181;0.032634356862456367;145
0;112;1181;0.032612683306142067;145
0;126;1181;0.03256256063070425;145
0;149;1181;0.03257682627363864;145
0;173;1181;0.03249860004618298;145
0;191;1181;0.03246659867956177;145
0;211;1181;0.03243555676792883;145
0;0;1259;0.0;146
0;32;1259;0.0;146
0;56;1259;0.03324100451348555;146
0;88;1259;0.03319728001674312;146
0;111;1259;0.033197235521398055;146
0;135;1259;0.03314862248996428;146
0;162;1259;0.033093432263932625;146
0;186;1259;0.03304884916279273;146
0;204;1259;0.033009722263435445;146
0;228;1259;0.033018976637977225;146
0;254;1259;0.032956323686879056;146
0;0;1251;0.0;147
0;15;1251;0.0;147
0;38;1251;0.032623879975916294;147
0;62;1251;0.03258738556861055;147
0;77;1251;0.032493264478504855;147
0;97;1251;0.0324724936732656;147
0;117;1251;0.03246637331674826;147
0;139;1251;0.032419508895079004;147
0;163;1251;0.032402164322520625;147
0;185;1251;0.03236699615001002;147
0;211;1251;0.0323430901728597;147
0;0;1231;0.0;148
0;25;1231;0.0;148
0;40;1231;0.03347904250723867;148
0;58;1231;0.033455617767119486;148
0;80;1231;0.03340073001337396;148
0;106;1231;0.033356965392404896;148
0;126;1231;0.03334797395262867;148
0;144;1231;0.03329356934895171;148
0;168;1231;0.033295277312873434;148
0;189;1231;0.03323131061015084;148
0;215;1231;0.033208353156230136;148
0;0;1219;0.0;149
0;18;1219;0.0;149
0;48;1219;0.03366321118088163;149
0;70;1219;0.03365804851399877;149
0;96;1219;0.03357761862390592;149
0;135;1219;0.03357585217022977;149
0;161;1219;0.03354813119605116;149
0;185;1219;0.03352133079803325;149
0;208;1219;0.03349575554209818;149
0;231;1219;0.03345010503203902;149
0;262;1219;0.03343412081952604;149
0;0;1266;0.0;150
0;17;1266;0.0;150
0;39;1266;0.033769370707647024;150
0;63;1266;0.03369434962594598;150
0;85;1266;0.033635612957930605;150
0;106;1266;0.03362623046286577;150
0;134;1266;0.03359984778954592;150
0;151;1266;0.033557055083734286;150
0;172;1266;0.033509672863329634;150
0;186;1266;0.03348876717122944;150
0;210;1266;0.03343821113361744;150
0;0;1183;0.0;151
0;20;1183;0.0;151
0;38;1183;0.03293744441552642;151
0;57;1183;0.032893285074660765;151
0;85;1183;0.03282419006475511;151
0;105;1183;0.03276340397385814;151
0;127;1183;0.03275948065169732;151
0;154;1183;0.032700693141942135;151
0;179;1183;0.03270641143591935;151
0;202;1183;0.032638844931306255;151
0;230;1183;0.03263300273104321;151
0;0;1227;0.0;152
0;23;1227;0.0;152
0;60;1227;0.033828288459782425;152
0;90;1227;0.03376894067133391;152
0;113;1227;0.03373164563661163;152
0;142;1227;0.03372606596324996;152
0;169;1227;0.03367436170325334;152
0;194;1227;0.03359650985446087;152
0;211;1227;0.03358098653363078;152
0;238;1227;0.033538998883055504;152
0;259;1227;0.03352948233089999;152
0;0;1232;0.0;153
0;23;1232;0.0;153
0;40;1232;0.033317969835953316;153
0;67;1232;0.03329961962317973;153
0;96;1232;0.03321993925114518;153
0;119;1232;0.03316457241131369;153
0;136;1232;0.03314677583901743;153
0;166;1232;0.033103391572737825;153
0;192;1232;0.03311417316263805;153
0;222;1232;0.03307367613719696;153
0;252;1232;0.03303391581878128;153
0;0;1238;0.0;154
0;27;1238;0.0;154
0;54;1238;0.03444923347042148;154
0;83;1238;0.034424526684068486;154
0;110;1238;0.034374135439434385;154
0;140;1238;0.03430181914411721;154
0;164;1238;0.034271042855806844;154
0;190;1238;0.03427465127567335;154
0;218;1238;0.03421781535533131;154
0;248;1238;0.03417910538836449;154
0;272;1238;0.034171473186806973;154
0;0;1234;0.0;155
0;33;1234;0.0;155
0;53;1234;0.0333579736476289;155
0;83;1234;0.03332247171711275;155
0;109;1234;0.03329445528499905;155
0;137;1234;0.03323207250001965;155
0;170;1234;0.03317717939247009;155
0;196;1234;0.03320963311414623;155
0;218;1234;0.03314458054030316;155
0;240;1234;0.03311717282502479;155
0;260;1234;0.0330782433948766;155
0;0;1227;0.0;156
0;28;1227;0.0;156
0;57;1227;0.03414079527071977;156
0;84;1227;0.03404839101032579;156
0;102;1227;0.03403153778924126;156
0;135;1227;0.03399718647146703;156
0;159;1227;0.033968362856483955;156
0;182;1227;0.03393002534662142;156
0;209;1227;0.033909964217762975;156
0;224;1227;0.033871326887738105;156
0;245;1227;0.033855232296007925;156
0;0;1235;0.0;157
0;22;1235;0.0;157
0;43;1235;0.03461168990951686;157
0;74;1235;0.03461506718862245;157
0;94;1235;0.03455628434836894;157
0;115;1235;0.034521421585178395;157
0;133;1235;0.034451920108039616;157
0;152;1235;0.03442030066948148;157
0;169;1235;0.03440148187505641;157
0;198;1235;0.03438375340938079;157
0;214;1235;0.03435346602977521;157
0;0;1215;0.0;158
0;29;1215;0.0;158
0;53;1215;0.03267918319741989;158
0;75;1215;0.032643952117565135;158
0;103;1215;0.03258100565847918;158
0;127;1215;0.032615783406909994;158
0;146;1215;0.03251255457260882;158
0;172;1215;0.03249808107168856;158
0;187;1215;0.03247429205546656;158
0;214;1215;0.03247460302999452;158
0;238;1215;0.032413499952377835;158
0;0;1173;0.0;159
0;24;1173;0.0;159
0;45;1173;0.034882477595471;159
0;74;1173;0.0348555269529569;159
0;104;1173;0.034805017872831405;159
0;129;1173;0.03473886208020544;159
0;148;1173;0.03471466962730335;159
0;176;1173;0.034708354612311136;159
0;200;1173;0.03466590151949822;159
0;226;1173;0.03461875608832925;159
0;245;1173;0.03461477043555248;159
0;0;1258;0.0;160
0;26;1258;0.0;160
0;55;1258;0.03392248626739266;160
0;82;1258;0.03387083858606476;160
0;114;1258;0.033825160045580026;160
0;141;1258;0.03378757112442716;160
0;167;1258;0.03373363079442744;160
0;192;1258;0.033739058667990846;160
0;214;1258;0.033694822327006366;160
0;233;1258;0.03367812750219684;160
0;256;1258;0.033664684885239875;160
0;0;1257;0.0;161
0;28;1257;0.0;161
0;47;1257;0.03284548614559959;161
0;79;1257;0.03285391168140712;161
0;95;1257;0.03274763338220983;161
0;114;1257;0.03275057722507237;161
0;132;1257;0.03273933540009287;161
0;149;1257;0.032734454998163215;161
0;174;1257;0.032656440612752;161
0;197;1257;0.03265678925609907;161
0;225;1257;0.03263246998326473;161
0;0;1219;0.0;162
0;28;1219;0.0;162
0;57;1219;0.03379823948916411;162
0;82;1219;0.033739410119757826;162
0;108;1219;0.033724991130743065;162
0;126;1219;0.0336908408948809;162
0;144;1219;0.03362247569609508;162
0;173;1219;0.0336204267445739;162
0;193;1219;0.0336018185760297;162
0;218;1219;0.03355650211374426;162
0;240;1219;0.033494431116056295;162
0;0;1235;0.0;163
0;27;1235;0.0;163
0;47;1235;0.03375437090238834;163
0;77;1235;0.03365601034026033;163
0;97;1235;0.03363995560808552;163
0;132;1235;0.033600345195553986;163
0;160;1235;0.0335511501950318;163
0;187;1235;0.03352964923191225;163
0;206;1235;0.03351944459279273;163
0;233;1235;0.033514388605017785;163
0;261;1235;0.03348453760528092;163
0;0;1179;0.0;164
0;33;1179;0.0;164
0;58;1179;0.034520506194140196;164
0;90;1179;0.03450481683251572;164
0;114;1179;0.034437429437358405;164
0;137;1179;0.03443633380986817;164
0;165;1179;0.03437501116859564;164
0;188;1179;0.03432411646701511;164
0;211;1179;0.03429241751940121;164
0;235;1179;0.03431063985653018;164
0;266;1179;0.03430980337267961;164
0;0;1237;0.0;165
0;33;1237;0.0;165
0;58;1237;0.03337831250335717;165
0;73;1237;0.033332844728303446;165
0;96;1237;0.033323151153684685;165
0;111;1237;0.033290264514571524;165
0;136;1237;0.03326608707903255;165
0;157;1237;0.03323187905580762;165
0;178;1237;0.033160771084045394;165
0;207;1237;0.033158662672289584;165
0;225;1237;0.03311886284709151;165
0;0;1248;0.0;166
0;25;1248;0.0;166
0;47;1248;0.03303563303916887;166
0;80;1248;0.03297547447219272;166
0;105;1248;0.03290460640723402;166
0;128;1248;0.03283812791980758;166
0;149;1248;0.03284789336406044;166
0;167;1248;0.032867080079339216;166
0;193;1248;0.03277323507222219;166
0;220;1248;0.03279214651048649;166
0;249;1248;0.03275645207997567;166
0;0;1211;0.0;167
0;27;1211;0.0;167
0;56;1211;0.033498782889894545;167
0;83;1211;0.03343372026274996;167
0;101;1211;0.03337224516924227;167
0;126;1211;0.033354298969529274;167
0;148;1211;0.0333154552163702;167
0;171;1211;0.03328406125829594;167
0;194;1211;0.03324710420055185;167
0;220;1211;0.033208746580153825;167
0;235;1211;0.033204336844986825;167
0;0;1262;0.0;168
0;23;1262;0.0;168
0;39;1262;0.03265495075554256;168
0;66;1262;0.03258038904276227;168
0;86;1262;0.0325105017082419;168
0;106;1262;0.03248530131683617;168
0;126;1262;0.03248688641594607;168
0;152;1262;0.03240729702426052;168
0;174;1262;0.03236516400750593;168
0;193;1262;0.0323419164912403;168
0;214;1262;0.03241495429995384;168
0;0;1195;0.0;169
0;26;1195;0.0;169
0;49;1195;0.03405548453539287;169
0;73;1195;0.03406783543626613;169
0;102;1195;0.03400939363787052;169
0;127;1195;0.03394102657269794;169
0;157;1195;0.03388959208898511;169
0;184;1195;0.033906249520610526;169
0;205;1195;0.03377158100687319;169
0;236;1195;0.03375970424169298;169
0;264;1195;0.033765691211690645;169
0;0;1220;0.0;170
0;25;1220;0.0;170
0;50;1220;0.033222671450454766;170
0;70;1220;0.033119750692919975;170
0;94;1220;0.03312493183239378;170
0;128;1220;0.033104735324480834;170
0;147;1220;0.03297847609854106;170
0;178;1220;0.03299506723846331;170
0;195;1220;0.03297191851506501;170
0;212;1220;0.03297002026643732;170
0;234;1220;0.03291544694162601;170
0;0;1248;0.0;171
0;30;1248;0.0;171
0;58;1248;0.033921846438857026;171
0;85;1248;0.03383142981281553;171
0;109;1248;0.03386226014835193;171
0;136;1248;0.0337916442928503;171
0;161;1248;0.03380767869996673;171
0;192;1248;0.03374335776330089;171
0;215;1248;0.033698146838572876;171
0;243;1248;0.033668332245522084;171
0;262;1248;0.03362170837245026;171
0;0;1212;0.0;172
0;22;1212;0.0;172
0;50;1212;0.0336994387833401;172
0;80;1212;0.033587327388826256;172
0;106;1212;0.03362814820971938;172
0;126;1212;0.03356749809732485;172
0;157;1212;0.03351295737570615;172
0;189;1212;0.033465182968730786;172
0;213;1212;0.03348052603253897;172
0;233;1212;0.0334895650599507;172
0;251;1212;0.03351271449672079;172
0;0;1232;0.0;173
0;27;1232;0.0;173
0;46;1232;0.034192095597709526;173
0;72;1232;0.03414975626259978;173
0;99;1232;0.03411565645651103;173
0;123;1232;0.03404940659973793;173
0;148;1232;0.03395988741902726;173
0;168;1232;0.03394177125457636;173
0;192;1232;0.0339061952664956;173
0;225;1232;0.03390777984053649;173
0;252;1232;0.033874563323614756;173
0;0;1277;0.0;174
0;21;1277;0.0;174
0;38;1277;0.03359672986475028;174
0;68;1277;0.03354918769716426;174
0;93;1277;0.033518012164682684;174
0;119;1277;0.033473419535854296;174
0;140;1277;0.0333985620263232;174
0;159;1277;0.03339703721629229;174
0;185;1277;0.03337051794328514;174
0;202;1277;0.03333953309950533;174
0;228;1277;0.03332742438201797;174
0;0;1222;0.0;175
0;34;1222;0.0;175
0;52;1222;0.0329703008410599;175
0;78;1222;0.03290528470086148;175
0;102;1222;0.03284266643707764;175
0;135;1222;0.03284437617533985;175
0;162;1222;0.032825671344876885;175
0;187;1222;0.032787032494058566;175
0;214;1222;0.032808751777338045;175
0;241;1222;0.03273962297672316;175
0;273;1222;0.032749148727313715;175
0;0;1243;0.0;176
0;30;1243;0.0;176
0;46;1243;0.03405285392559032;176
0;60;1243;0.03401923322440688;176
0;86;1243;0.03395257631051643;176
0;108;1243;0.03394729221853501;176
0;130;1243;0.03392711593458017;176
0;154;1243;0.03389804808747785;176
0;183;1243;0.03387853324312311;176
0;204;1243;0.03386730502411055;176
0;225;1243;0.03380796773631414;176
0;0;1204;0.0;177
0;25;1204;0.0;177
0;52;1204;0.03376608842408339;177
0;79;1204;0.0336742286185309;177
0;99;1204;0.03363937337924808;177
0;123;1204;0.03361174558359062;177
0;149;1204;0.03359024710292081;177
0;169;1204;0.03352850006375822;177
0;193;1204;0.03351998887303248;177
0;221;1204;0.033450891773488076;177
0;246;1204;0.03344758267043359;177
0;0;1261;0.0;178
0;19;1261;0.0;178
0;41;1261;0.03320653758255144;178
0;61;1261;0.0331544930704103;178
0;83;1261;0.03310700612713408;178
0;116;1261;0.033130533098826416;178
0;144;1261;0.033085228423688884;178
0;170;1261;0.03302310657420909;178
0;190;1261;0.03299131201267765;178
0;205;1261;0.03299248386890316;178
0;231;1261;0.03296072166868571;178
0;0;1228;0.0;179
0;25;1228;0.0;179
0;49;1228;0.033540736390745986;179
0;80;1228;0.03353116058219997;179
0;97;1228;0.03345673463928829;179
0;119;1228;0.03337997568868189;179
0;138;1228;0.033330668746943466;179
0;166;1228;0.03331820450305768;179
0;187;1228;0.03329740467473396;179
0;204;1228;0.033261225252671306;179
0;229;1228;0.03317015851799686;179
0;0;1223;0.0;180
0;28;1223;0.0;180
0;51;1223;0.03280412611173678;180
0;75;1223;0.032740702417616854;180
0;94;1223;0.03267928625338447;180
0;112;1223;0.03265346412916642;180
0;145;1223;0.03262823993751907;180
0;168;1223;0.032588892580681456;180
0;195;1223;0.03258438617951457;180
0;216;1223;0.03257055894076874;180
0;236;1223;0.03249995021488642;180
0;0;1223;0.0;181
0;17;1223;0.0;181
0;45;1223;0.03384461268263226;181
0;72;1223;0.033798078259761416;181
0;90;1223;0.033725862232830535;181
0;115;1223;0.033696724375554814;181
0;135;1223;0.03369103101692667;181
0;159;1223;0.03368304366040671;181
0;182;1223;0.03360459092883444;181
0;206;1223;0.033594685073419804;181
0;225;1223;0.033613236718002724;181
0;0;1191;0.0;182
0;29;1191;0.0;182
0;57;1191;0.03286014926363605;182
0;83;1191;0.03282216213367535;182
0;114;1191;0.03276871685481621;182
0;135;1191;0.032724179378380146;182
0;154;1191;0.03269584963508011;182
0;177;1191;0.0326268741519731;182
0;214;1191;0.03263732265366151;182
0;233;1191;0.03263264893685996;182
0;252;1191;0.03258716809481467;182
0;0;1244;0.0;183
0;32;1244;0.0;183
0;52;1244;0.033754317896043856;183
0;73;1244;0.03369335594295925;183
0;94;1244;0.033665262989863894;183
0;114;1244;0.03363291719363486;183
0;140;1244;0.03358308144591686;183
0;176;1244;0.03349192313877359;183
0;207;1244;0.03347402896657176;183
0;235;1244;0.0334389109165191;183
0;265;1244;0.03345108564210584;183
0;0;1214;0.0;184
0;21;1214;0.0;184
0;42;1214;0.03274261688207025;184
0;65;1214;0.03266952998969491;184
0;93;1214;0.032619897950217164;184
0;118;1214;0.03254293050736632;184
0;142;1214;0.03253473358385446;184
0;162;1214;0.03251557426392893;184
0;184;1214;0.032482964794338265;184
0;207;1214;0.03246784622047305;184
0;227;1214;0.032445568139479485;184
0;0;1199;0.0;185
0;12;1199;0.0;185
0;37;1199;0.0330675146042526;185
0;60;1199;0.03303642750971816;185
0;78;1199;0.03295659459642713;185
0;95;1199;0.03293605416484165;185
0;121;1199;0.03287410193343579;185
0;146;1199;0.03283499662199818;185
0;163;1199;0.03285836531535362;185
0;186;1199;0.03276132715008566;185
0;217;1199;0.03276429872874481;185
0;0;1192;0.0;186
0;28;1192;0.0;186
0;51;1192;0.033876312040817605;186
0;72;1192;0.033824819269950124;186
0;91;1192;0.03378848753164707;186
0;119;1192;0.033738930100747716;186
0;146;1192;0.033700689238597134;186
0;178;1192;0.0336925617585299;186
0;202;1192;0.03363483363373027;186
0;226;1192;0.03365925282842544;186
0;245;1192;0.033610183852532005;186
0;0;1252;0.0;187
0;26;1252;0.0;187
0;52;1252;0.03349372403776198;187
0;71;1252;0.033482705987892;187
0;97;1252;0.03340573788315992;187
0;121;1252;0.033398733094643085;187
0;142;1252;0.03331389704666033;187
0;166;1252;0.033289371315602334;187
0;193;1252;0.033301494424695176;187
0;223;1252;0.033254807274198286;187
0;246;1252;0.033248207116633496;187
0;0;1233;0.0;188
0;30;1233;0.0;188
0;56;1233;0.0332421321632219;188
0;73;1233;0.033190802441921144;188
0;93;1233;0.0331452969753669;188
0;125;1233;0.03309248262025418;188
0;150;1233;0.03308313826161146;188
0;174;1233;0.033048192155265714;188
0;204;1233;0.033047916762430116;188
0;237;1233;0.03299261204369415;188
0;260;1233;0.03296497467458777;188
0;0;1209;0.0;189
0;27;1209;0.0;189
0;46;1209;0.03322173092551449;189
0;75;1209;0.03312776331351124;189
0;95;1209;0.03312832236086153;189
0;119;1209;0.033024835713598225;189
0;148;1209;0.03302791761636306;189
0;182;1209;0.032949378952252875;189
0;200;1209;0.03293374039129406;189
0;224;1209;0.03295164288333255;189
0;252;1209;0.03290769703393122;189
0;0;1229;0.0;190
0;29;1229;0.0;190
0;61;1229;0.033240519154631776;190
0;89;1229;0.033163561921548325;190
0;115;1229;0.033113245619924764;190
0;135;1229;0.03306825475628214;190
0;155;1229;0.033022725525858394;190
0;178;1229;0.03303309794204216;190
0;200;1229;0.03298818826448381;190
0;229;1229;0.03297754771866433;190
0;242;1229;0.03297728653387642;190
0;0;1202;0.0;191
0;23;1202;0.0;191
0;49;1202;0.0336380968016429;191
0;66;1202;0.033532251066055736;191
0;84;1202;0.03353511978817212;191
0;110;1202;0.033493389078272984;191
0;136;1202;0.033463024146137166;191
0;166;1202;0.033422323300208716;191
0;188;1202;0.033448809035581395;191
0;205;1202;0.033401309142167775;191
0;219;1202;0.033315071275486365;191
0;0;1239;0.0;192
0;17;1239;0.0;192
0;39;1239;0.033163204797408564;192
0;62;1239;0.033123915700012746;192
0;78;1239;0.033107776871083405;192
0;109;1239;0.03306230722148477;192
0;143;1239;0.033028014199892014;192
0;169;1239;0.03293329127597467;192
0;195;1239;0.03297380889020305;192
0;216;1239;0.03293426094961932;192
0;233;1239;0.03290087022072054;192
0;0;1245;0.0;193
0;19;1245;0.0;193
0;39;1245;0.03371141387401763;193
0;69;1245;0.03367575216519295;193
0;92;1245;0.0336091468523755;193
0;117;1245;0.03355308441693393;193
0;141;1245;0.033537983998387734;193
0;158;1245;0.03348396318339683;193
0;182;1245;0.03349063449474078;193
0;202;1245;0.03345943564288922;193
0;229;1245;0.033454673701584225;193
0;0;1225;0.0;194
0;25;1225;0.0;194
0;55;1225;0.03323845083700035;194
0;71;1225;0.03317299457039326;194
0;87;1225;0.03311839371395009;194
0;118;1225;0.03306417160438099;194
0;142;1225;0.03305299777516657;194
0;167;1225;0.03302533291195252;194
0;198;1225;0.033024218642051184;194
0;220;1225;0.032976315431161925;194
0;251;1225;0.032939422278913444;194
0;0;1180;0.0;195
0;25;1180;0.0;195
0;43;1180;0.03390721772826044;195
0;69;1180;0.03385395602743294;195
0;95;1180;0.033818744022858595;195
0;118;1180;0.03375949934280558;195
0;135;1180;0.033725565246195306;195
0;163;1180;0.03370901041949066;195
0;187;1180;0.03369336428350259;195
0;212;1180;0.03372194473784579;195
0;238;1180;0.033686183709506684;195
0;0;1201;0.0;196
0;21;1201;0.0;196
0;44;1201;0.03304103334750358;196
0;71;1201;0.033011922747353706;196
0;97;1201;0.03295633498235587;196
0;119;1201;0.03292862645396462;196
0;142;1201;0.03291861547087026;196
0;163;1201;0.03287640739242298;196
0;184;1201;0.03283801327252815;196
0;210;1201;0.032830901777823766;196
0;224;1201;0.03279884370518;196
0;0;1249;0.0;197
0;18;1249;0.0;197
0;41;1249;0.03397725410400276;197
0;68;1249;0.0339150847645554;197
0;89;1249;0.03388939988072447;197
0;112;1249;0.03386771976386189;197
0;135;1249;0.033823346322377885;197
0;164;1249;0.03379440016681159;197
0;186;1249;0.03376340045357365;197
0;221;1249;0.03378200210977573;197
0;249;1249;0.03376687110115788;197
0;0;1163;0.0;198
0;21;1163;0.0;198
0;49;1163;0.032832013577895204;198
0;73;1163;0.03275546035450651;198
0;91;1163;0.032718262878393745;198
0;119;1163;0.032710917554375135;198
0;145;1163;0.03265985181036227;198
0;171;1163;0.032592678343690375;198
0;197;1163;0.03259064179208783;198
0;212;1163;0.03254355667127542;198
0;230;1163;0.03250259267107079;198
0;0;1283;0.0;199
0;21;1283;0.0;199
0;49;1283;0.03300661200206346;199
0;71;1283;0.03295217892943409;199
0;91;1283;0.03290165106038228;199
0;111;1283;0.032854979579647656;199
0;141;1283;0.03284952197719741;199
0;169;1283;0.03282378399628777;199
0;194;1283;0.032781809964357554;199
0;227;1283;0.032792431283081985;199
0;252;1283;0.03272792315395588;199
